-- MariaDB dump 10.19  Distrib 10.6.11-MariaDB, for debian-linux-gnu (x86_64)
--
-- Host: 127.0.0.1    Database: passbolt
-- ------------------------------------------------------
-- Server version	10.3.37-MariaDB-1:10.3.37+maria~ubu2004

/*!40101 SET @OLD_CHARACTER_SET_CLIENT=@@CHARACTER_SET_CLIENT */;
/*!40101 SET @OLD_CHARACTER_SET_RESULTS=@@CHARACTER_SET_RESULTS */;
/*!40101 SET @OLD_COLLATION_CONNECTION=@@COLLATION_CONNECTION */;
/*!40101 SET NAMES utf8mb4 */;
/*!40103 SET @OLD_TIME_ZONE=@@TIME_ZONE */;
/*!40103 SET TIME_ZONE='+00:00' */;
/*!40014 SET @OLD_UNIQUE_CHECKS=@@UNIQUE_CHECKS, UNIQUE_CHECKS=0 */;
/*!40014 SET @OLD_FOREIGN_KEY_CHECKS=@@FOREIGN_KEY_CHECKS, FOREIGN_KEY_CHECKS=0 */;
/*!40101 SET @OLD_SQL_MODE=@@SQL_MODE, SQL_MODE='NO_AUTO_VALUE_ON_ZERO' */;
/*!40111 SET @OLD_SQL_NOTES=@@SQL_NOTES, SQL_NOTES=0 */;

--
-- Current Database: `passbolt`
--

CREATE DATABASE /*!32312 IF NOT EXISTS*/ `passbolt` /*!40100 DEFAULT CHARACTER SET utf8mb4 COLLATE utf8mb4_unicode_ci */;

USE `passbolt`;

--
-- Table structure for table `account_settings`
--

DROP TABLE IF EXISTS `account_settings`;
/*!40101 SET @saved_cs_client     = @@character_set_client */;
/*!40101 SET character_set_client = utf8 */;
CREATE TABLE `account_settings` (
  `id` char(36) CHARACTER SET ascii COLLATE ascii_general_ci NOT NULL,
  `user_id` char(36) CHARACTER SET ascii COLLATE ascii_general_ci NOT NULL,
  `property_id` char(36) CHARACTER SET ascii COLLATE ascii_general_ci NOT NULL,
  `property` varchar(256) NOT NULL,
  `value` text NOT NULL,
  `created` datetime DEFAULT NULL,
  `modified` datetime DEFAULT NULL,
  PRIMARY KEY (`id`),
  KEY `user_id` (`user_id`,`property_id`)
) ENGINE=InnoDB DEFAULT CHARSET=utf8mb4 COLLATE=utf8mb4_unicode_ci;
/*!40101 SET character_set_client = @saved_cs_client */;

--
-- Dumping data for table `account_settings`
--

LOCK TABLES `account_settings` WRITE;
/*!40000 ALTER TABLE `account_settings` DISABLE KEYS */;
INSERT INTO `account_settings` VALUES ('3a08975d-559b-4377-9056-379853523006','61a828cd-768f-4264-80de-326e594526f8','bfbdfc34-38e1-5027-9230-950d9338d064','theme','midgar','2022-12-22 22:20:53','2022-12-22 22:20:53'),('9ade41ce-028d-4e30-9ed8-a4c7c357e6cd','61a828cd-768f-4264-80de-326e594526f8','5a047a1d-8c40-587b-8f4a-31ec9fb4a3d1','locale','en-UK','2022-12-22 22:17:54','2022-12-22 22:17:54');
/*!40000 ALTER TABLE `account_settings` ENABLE KEYS */;
UNLOCK TABLES;

--
-- Table structure for table `action_logs`
--

DROP TABLE IF EXISTS `action_logs`;
/*!40101 SET @saved_cs_client     = @@character_set_client */;
/*!40101 SET character_set_client = utf8 */;
CREATE TABLE `action_logs` (
  `id` char(36) CHARACTER SET ascii COLLATE ascii_general_ci NOT NULL,
  `user_id` char(36) CHARACTER SET ascii COLLATE ascii_general_ci DEFAULT NULL,
  `action_id` char(36) CHARACTER SET ascii COLLATE ascii_general_ci NOT NULL,
  `context` varchar(255) NOT NULL,
  `status` int(1) NOT NULL,
  `created` datetime NOT NULL,
  PRIMARY KEY (`id`),
  KEY `id` (`id`),
  KEY `user_id` (`user_id`,`action_id`,`status`),
  KEY `action_id` (`action_id`),
  KEY `status` (`status`),
  KEY `action_id_2` (`action_id`,`status`),
  KEY `user_id_2` (`user_id`,`action_id`,`status`,`created`)
) ENGINE=InnoDB DEFAULT CHARSET=utf8mb4 COLLATE=utf8mb4_unicode_ci;
/*!40101 SET character_set_client = @saved_cs_client */;

--
-- Dumping data for table `action_logs`
--

LOCK TABLES `action_logs` WRITE;
/*!40000 ALTER TABLE `action_logs` DISABLE KEYS */;
INSERT INTO `action_logs` VALUES ('0016da6c-b760-46ee-b36d-00ffe5c737df','61a828cd-768f-4264-80de-326e594526f8','d77de180-4626-54dd-80fb-a095ecc22aac','GET /resource-types/a28a04cd-6f53-518a-967c-9963bf9cec51.json',1,'2022-12-22 22:33:27'),('007c23b5-6674-4303-ae83-b20c4f14499e','61a828cd-768f-4264-80de-326e594526f8','ad71952e-7842-599e-a19e-3a82e6974b23','GET /secrets/resource/184734ea-8be3-4f5a-ba6c-5f4b3c0603e8.json',1,'2023-01-06 10:23:45'),('00c17272-ab44-4363-a68b-c2959123d782','61a828cd-768f-4264-80de-326e594526f8','83bb8bd8-2006-5546-a3bb-9319ae6e8f9d','GET /resources/184734ea-8be3-4f5a-ba6c-5f4b3c0603e8.json',1,'2023-01-06 10:22:35'),('016ad80a-700f-4f14-993a-538608658a1e','61a828cd-768f-4264-80de-326e594526f8','ad71952e-7842-599e-a19e-3a82e6974b23','GET /secrets/resource/cec328ec-cb1f-48f6-be1e-1ca35fc3c62d.json',1,'2022-12-22 22:33:25'),('016ae9e6-6d42-4866-9ad7-d02ea2143ef3','61a828cd-768f-4264-80de-326e594526f8','ad71952e-7842-599e-a19e-3a82e6974b23','GET /secrets/resource/184734ea-8be3-4f5a-ba6c-5f4b3c0603e8.json',1,'2022-12-22 22:32:34'),('01dc2dae-c4ae-4384-9c12-ec1ab5db078f','61a828cd-768f-4264-80de-326e594526f8','ad71952e-7842-599e-a19e-3a82e6974b23','GET /secrets/resource/184734ea-8be3-4f5a-ba6c-5f4b3c0603e8.json',1,'2022-12-22 22:32:55'),('01e82937-50cd-4f40-b280-c21b516f719c','61a828cd-768f-4264-80de-326e594526f8','d77de180-4626-54dd-80fb-a095ecc22aac','GET /resource-types/a28a04cd-6f53-518a-967c-9963bf9cec51.json',1,'2022-12-22 22:32:37'),('01f19337-ee77-4dbd-a36d-ca2eefae3b19',NULL,'bef9f3ca-86ef-5c6a-9b38-320e03ceb5df','GET /settings.json',1,'2022-12-22 22:17:55'),('020f923b-913a-4b27-a300-afe1ffea4cf9','61a828cd-768f-4264-80de-326e594526f8','ad71952e-7842-599e-a19e-3a82e6974b23','GET /secrets/resource/cec328ec-cb1f-48f6-be1e-1ca35fc3c62d.json',1,'2022-12-22 22:33:04'),('0214f589-b9a4-440d-9981-f6a811aff038',NULL,'a3c19ad2-8920-5395-86d0-8567cb34f382','POST /auth/login.json',1,'2022-12-22 22:32:41'),('027f6a70-1c25-408a-808e-331639cf430e','61a828cd-768f-4264-80de-326e594526f8','c506210f-7866-5691-8fc1-58772e8f49f1','GET /resources.json',1,'2022-12-22 22:25:34'),('02be56a6-07c2-4c60-a263-76299a7ade90','61a828cd-768f-4264-80de-326e594526f8','c506210f-7866-5691-8fc1-58772e8f49f1','GET /resources.json',1,'2022-12-22 22:32:55'),('02c033c3-6fa6-4460-bd13-ad0eb4b76eac','61a828cd-768f-4264-80de-326e594526f8','d77de180-4626-54dd-80fb-a095ecc22aac','GET /resource-types/a28a04cd-6f53-518a-967c-9963bf9cec51.json',1,'2022-12-22 22:32:58'),('0304ab3d-d564-45dc-a30d-41fe95477abc','61a828cd-768f-4264-80de-326e594526f8','ad71952e-7842-599e-a19e-3a82e6974b23','GET /secrets/resource/cec328ec-cb1f-48f6-be1e-1ca35fc3c62d.json',1,'2022-12-22 22:32:40'),('0313d3cb-9e3b-4020-a285-3287291b0666','61a828cd-768f-4264-80de-326e594526f8','d77de180-4626-54dd-80fb-a095ecc22aac','GET /resource-types/a28a04cd-6f53-518a-967c-9963bf9cec51.json',1,'2022-12-22 22:32:37'),('0318b1e6-389f-48a1-bb96-d2167bf59cec',NULL,'a3c19ad2-8920-5395-86d0-8567cb34f382','POST /auth/login.json',1,'2022-12-22 22:33:08'),('034e1d34-90d6-4085-896c-2a3ce34e140f','61a828cd-768f-4264-80de-326e594526f8','d77de180-4626-54dd-80fb-a095ecc22aac','GET /resource-types/a28a04cd-6f53-518a-967c-9963bf9cec51.json',1,'2022-12-22 22:33:18'),('0365efbe-8897-4162-897f-5ae98f0547db','61a828cd-768f-4264-80de-326e594526f8','ad71952e-7842-599e-a19e-3a82e6974b23','GET /secrets/resource/184734ea-8be3-4f5a-ba6c-5f4b3c0603e8.json',1,'2022-12-22 22:32:38'),('0390572f-0245-48c8-829b-5705e6f5ba1e','61a828cd-768f-4264-80de-326e594526f8','ad71952e-7842-599e-a19e-3a82e6974b23','GET /secrets/resource/184734ea-8be3-4f5a-ba6c-5f4b3c0603e8.json',1,'2022-12-22 22:32:53'),('040a1528-7584-4726-aaf8-30ddbc417ee1','61a828cd-768f-4264-80de-326e594526f8','d77de180-4626-54dd-80fb-a095ecc22aac','GET /resource-types/a28a04cd-6f53-518a-967c-9963bf9cec51.json',1,'2022-12-22 22:32:38'),('0425f3ac-9347-40fd-8ea3-4b1f6111be48','61a828cd-768f-4264-80de-326e594526f8','a3c19ad2-8920-5395-86d0-8567cb34f382','POST /auth/login.json',1,'2023-01-06 10:22:34'),('0434dc7e-c94f-4ff0-a6fe-7661cf392514','61a828cd-768f-4264-80de-326e594526f8','1035f824-fe76-5a69-b02c-9aa60a31858c','GET /',1,'2022-12-22 22:17:55'),('045e4526-62ac-437b-9d56-d02f11810b69','61a828cd-768f-4264-80de-326e594526f8','ad71952e-7842-599e-a19e-3a82e6974b23','GET /secrets/resource/184734ea-8be3-4f5a-ba6c-5f4b3c0603e8.json',1,'2022-12-22 22:33:21'),('04a01df3-f9ed-491d-9b26-e9a2e397f563',NULL,'a3c19ad2-8920-5395-86d0-8567cb34f382','POST /auth/login.json',1,'2022-12-22 22:32:37'),('04abcb51-372f-4c5e-be4f-6c868ba8c004','61a828cd-768f-4264-80de-326e594526f8','83bb8bd8-2006-5546-a3bb-9319ae6e8f9d','GET /resources/184734ea-8be3-4f5a-ba6c-5f4b3c0603e8.json',1,'2022-12-22 22:33:10'),('04c94160-0f47-43d5-8c4d-42db9b50797f','61a828cd-768f-4264-80de-326e594526f8','d77de180-4626-54dd-80fb-a095ecc22aac','GET /resource-types/a28a04cd-6f53-518a-967c-9963bf9cec51.json',1,'2022-12-22 22:32:48'),('052481b8-8fe5-4d7b-bdd3-613be332603b',NULL,'a3c19ad2-8920-5395-86d0-8567cb34f382','POST /auth/login.json',1,'2023-01-11 08:28:59'),('054d01ba-1d6c-4691-9321-a34693a2d341','61a828cd-768f-4264-80de-326e594526f8','83bb8bd8-2006-5546-a3bb-9319ae6e8f9d','GET /resources/cec328ec-cb1f-48f6-be1e-1ca35fc3c62d.json',1,'2022-12-22 22:32:51'),('05668624-d679-47d8-8072-ecf4c66e389b','61a828cd-768f-4264-80de-326e594526f8','d77de180-4626-54dd-80fb-a095ecc22aac','GET /resource-types/a28a04cd-6f53-518a-967c-9963bf9cec51.json',1,'2022-12-22 22:33:30'),('05893b87-5767-4b3b-bcb1-060e8159d364','61a828cd-768f-4264-80de-326e594526f8','ad71952e-7842-599e-a19e-3a82e6974b23','GET /secrets/resource/cec328ec-cb1f-48f6-be1e-1ca35fc3c62d.json',1,'2022-12-22 22:32:55'),('05b5a31d-ffa2-4384-9ccb-c39acf59b254','61a828cd-768f-4264-80de-326e594526f8','83bb8bd8-2006-5546-a3bb-9319ae6e8f9d','GET /resources/184734ea-8be3-4f5a-ba6c-5f4b3c0603e8.json',1,'2022-12-22 22:32:42'),('05d14a25-36be-4dd2-9222-1e7280fee5be','61a828cd-768f-4264-80de-326e594526f8','ad71952e-7842-599e-a19e-3a82e6974b23','GET /secrets/resource/cec328ec-cb1f-48f6-be1e-1ca35fc3c62d.json',1,'2022-12-22 22:33:23'),('05d21cb5-f4b9-4cf6-8586-f2f677bc5172','61a828cd-768f-4264-80de-326e594526f8','d77de180-4626-54dd-80fb-a095ecc22aac','GET /resource-types/a28a04cd-6f53-518a-967c-9963bf9cec51.json',1,'2022-12-22 22:33:10'),('062734d7-2396-495b-a88b-52981f8b8ac4','61a828cd-768f-4264-80de-326e594526f8','ad71952e-7842-599e-a19e-3a82e6974b23','GET /secrets/resource/cec328ec-cb1f-48f6-be1e-1ca35fc3c62d.json',1,'2022-12-22 22:32:52'),('068760f7-87ea-4712-9e48-f0e2aca7a442','61a828cd-768f-4264-80de-326e594526f8','1035f824-fe76-5a69-b02c-9aa60a31858c','GET /app/users',1,'2022-12-22 22:24:33'),('06cba354-57b9-41d4-9077-ab08504e9ff9',NULL,'a3c19ad2-8920-5395-86d0-8567cb34f382','POST /auth/login.json',1,'2023-01-11 08:29:01'),('07345bd9-487a-4997-9868-86f31610c873','61a828cd-768f-4264-80de-326e594526f8','ad71952e-7842-599e-a19e-3a82e6974b23','GET /secrets/resource/184734ea-8be3-4f5a-ba6c-5f4b3c0603e8.json',1,'2022-12-22 22:32:40'),('079670ed-d308-4db7-9027-3e7507f8ec09','61a828cd-768f-4264-80de-326e594526f8','a3c19ad2-8920-5395-86d0-8567cb34f382','POST /auth/login.json',1,'2022-12-22 22:33:18'),('07c9e258-eeae-4bb4-ad02-0108b11a89a7','61a828cd-768f-4264-80de-326e594526f8','83bb8bd8-2006-5546-a3bb-9319ae6e8f9d','GET /resources/cec328ec-cb1f-48f6-be1e-1ca35fc3c62d.json',1,'2022-12-22 22:33:00'),('091b750c-3cd3-4f9e-ab60-879f6b42622a','61a828cd-768f-4264-80de-326e594526f8','83bb8bd8-2006-5546-a3bb-9319ae6e8f9d','GET /resources/cec328ec-cb1f-48f6-be1e-1ca35fc3c62d.json',1,'2022-12-22 22:32:33'),('09521849-7fd9-4743-b7c6-c4c58a0bdf4c','61a828cd-768f-4264-80de-326e594526f8','ad71952e-7842-599e-a19e-3a82e6974b23','GET /secrets/resource/cec328ec-cb1f-48f6-be1e-1ca35fc3c62d.json',1,'2022-12-22 22:33:30'),('096be282-b8f5-4505-a58d-a7f6bdd40ae4','61a828cd-768f-4264-80de-326e594526f8','a3c19ad2-8920-5395-86d0-8567cb34f382','POST /auth/login.json',1,'2022-12-22 22:32:48'),('097601d4-2257-4c65-aed7-ab5310ee9360','61a828cd-768f-4264-80de-326e594526f8','83bb8bd8-2006-5546-a3bb-9319ae6e8f9d','GET /resources/184734ea-8be3-4f5a-ba6c-5f4b3c0603e8.json',1,'2023-01-11 08:29:01'),('0991412d-854a-47e0-93a5-0f55705714ba','61a828cd-768f-4264-80de-326e594526f8','83bb8bd8-2006-5546-a3bb-9319ae6e8f9d','GET /resources/cec328ec-cb1f-48f6-be1e-1ca35fc3c62d.json',1,'2022-12-22 22:33:17'),('09a5e5a1-c93e-4b7a-bdd5-9d72e8e383ea','61a828cd-768f-4264-80de-326e594526f8','a3c19ad2-8920-5395-86d0-8567cb34f382','POST /auth/login.json',1,'2023-01-11 08:29:00'),('0a4500a2-b6f5-4207-ba2b-13042cfa3eb7','61a828cd-768f-4264-80de-326e594526f8','83bb8bd8-2006-5546-a3bb-9319ae6e8f9d','GET /resources/184734ea-8be3-4f5a-ba6c-5f4b3c0603e8.json',1,'2023-01-11 08:30:10'),('0a872768-b1e3-45f2-8238-4c13872ceb77','61a828cd-768f-4264-80de-326e594526f8','d77de180-4626-54dd-80fb-a095ecc22aac','GET /resource-types/a28a04cd-6f53-518a-967c-9963bf9cec51.json',1,'2022-12-22 22:33:00'),('0ad9ae49-b6df-40a0-8dd3-f8af915ac5e5','61a828cd-768f-4264-80de-326e594526f8','d77de180-4626-54dd-80fb-a095ecc22aac','GET /resource-types/a28a04cd-6f53-518a-967c-9963bf9cec51.json',1,'2022-12-22 22:32:36'),('0adcca8b-e025-47a4-9f72-1ccdbb332a24','61a828cd-768f-4264-80de-326e594526f8','ad71952e-7842-599e-a19e-3a82e6974b23','GET /secrets/resource/184734ea-8be3-4f5a-ba6c-5f4b3c0603e8.json',1,'2023-01-11 08:29:01'),('0b2b46a4-ef6b-4a26-93f0-528eaf0bc6df','61a828cd-768f-4264-80de-326e594526f8','a3c19ad2-8920-5395-86d0-8567cb34f382','POST /auth/login.json',1,'2022-12-22 22:32:34'),('0b3bcb96-78cc-4f86-bf39-c7b234b14bb8','61a828cd-768f-4264-80de-326e594526f8','d77de180-4626-54dd-80fb-a095ecc22aac','GET /resource-types/a28a04cd-6f53-518a-967c-9963bf9cec51.json',1,'2023-01-06 10:23:46'),('0b65be03-d67d-4a58-9dd3-70f45b410841','61a828cd-768f-4264-80de-326e594526f8','c506210f-7866-5691-8fc1-58772e8f49f1','GET /resources.json',1,'2023-01-11 08:29:01'),('0b968dc9-aaf7-4d0e-b3c5-6c7582265cf1','61a828cd-768f-4264-80de-326e594526f8','ad71952e-7842-599e-a19e-3a82e6974b23','GET /secrets/resource/184734ea-8be3-4f5a-ba6c-5f4b3c0603e8.json',1,'2022-12-22 22:33:00'),('0bbc0253-7f9d-40b7-a09a-ca938b15516c','61a828cd-768f-4264-80de-326e594526f8','ad71952e-7842-599e-a19e-3a82e6974b23','GET /secrets/resource/184734ea-8be3-4f5a-ba6c-5f4b3c0603e8.json',1,'2022-12-22 22:33:26'),('0bf1e4b5-6f36-4a28-8876-34a4e7e75df8','61a828cd-768f-4264-80de-326e594526f8','bef9f3ca-86ef-5c6a-9b38-320e03ceb5df','GET /settings.json',1,'2022-12-22 22:21:33'),('0c7631f2-9199-4199-b4df-1a5e7e2cc646','61a828cd-768f-4264-80de-326e594526f8','881ab948-e40f-5a72-91aa-54b442270029','GET /users/me.json',1,'2023-01-06 10:22:34'),('0cd16e5d-2dde-489c-a00a-cdeb071d3024','61a828cd-768f-4264-80de-326e594526f8','ad71952e-7842-599e-a19e-3a82e6974b23','GET /secrets/resource/184734ea-8be3-4f5a-ba6c-5f4b3c0603e8.json',1,'2022-12-22 22:33:20'),('0ce11085-e52a-42a3-8e51-6d9c89ca8835','61a828cd-768f-4264-80de-326e594526f8','d77de180-4626-54dd-80fb-a095ecc22aac','GET /resource-types/a28a04cd-6f53-518a-967c-9963bf9cec51.json',1,'2022-12-22 22:33:31'),('0d55f01e-42cf-499d-b852-74111ec2a6c4','61a828cd-768f-4264-80de-326e594526f8','ad71952e-7842-599e-a19e-3a82e6974b23','GET /secrets/resource/cec328ec-cb1f-48f6-be1e-1ca35fc3c62d.json',1,'2022-12-22 22:33:11'),('0d62ca1a-3b56-4137-95ca-a91914ecb077','61a828cd-768f-4264-80de-326e594526f8','83bb8bd8-2006-5546-a3bb-9319ae6e8f9d','GET /resources/184734ea-8be3-4f5a-ba6c-5f4b3c0603e8.json',1,'2022-12-22 22:32:41'),('0d7043f3-b150-422d-8514-9e7411237be4','61a828cd-768f-4264-80de-326e594526f8','83bb8bd8-2006-5546-a3bb-9319ae6e8f9d','GET /resources/184734ea-8be3-4f5a-ba6c-5f4b3c0603e8.json',1,'2022-12-22 22:33:22'),('0e0eac4d-305a-4b18-9d68-8a39e9c65efd','61a828cd-768f-4264-80de-326e594526f8','ad71952e-7842-599e-a19e-3a82e6974b23','GET /secrets/resource/cec328ec-cb1f-48f6-be1e-1ca35fc3c62d.json',1,'2022-12-22 22:33:14'),('0e65c8dd-5e67-4dec-83ea-e0a3b0bbaec4',NULL,'a3c19ad2-8920-5395-86d0-8567cb34f382','POST /auth/login.json',1,'2023-01-06 10:22:34'),('0e6618ab-cf85-4254-9214-18e89ccd42db','61a828cd-768f-4264-80de-326e594526f8','ad71952e-7842-599e-a19e-3a82e6974b23','GET /secrets/resource/cec328ec-cb1f-48f6-be1e-1ca35fc3c62d.json',1,'2022-12-22 22:33:29'),('0e8c3630-30e6-4497-b62c-97f2cd633794','61a828cd-768f-4264-80de-326e594526f8','83bb8bd8-2006-5546-a3bb-9319ae6e8f9d','GET /resources/cec328ec-cb1f-48f6-be1e-1ca35fc3c62d.json',1,'2022-12-22 22:33:04'),('0ebdfb03-5bbd-411f-892b-53059ef98bed','61a828cd-768f-4264-80de-326e594526f8','d77de180-4626-54dd-80fb-a095ecc22aac','GET /resource-types/a28a04cd-6f53-518a-967c-9963bf9cec51.json',1,'2022-12-22 22:33:25'),('0edcebaf-f1f9-4586-8bdf-8d0f9fa1aafb','61a828cd-768f-4264-80de-326e594526f8','ad71952e-7842-599e-a19e-3a82e6974b23','GET /secrets/resource/cec328ec-cb1f-48f6-be1e-1ca35fc3c62d.json',1,'2022-12-22 22:32:42'),('0f28acf5-b7c4-4e41-bc89-67b74d02ed43','61a828cd-768f-4264-80de-326e594526f8','c506210f-7866-5691-8fc1-58772e8f49f1','GET /resources.json',1,'2023-01-11 08:29:02'),('0f9b6520-0c2e-4a4e-8d19-d3b15ff3df50','61a828cd-768f-4264-80de-326e594526f8','3cffe6ef-ea4c-5bc3-869b-945f26e2601a','GET /groups.json',1,'2022-12-22 22:24:55'),('0fb16aee-9019-4e03-a044-a17956520149','61a828cd-768f-4264-80de-326e594526f8','d77de180-4626-54dd-80fb-a095ecc22aac','GET /resource-types/a28a04cd-6f53-518a-967c-9963bf9cec51.json',1,'2022-12-22 22:32:55'),('102e392d-1c96-4911-bcd5-dc0a8d5e9df8','61a828cd-768f-4264-80de-326e594526f8','83bb8bd8-2006-5546-a3bb-9319ae6e8f9d','GET /resources/cec328ec-cb1f-48f6-be1e-1ca35fc3c62d.json',1,'2022-12-22 22:32:58'),('1036cbdb-5ec4-4e84-a68a-4c6b8524cd77','61a828cd-768f-4264-80de-326e594526f8','d77de180-4626-54dd-80fb-a095ecc22aac','GET /resource-types/a28a04cd-6f53-518a-967c-9963bf9cec51.json',1,'2022-12-22 22:32:47'),('10e3c9bf-e878-4f1d-bf23-6a85d3e35f55','61a828cd-768f-4264-80de-326e594526f8','ad71952e-7842-599e-a19e-3a82e6974b23','GET /secrets/resource/cec328ec-cb1f-48f6-be1e-1ca35fc3c62d.json',1,'2022-12-22 22:33:01'),('10f9c52b-16f4-4169-9f50-6977a81531f3','61a828cd-768f-4264-80de-326e594526f8','ad71952e-7842-599e-a19e-3a82e6974b23','GET /secrets/resource/184734ea-8be3-4f5a-ba6c-5f4b3c0603e8.json',1,'2022-12-22 22:33:23'),('11b48ef5-3c67-4d8f-8dad-3b41da33cf72','61a828cd-768f-4264-80de-326e594526f8','ad71952e-7842-599e-a19e-3a82e6974b23','GET /secrets/resource/cec328ec-cb1f-48f6-be1e-1ca35fc3c62d.json',1,'2022-12-22 22:32:45'),('12c7943c-eba2-4878-b37f-29e7d9b36912','61a828cd-768f-4264-80de-326e594526f8','881ab948-e40f-5a72-91aa-54b442270029','GET /users/61a828cd-768f-4264-80de-326e594526f8.json',1,'2022-12-22 22:24:33'),('1318eae5-f0ce-49f0-978f-8e95a71813ee',NULL,'a3c19ad2-8920-5395-86d0-8567cb34f382','POST /auth/login.json',1,'2022-12-22 22:32:45'),('139c7265-9283-4df7-930a-2364b8d56d9f','61a828cd-768f-4264-80de-326e594526f8','d77de180-4626-54dd-80fb-a095ecc22aac','GET /resource-types/a28a04cd-6f53-518a-967c-9963bf9cec51.json',1,'2023-01-06 10:22:36'),('13abc83a-62bf-4d18-a754-12fc8b960cc0','61a828cd-768f-4264-80de-326e594526f8','c506210f-7866-5691-8fc1-58772e8f49f1','GET /resources.json',1,'2022-12-22 22:33:21'),('13d453ce-89b8-43b2-acc2-2ca8e80d4135','61a828cd-768f-4264-80de-326e594526f8','d77de180-4626-54dd-80fb-a095ecc22aac','GET /resource-types/a28a04cd-6f53-518a-967c-9963bf9cec51.json',1,'2022-12-22 22:32:45'),('13e1069c-c2b9-4781-aa30-8abc41880acd','61a828cd-768f-4264-80de-326e594526f8','d77de180-4626-54dd-80fb-a095ecc22aac','GET /resource-types/a28a04cd-6f53-518a-967c-9963bf9cec51.json',1,'2022-12-22 22:33:04'),('144594e6-98a0-4660-8ec8-35018df11a78','61a828cd-768f-4264-80de-326e594526f8','83bb8bd8-2006-5546-a3bb-9319ae6e8f9d','GET /resources/cec328ec-cb1f-48f6-be1e-1ca35fc3c62d.json',1,'2022-12-22 22:33:09'),('15187751-d2b6-418b-9218-f752f7ef69c4','61a828cd-768f-4264-80de-326e594526f8','d77de180-4626-54dd-80fb-a095ecc22aac','GET /resource-types/a28a04cd-6f53-518a-967c-9963bf9cec51.json',1,'2022-12-22 22:32:39'),('156a9e55-4e10-4d98-b68a-bc5dc66a84ff','61a828cd-768f-4264-80de-326e594526f8','881ab948-e40f-5a72-91aa-54b442270029','GET /users/me.json',1,'2022-12-22 22:32:54'),('15c47531-dd15-4d1f-a22b-0f1271485650','61a828cd-768f-4264-80de-326e594526f8','83bb8bd8-2006-5546-a3bb-9319ae6e8f9d','GET /resources/cec328ec-cb1f-48f6-be1e-1ca35fc3c62d.json',1,'2022-12-22 22:33:20'),('15c6c0a2-395e-4ae9-ba7d-82fc566b6a67',NULL,'bef9f3ca-86ef-5c6a-9b38-320e03ceb5df','GET /settings.json',1,'2023-01-11 08:56:52'),('15d3072f-eaeb-48ac-b9e7-3d4e41eba788',NULL,'bef9f3ca-86ef-5c6a-9b38-320e03ceb5df','GET /settings.json',1,'2023-01-11 08:56:40'),('16ec0968-bf6b-4f98-bbc5-da65d2b8cda0','61a828cd-768f-4264-80de-326e594526f8','ad71952e-7842-599e-a19e-3a82e6974b23','GET /secrets/resource/cec328ec-cb1f-48f6-be1e-1ca35fc3c62d.json',1,'2022-12-22 22:33:17'),('1703e4ee-57d5-42d3-8419-6b1153fabcbc',NULL,'a3c19ad2-8920-5395-86d0-8567cb34f382','POST /auth/login.json',1,'2022-12-22 22:33:00'),('174b2134-e6b4-46d7-bef8-6372ab0eee8d','61a828cd-768f-4264-80de-326e594526f8','d7bc9044-a64e-5421-a4d7-7a94eaa39d37','GET /users.json',1,'2022-12-22 22:24:33'),('175f7cf1-fdbf-4813-8513-a5b84cebd427','61a828cd-768f-4264-80de-326e594526f8','ad71952e-7842-599e-a19e-3a82e6974b23','GET /secrets/resource/184734ea-8be3-4f5a-ba6c-5f4b3c0603e8.json',1,'2022-12-22 22:32:36'),('17720b6e-3a49-4fde-9f42-0a61ad9b90f6','61a828cd-768f-4264-80de-326e594526f8','83bb8bd8-2006-5546-a3bb-9319ae6e8f9d','GET /resources/cec328ec-cb1f-48f6-be1e-1ca35fc3c62d.json',1,'2022-12-22 22:32:35'),('17bb1beb-fc8c-41a9-a12d-1365f1a5bc69','61a828cd-768f-4264-80de-326e594526f8','d77de180-4626-54dd-80fb-a095ecc22aac','GET /resource-types/a28a04cd-6f53-518a-967c-9963bf9cec51.json',1,'2022-12-22 22:33:03'),('17da8549-fe65-474f-8ca5-cd7bca9d46d1','61a828cd-768f-4264-80de-326e594526f8','83bb8bd8-2006-5546-a3bb-9319ae6e8f9d','GET /resources/cec328ec-cb1f-48f6-be1e-1ca35fc3c62d.json',1,'2022-12-22 22:33:29'),('18350518-fe75-4571-8e64-5a33c5b0fa8e','61a828cd-768f-4264-80de-326e594526f8','d77de180-4626-54dd-80fb-a095ecc22aac','GET /resource-types/a28a04cd-6f53-518a-967c-9963bf9cec51.json',1,'2022-12-22 22:32:55'),('183545a1-66e7-48a0-9abd-2c9cc05fc4b1','61a828cd-768f-4264-80de-326e594526f8','83bb8bd8-2006-5546-a3bb-9319ae6e8f9d','GET /resources/184734ea-8be3-4f5a-ba6c-5f4b3c0603e8.json',1,'2022-12-22 22:32:56'),('1856e40f-c3dd-41dc-8038-395dae7c111f','61a828cd-768f-4264-80de-326e594526f8','83bb8bd8-2006-5546-a3bb-9319ae6e8f9d','GET /resources/cec328ec-cb1f-48f6-be1e-1ca35fc3c62d.json',1,'2022-12-22 22:32:58'),('186bd028-0a5c-4e0f-9426-5640d748b7d9','61a828cd-768f-4264-80de-326e594526f8','d77de180-4626-54dd-80fb-a095ecc22aac','GET /resource-types/a28a04cd-6f53-518a-967c-9963bf9cec51.json',1,'2022-12-22 22:32:37'),('188a0760-e4f0-4830-bb0f-28a9decffbcb',NULL,'a3c19ad2-8920-5395-86d0-8567cb34f382','POST /auth/login.json',1,'2022-12-22 22:32:48'),('19241f91-28ea-4084-ace1-9c97ea7c6bbc','61a828cd-768f-4264-80de-326e594526f8','ad71952e-7842-599e-a19e-3a82e6974b23','GET /secrets/resource/cec328ec-cb1f-48f6-be1e-1ca35fc3c62d.json',1,'2022-12-22 22:33:22'),('193755b6-c1d1-4fc7-912c-d6b792264d75','61a828cd-768f-4264-80de-326e594526f8','83bb8bd8-2006-5546-a3bb-9319ae6e8f9d','GET /resources/cec328ec-cb1f-48f6-be1e-1ca35fc3c62d.json',1,'2022-12-22 22:32:46'),('196b3b87-8ff3-4d1e-9e26-c795548ab8f2','61a828cd-768f-4264-80de-326e594526f8','83bb8bd8-2006-5546-a3bb-9319ae6e8f9d','GET /resources/184734ea-8be3-4f5a-ba6c-5f4b3c0603e8.json',1,'2022-12-22 22:32:44'),('197f6eb4-30ee-4a9f-9702-b5db1b4188fa','61a828cd-768f-4264-80de-326e594526f8','ad71952e-7842-599e-a19e-3a82e6974b23','GET /secrets/resource/cec328ec-cb1f-48f6-be1e-1ca35fc3c62d.json',1,'2022-12-22 22:32:54'),('19c67986-04de-48d4-8a41-a245de54eceb','61a828cd-768f-4264-80de-326e594526f8','d77de180-4626-54dd-80fb-a095ecc22aac','GET /resource-types/a28a04cd-6f53-518a-967c-9963bf9cec51.json',1,'2022-12-22 22:32:37'),('19f389ef-bf03-403d-9ebb-6047f9d315d1','61a828cd-768f-4264-80de-326e594526f8','d77de180-4626-54dd-80fb-a095ecc22aac','GET /resource-types/a28a04cd-6f53-518a-967c-9963bf9cec51.json',1,'2022-12-22 22:33:24'),('1a1ef3d0-6801-4efc-89c3-196ca220f12a','61a828cd-768f-4264-80de-326e594526f8','83bb8bd8-2006-5546-a3bb-9319ae6e8f9d','GET /resources/184734ea-8be3-4f5a-ba6c-5f4b3c0603e8.json',1,'2022-12-22 22:32:33'),('1a35e384-b20b-4a39-80ce-8e492d00af21','61a828cd-768f-4264-80de-326e594526f8','83bb8bd8-2006-5546-a3bb-9319ae6e8f9d','GET /resources/cec328ec-cb1f-48f6-be1e-1ca35fc3c62d.json',1,'2022-12-22 22:32:43'),('1a427dd5-1c55-475b-ba0f-0874cdf240ae','61a828cd-768f-4264-80de-326e594526f8','c506210f-7866-5691-8fc1-58772e8f49f1','GET /resources.json',1,'2022-12-22 22:28:08'),('1a503fb7-d5e2-4992-833b-45c048287c3e','61a828cd-768f-4264-80de-326e594526f8','ad71952e-7842-599e-a19e-3a82e6974b23','GET /secrets/resource/cec328ec-cb1f-48f6-be1e-1ca35fc3c62d.json',1,'2022-12-22 22:32:49'),('1a688257-b128-4b8d-b104-c3565f8f8674','61a828cd-768f-4264-80de-326e594526f8','53da54b1-9576-52ab-a11f-b2265b5aa455','GET /smtp/settings.json',1,'2022-12-22 22:23:45'),('1b2ec69c-7009-4caf-ab37-edfe200dab1e','61a828cd-768f-4264-80de-326e594526f8','d77de180-4626-54dd-80fb-a095ecc22aac','GET /resource-types/a28a04cd-6f53-518a-967c-9963bf9cec51.json',1,'2022-12-22 22:32:51'),('1b318ef0-5bdb-44e4-88a6-96ad59e9d144','61a828cd-768f-4264-80de-326e594526f8','83bb8bd8-2006-5546-a3bb-9319ae6e8f9d','GET /resources/184734ea-8be3-4f5a-ba6c-5f4b3c0603e8.json',1,'2022-12-22 22:33:12'),('1ba6b1ac-605f-4d12-a178-eabd6c4c33c8','61a828cd-768f-4264-80de-326e594526f8','ad71952e-7842-599e-a19e-3a82e6974b23','GET /secrets/resource/184734ea-8be3-4f5a-ba6c-5f4b3c0603e8.json',1,'2022-12-22 22:32:44'),('1c2c14b8-c03e-49ae-bff8-b045a28ecbc6','61a828cd-768f-4264-80de-326e594526f8','83bb8bd8-2006-5546-a3bb-9319ae6e8f9d','GET /resources/cec328ec-cb1f-48f6-be1e-1ca35fc3c62d.json',1,'2022-12-22 22:32:42'),('1c57ec78-d01a-441f-a4db-9d3b574d4ed1',NULL,'caea12fd-e0f8-5d68-aa19-d7b25119740e','GET /users/csrf-token.json',1,'2023-01-13 11:59:33'),('1c86e5d0-02e6-4348-8f64-8704fd818225','61a828cd-768f-4264-80de-326e594526f8','bef9f3ca-86ef-5c6a-9b38-320e03ceb5df','GET /settings.json',1,'2022-12-22 22:17:55'),('1c8b4754-9bec-4f30-8f49-9ff22461ba23','61a828cd-768f-4264-80de-326e594526f8','a3c19ad2-8920-5395-86d0-8567cb34f382','POST /auth/login.json',1,'2023-01-06 10:22:28'),('1ccdbd2f-3c9b-43fa-8855-ca5680b6f81b',NULL,'bef9f3ca-86ef-5c6a-9b38-320e03ceb5df','GET /settings.json',1,'2023-01-17 09:52:41'),('1ce15e05-c540-41e0-9267-9f94ebcfc18e','61a828cd-768f-4264-80de-326e594526f8','ad71952e-7842-599e-a19e-3a82e6974b23','GET /secrets/resource/184734ea-8be3-4f5a-ba6c-5f4b3c0603e8.json',1,'2023-01-06 10:22:35'),('1cf2d467-d439-41d9-bbcc-d33045225039',NULL,'bef9f3ca-86ef-5c6a-9b38-320e03ceb5df','GET /settings.json',1,'2023-01-16 15:39:25'),('1d41abdd-5279-4528-8fb5-0ccb70528270','61a828cd-768f-4264-80de-326e594526f8','d77de180-4626-54dd-80fb-a095ecc22aac','GET /resource-types/a28a04cd-6f53-518a-967c-9963bf9cec51.json',1,'2022-12-22 22:33:02'),('1d5f4534-7717-4b65-9873-7530efb4b663',NULL,'17b8a54b-8069-586a-8ca2-7e7569b28e08','GET /img/logo/logo.svg',0,'2023-01-05 16:21:05'),('1e27c1c9-a07b-46dc-af92-e12de1b52f93','61a828cd-768f-4264-80de-326e594526f8','ad71952e-7842-599e-a19e-3a82e6974b23','GET /secrets/resource/184734ea-8be3-4f5a-ba6c-5f4b3c0603e8.json',1,'2022-12-22 22:32:50'),('1e6dea26-2ee4-4572-a15b-f0467a696f15','61a828cd-768f-4264-80de-326e594526f8','a3c19ad2-8920-5395-86d0-8567cb34f382','POST /auth/login.json',1,'2022-12-22 22:32:56'),('1f47a10c-7b5b-462e-b132-42e42e9fd797','61a828cd-768f-4264-80de-326e594526f8','d77de180-4626-54dd-80fb-a095ecc22aac','GET /resource-types/a28a04cd-6f53-518a-967c-9963bf9cec51.json',1,'2022-12-22 22:33:24'),('1f85f5e8-17d0-4a93-8c7a-c636baf77f20','61a828cd-768f-4264-80de-326e594526f8','83bb8bd8-2006-5546-a3bb-9319ae6e8f9d','GET /resources/184734ea-8be3-4f5a-ba6c-5f4b3c0603e8.json',1,'2022-12-22 22:32:38'),('1f977d7c-7038-4ec2-a15f-60dad0b8f61b','61a828cd-768f-4264-80de-326e594526f8','9b473b19-0e3e-5efb-be19-8a1719843762','GET /account/settings.json',1,'2022-12-22 22:21:33'),('1f9f5025-a1cb-41b7-9d87-4576144264d1','61a828cd-768f-4264-80de-326e594526f8','83bb8bd8-2006-5546-a3bb-9319ae6e8f9d','GET /resources/cec328ec-cb1f-48f6-be1e-1ca35fc3c62d.json',1,'2022-12-22 22:32:46'),('1fb5dc35-3054-4620-97a9-1e59b371fa77','61a828cd-768f-4264-80de-326e594526f8','ad71952e-7842-599e-a19e-3a82e6974b23','GET /secrets/resource/cec328ec-cb1f-48f6-be1e-1ca35fc3c62d.json',1,'2022-12-22 22:32:59'),('1fc7e3cf-1983-423f-aedd-558980fe052e','61a828cd-768f-4264-80de-326e594526f8','83bb8bd8-2006-5546-a3bb-9319ae6e8f9d','GET /resources/184734ea-8be3-4f5a-ba6c-5f4b3c0603e8.json',1,'2022-12-22 22:32:44'),('1febd41e-14a1-4c59-b385-5396b6435ad5','61a828cd-768f-4264-80de-326e594526f8','d77de180-4626-54dd-80fb-a095ecc22aac','GET /resource-types/a28a04cd-6f53-518a-967c-9963bf9cec51.json',1,'2022-12-22 22:33:12'),('214388f9-2ac4-4070-83ba-c777f78186a8','61a828cd-768f-4264-80de-326e594526f8','ad71952e-7842-599e-a19e-3a82e6974b23','GET /secrets/resource/184734ea-8be3-4f5a-ba6c-5f4b3c0603e8.json',1,'2022-12-22 22:33:24'),('21de81a6-cedd-4f94-9904-b32771b11614','61a828cd-768f-4264-80de-326e594526f8','d7bc9044-a64e-5421-a4d7-7a94eaa39d37','GET /users.json',1,'2022-12-22 22:24:55'),('21f60cd1-9e39-4d11-9e7c-4b242191e856','61a828cd-768f-4264-80de-326e594526f8','83bb8bd8-2006-5546-a3bb-9319ae6e8f9d','GET /resources/184734ea-8be3-4f5a-ba6c-5f4b3c0603e8.json',1,'2022-12-22 22:33:06'),('222b3acd-c9da-4392-ab7e-06f0be6efc40','61a828cd-768f-4264-80de-326e594526f8','83bb8bd8-2006-5546-a3bb-9319ae6e8f9d','GET /resources/184734ea-8be3-4f5a-ba6c-5f4b3c0603e8.json',1,'2023-01-06 10:23:46'),('224205e0-f36f-495a-99fb-0a66e76566ac','61a828cd-768f-4264-80de-326e594526f8','3cffe6ef-ea4c-5bc3-869b-945f26e2601a','GET /groups.json',1,'2022-12-22 22:24:33'),('22bb8a32-78bb-4852-af3f-659b5e89cbb8','61a828cd-768f-4264-80de-326e594526f8','53da54b1-9576-52ab-a11f-b2265b5aa455','GET /smtp/settings.json',1,'2022-12-22 22:24:53'),('230d3f9f-de5d-4850-a430-525990241df5','61a828cd-768f-4264-80de-326e594526f8','a3c19ad2-8920-5395-86d0-8567cb34f382','POST /auth/login.json',1,'2022-12-22 22:32:45'),('23315f8d-6d13-4f42-af52-788620e2d7f4',NULL,'a3c19ad2-8920-5395-86d0-8567cb34f382','POST /auth/login.json',1,'2022-12-22 22:32:54'),('2345e6a3-24f0-4dce-82ad-62ba67f566b6','61a828cd-768f-4264-80de-326e594526f8','83bb8bd8-2006-5546-a3bb-9319ae6e8f9d','GET /resources/cec328ec-cb1f-48f6-be1e-1ca35fc3c62d.json',1,'2022-12-22 22:33:12'),('23c6accb-7e2e-458b-a62a-9755ba1a9c31','61a828cd-768f-4264-80de-326e594526f8','d77de180-4626-54dd-80fb-a095ecc22aac','GET /resource-types/a28a04cd-6f53-518a-967c-9963bf9cec51.json',1,'2022-12-22 22:33:07'),('24058ea7-067c-423a-85d8-f37b75831396','61a828cd-768f-4264-80de-326e594526f8','83bb8bd8-2006-5546-a3bb-9319ae6e8f9d','GET /resources/184734ea-8be3-4f5a-ba6c-5f4b3c0603e8.json',1,'2022-12-22 22:32:40'),('244454f5-b433-49a3-8995-c10066c751e2','61a828cd-768f-4264-80de-326e594526f8','c506210f-7866-5691-8fc1-58772e8f49f1','GET /resources.json',1,'2022-12-22 22:17:55'),('245dd8a1-02af-4f2a-b299-0939880b0fd6','61a828cd-768f-4264-80de-326e594526f8','3cffe6ef-ea4c-5bc3-869b-945f26e2601a','GET /groups.json',1,'2022-12-22 22:25:19'),('2470870a-507a-4f9c-8fc8-e14ca97680a6','61a828cd-768f-4264-80de-326e594526f8','ad71952e-7842-599e-a19e-3a82e6974b23','GET /secrets/resource/cec328ec-cb1f-48f6-be1e-1ca35fc3c62d.json',1,'2022-12-22 22:33:29'),('249f8f78-e863-420b-9180-c49fe7ffc25d','61a828cd-768f-4264-80de-326e594526f8','ad71952e-7842-599e-a19e-3a82e6974b23','GET /secrets/resource/184734ea-8be3-4f5a-ba6c-5f4b3c0603e8.json',1,'2023-01-06 10:23:45'),('24c107c9-06ea-4d5d-be29-afb3d5e95fc2','61a828cd-768f-4264-80de-326e594526f8','bef9f3ca-86ef-5c6a-9b38-320e03ceb5df','GET /settings.json',1,'2022-12-22 22:17:57'),('24d010ff-ff0b-45ff-8413-75f96e55d037','61a828cd-768f-4264-80de-326e594526f8','83bb8bd8-2006-5546-a3bb-9319ae6e8f9d','GET /resources/cec328ec-cb1f-48f6-be1e-1ca35fc3c62d.json',1,'2022-12-22 22:32:52'),('24fe5338-da1c-49ab-9eb8-eb4579e39260','61a828cd-768f-4264-80de-326e594526f8','83bb8bd8-2006-5546-a3bb-9319ae6e8f9d','GET /resources/184734ea-8be3-4f5a-ba6c-5f4b3c0603e8.json',1,'2022-12-22 22:33:21'),('2576c887-8961-4c2a-9a1a-82b8a5a18cd1','61a828cd-768f-4264-80de-326e594526f8','83bb8bd8-2006-5546-a3bb-9319ae6e8f9d','GET /resources/184734ea-8be3-4f5a-ba6c-5f4b3c0603e8.json',1,'2023-01-11 08:30:10'),('26c17420-444e-43e9-8119-8ce9de2da088','61a828cd-768f-4264-80de-326e594526f8','d77de180-4626-54dd-80fb-a095ecc22aac','GET /resource-types/a28a04cd-6f53-518a-967c-9963bf9cec51.json',1,'2022-12-22 22:32:51'),('27031e4b-5d02-475a-b3f2-406034a971ae','61a828cd-768f-4264-80de-326e594526f8','ad71952e-7842-599e-a19e-3a82e6974b23','GET /secrets/resource/cec328ec-cb1f-48f6-be1e-1ca35fc3c62d.json',1,'2022-12-22 22:33:12'),('278753bc-d007-456a-84f1-9bc06542ef3f',NULL,'bef9f3ca-86ef-5c6a-9b38-320e03ceb5df','GET /settings.json',1,'2023-01-11 08:56:39'),('2795358d-037a-4155-aaf8-d671fc61402b','61a828cd-768f-4264-80de-326e594526f8','83bb8bd8-2006-5546-a3bb-9319ae6e8f9d','GET /resources/184734ea-8be3-4f5a-ba6c-5f4b3c0603e8.json',1,'2022-12-22 22:33:05'),('27d9f7c6-e846-4a08-a42a-86e9e2808480','61a828cd-768f-4264-80de-326e594526f8','ad71952e-7842-599e-a19e-3a82e6974b23','GET /secrets/resource/cec328ec-cb1f-48f6-be1e-1ca35fc3c62d.json',1,'2022-12-22 22:33:01'),('282fcf6c-c263-41cb-8171-9b51daf01452','61a828cd-768f-4264-80de-326e594526f8','d77de180-4626-54dd-80fb-a095ecc22aac','GET /resource-types/a28a04cd-6f53-518a-967c-9963bf9cec51.json',1,'2022-12-22 22:33:23'),('284dc31a-29c7-446c-aab9-60e67718241c','61a828cd-768f-4264-80de-326e594526f8','c506210f-7866-5691-8fc1-58772e8f49f1','GET /resources.json',1,'2022-12-22 22:33:20'),('285ae05d-5041-4af6-9565-6bbb492171a7','61a828cd-768f-4264-80de-326e594526f8','ad71952e-7842-599e-a19e-3a82e6974b23','GET /secrets/resource/184734ea-8be3-4f5a-ba6c-5f4b3c0603e8.json',1,'2022-12-22 22:32:33'),('28afdf59-925a-49f4-9e77-b991ad6c7ee8','61a828cd-768f-4264-80de-326e594526f8','a3c19ad2-8920-5395-86d0-8567cb34f382','POST /auth/login.json',1,'2022-12-22 22:32:39'),('28b969d3-c43d-4ece-8e43-202d97437d72','61a828cd-768f-4264-80de-326e594526f8','83bb8bd8-2006-5546-a3bb-9319ae6e8f9d','GET /resources/cec328ec-cb1f-48f6-be1e-1ca35fc3c62d.json',1,'2022-12-22 22:33:23'),('28d9b8ec-e405-4288-8893-2cee66e6e970','61a828cd-768f-4264-80de-326e594526f8','83bb8bd8-2006-5546-a3bb-9319ae6e8f9d','GET /resources/cec328ec-cb1f-48f6-be1e-1ca35fc3c62d.json',1,'2022-12-22 22:33:20'),('28e1d1c9-bb3b-49d4-bb74-b3d315726c40','61a828cd-768f-4264-80de-326e594526f8','d77de180-4626-54dd-80fb-a095ecc22aac','GET /resource-types/a28a04cd-6f53-518a-967c-9963bf9cec51.json',1,'2022-12-22 22:33:15'),('2930547f-757b-42f7-bba8-eb6c52225a2f','61a828cd-768f-4264-80de-326e594526f8','83bb8bd8-2006-5546-a3bb-9319ae6e8f9d','GET /resources/184734ea-8be3-4f5a-ba6c-5f4b3c0603e8.json',1,'2022-12-22 22:33:21'),('29347ca0-32ad-40ec-9d55-9860e7152108','61a828cd-768f-4264-80de-326e594526f8','d77de180-4626-54dd-80fb-a095ecc22aac','GET /resource-types/a28a04cd-6f53-518a-967c-9963bf9cec51.json',1,'2022-12-22 22:33:20'),('29363335-593e-4833-8319-1116648714a5',NULL,'17b8a54b-8069-586a-8ca2-7e7569b28e08','GET /img/logo/logo_white.svg',0,'2022-12-22 22:24:53'),('294598f3-1445-4571-936c-993d625986af','61a828cd-768f-4264-80de-326e594526f8','3cffe6ef-ea4c-5bc3-869b-945f26e2601a','GET /groups.json',1,'2022-12-22 22:24:45'),('29495cfb-3857-4dca-bd77-fb4d63231b94','61a828cd-768f-4264-80de-326e594526f8','83bb8bd8-2006-5546-a3bb-9319ae6e8f9d','GET /resources/184734ea-8be3-4f5a-ba6c-5f4b3c0603e8.json',1,'2022-12-22 22:33:24'),('29781af6-952f-4a92-ae95-dd83e008460c',NULL,'a3c19ad2-8920-5395-86d0-8567cb34f382','POST /auth/login.json',1,'2022-12-22 22:33:01'),('29cb2f84-c1f1-44c9-b87a-4f6d9cb530c7','61a828cd-768f-4264-80de-326e594526f8','83bb8bd8-2006-5546-a3bb-9319ae6e8f9d','GET /resources/184734ea-8be3-4f5a-ba6c-5f4b3c0603e8.json',1,'2022-12-22 22:33:27'),('29ef99dd-8d5e-4c4e-b698-28baaa43ac63','61a828cd-768f-4264-80de-326e594526f8','ad71952e-7842-599e-a19e-3a82e6974b23','GET /secrets/resource/184734ea-8be3-4f5a-ba6c-5f4b3c0603e8.json',1,'2022-12-22 22:33:08'),('2a3c8d7f-489a-43b6-b873-d0ecfc2a7763','61a828cd-768f-4264-80de-326e594526f8','83bb8bd8-2006-5546-a3bb-9319ae6e8f9d','GET /resources/cec328ec-cb1f-48f6-be1e-1ca35fc3c62d.json',1,'2022-12-22 22:32:38'),('2ab9e919-613c-4743-8067-2d17e165202e','61a828cd-768f-4264-80de-326e594526f8','d77de180-4626-54dd-80fb-a095ecc22aac','GET /resource-types/a28a04cd-6f53-518a-967c-9963bf9cec51.json',1,'2022-12-22 22:33:30'),('2b3af115-df04-486f-a2ff-a279ea85963c','61a828cd-768f-4264-80de-326e594526f8','83bb8bd8-2006-5546-a3bb-9319ae6e8f9d','GET /resources/cec328ec-cb1f-48f6-be1e-1ca35fc3c62d.json',1,'2022-12-22 22:32:54'),('2b6d9587-dfde-4a12-94d4-cc788e03bc97','61a828cd-768f-4264-80de-326e594526f8','ad71952e-7842-599e-a19e-3a82e6974b23','GET /secrets/resource/cec328ec-cb1f-48f6-be1e-1ca35fc3c62d.json',1,'2022-12-22 22:33:30'),('2b768481-acec-4153-b421-9b1e824c8279','61a828cd-768f-4264-80de-326e594526f8','ad71952e-7842-599e-a19e-3a82e6974b23','GET /secrets/resource/cec328ec-cb1f-48f6-be1e-1ca35fc3c62d.json',1,'2022-12-22 22:33:07'),('2b7f65f8-2198-4f38-975b-ebef2e46d3ba','61a828cd-768f-4264-80de-326e594526f8','83bb8bd8-2006-5546-a3bb-9319ae6e8f9d','GET /resources/cec328ec-cb1f-48f6-be1e-1ca35fc3c62d.json',1,'2022-12-22 22:33:11'),('2c653485-1ce2-4ae2-af51-2215f822eb24','61a828cd-768f-4264-80de-326e594526f8','d77de180-4626-54dd-80fb-a095ecc22aac','GET /resource-types/a28a04cd-6f53-518a-967c-9963bf9cec51.json',1,'2022-12-22 22:32:55'),('2c89625e-665b-4ae0-9184-face42255250','61a828cd-768f-4264-80de-326e594526f8','881ab948-e40f-5a72-91aa-54b442270029','GET /users/me.json',1,'2022-12-22 22:32:59'),('2c8df7a5-3162-4fa8-bb77-8c97622a8cff','61a828cd-768f-4264-80de-326e594526f8','d77de180-4626-54dd-80fb-a095ecc22aac','GET /resource-types/a28a04cd-6f53-518a-967c-9963bf9cec51.json',1,'2022-12-22 22:33:16'),('2c99884e-6877-4208-9e61-6e07c81b9b3e','61a828cd-768f-4264-80de-326e594526f8','6f53faec-0c9e-5321-ac78-543e1001f7b1','POST /setup/complete/61a828cd-768f-4264-80de-326e594526f8',1,'2022-12-22 22:17:54'),('2cadb7e0-35a0-409d-9959-6989dee07891','61a828cd-768f-4264-80de-326e594526f8','d77de180-4626-54dd-80fb-a095ecc22aac','GET /resource-types/a28a04cd-6f53-518a-967c-9963bf9cec51.json',1,'2022-12-22 22:33:01'),('2cc01644-0d66-4bf4-8441-15745d8ea219','61a828cd-768f-4264-80de-326e594526f8','d77de180-4626-54dd-80fb-a095ecc22aac','GET /resource-types/a28a04cd-6f53-518a-967c-9963bf9cec51.json',1,'2022-12-22 22:32:33'),('2d059176-60ef-4f41-b2db-ac5c576497a1','61a828cd-768f-4264-80de-326e594526f8','d77de180-4626-54dd-80fb-a095ecc22aac','GET /resource-types/a28a04cd-6f53-518a-967c-9963bf9cec51.json',1,'2022-12-22 22:32:46'),('2d38aeaf-36f4-4148-a3b3-517c5396cc76',NULL,'a3c19ad2-8920-5395-86d0-8567cb34f382','POST /auth/login.json',1,'2023-01-11 08:29:00'),('2db499ad-60e2-474f-981f-96a18566f1f6',NULL,'a3c19ad2-8920-5395-86d0-8567cb34f382','POST /auth/login.json',1,'2023-01-11 08:29:00'),('2e11fe2c-22c4-4797-aa45-4d8a0ddacea2','61a828cd-768f-4264-80de-326e594526f8','ad71952e-7842-599e-a19e-3a82e6974b23','GET /secrets/resource/184734ea-8be3-4f5a-ba6c-5f4b3c0603e8.json',1,'2022-12-22 22:33:27'),('2e1e6286-ec50-42f8-8ae9-b5160f78f659','61a828cd-768f-4264-80de-326e594526f8','a3c19ad2-8920-5395-86d0-8567cb34f382','POST /auth/login.json',1,'2022-12-22 22:32:32'),('2e318b02-411a-4b2c-ae0d-67e313b2c1d3','61a828cd-768f-4264-80de-326e594526f8','ad71952e-7842-599e-a19e-3a82e6974b23','GET /secrets/resource/184734ea-8be3-4f5a-ba6c-5f4b3c0603e8.json',1,'2022-12-22 22:32:46'),('2e57f261-0293-475a-86f9-f1809b050974','61a828cd-768f-4264-80de-326e594526f8','a3c19ad2-8920-5395-86d0-8567cb34f382','POST /auth/login.json',1,'2022-12-22 22:33:06'),('2ea3ac16-9af6-4da2-a383-b39c8ee15aaf','61a828cd-768f-4264-80de-326e594526f8','9b473b19-0e3e-5efb-be19-8a1719843762','GET /account/settings.json',1,'2022-12-22 22:17:55'),('2ef149fe-7d0e-4cc1-8287-3382c847b85f','61a828cd-768f-4264-80de-326e594526f8','ad71952e-7842-599e-a19e-3a82e6974b23','GET /secrets/resource/cec328ec-cb1f-48f6-be1e-1ca35fc3c62d.json',1,'2022-12-22 22:33:26'),('2efed9ed-62b3-4d68-b2ee-3c9f538a6a17','61a828cd-768f-4264-80de-326e594526f8','83bb8bd8-2006-5546-a3bb-9319ae6e8f9d','GET /resources/cec328ec-cb1f-48f6-be1e-1ca35fc3c62d.json',1,'2022-12-22 22:33:11'),('2fc0de12-a63b-4e30-b456-ac4df647cb26',NULL,'a3c19ad2-8920-5395-86d0-8567cb34f382','POST /auth/verify.json',1,'2023-01-11 08:56:40'),('2fc5fbc9-1045-407e-973a-0c8d7735e5f7','61a828cd-768f-4264-80de-326e594526f8','a3c19ad2-8920-5395-86d0-8567cb34f382','POST /auth/login.json',1,'2022-12-22 22:33:08'),('2fefb63d-352e-4140-831d-18b47f5a743d','61a828cd-768f-4264-80de-326e594526f8','d77de180-4626-54dd-80fb-a095ecc22aac','GET /resource-types/a28a04cd-6f53-518a-967c-9963bf9cec51.json',1,'2022-12-22 22:32:58'),('3003a5b7-a179-462b-90b4-aed50c157771','61a828cd-768f-4264-80de-326e594526f8','d77de180-4626-54dd-80fb-a095ecc22aac','GET /resource-types/a28a04cd-6f53-518a-967c-9963bf9cec51.json',1,'2022-12-22 22:32:43'),('3003c5b9-d2c2-47f6-9361-c6b4557aedfa','61a828cd-768f-4264-80de-326e594526f8','881ab948-e40f-5a72-91aa-54b442270029','GET /users/me.json',1,'2022-12-22 22:33:19'),('3007d4b0-a35d-44c3-a3d3-d629f125daca','61a828cd-768f-4264-80de-326e594526f8','c506210f-7866-5691-8fc1-58772e8f49f1','GET /resources.json',1,'2023-01-11 08:29:02'),('3013157c-03b6-4972-8001-37e4badfebd5','61a828cd-768f-4264-80de-326e594526f8','d77de180-4626-54dd-80fb-a095ecc22aac','GET /resource-types/a28a04cd-6f53-518a-967c-9963bf9cec51.json',1,'2022-12-22 22:32:55'),('302c8c38-5deb-4ec8-82f7-edd9b81fffa4','61a828cd-768f-4264-80de-326e594526f8','ad71952e-7842-599e-a19e-3a82e6974b23','GET /secrets/resource/cec328ec-cb1f-48f6-be1e-1ca35fc3c62d.json',1,'2022-12-22 22:32:37'),('30687ef8-e536-479a-942d-21b10837b91e','61a828cd-768f-4264-80de-326e594526f8','881ab948-e40f-5a72-91aa-54b442270029','GET /users/me.json',1,'2022-12-22 22:32:38'),('308b3c26-9114-4f56-8897-ec33458378b7','61a828cd-768f-4264-80de-326e594526f8','881ab948-e40f-5a72-91aa-54b442270029','GET /users/me.json',1,'2022-12-22 22:24:53'),('30e0bacf-4e7d-43fe-8c52-f43bec94f20b','61a828cd-768f-4264-80de-326e594526f8','881ab948-e40f-5a72-91aa-54b442270029','GET /users/me.json',1,'2022-12-22 22:33:22'),('31013fa3-580f-486a-b7b2-2b6d5e5bde71','61a828cd-768f-4264-80de-326e594526f8','881ab948-e40f-5a72-91aa-54b442270029','GET /users/me.json',1,'2023-01-06 10:22:28'),('31027549-e21a-493e-acb4-2abd5138f802','61a828cd-768f-4264-80de-326e594526f8','83bb8bd8-2006-5546-a3bb-9319ae6e8f9d','GET /resources/184734ea-8be3-4f5a-ba6c-5f4b3c0603e8.json',1,'2022-12-22 22:33:29'),('31537729-4a91-4b86-ae99-4224b903b606','61a828cd-768f-4264-80de-326e594526f8','83bb8bd8-2006-5546-a3bb-9319ae6e8f9d','GET /resources/cec328ec-cb1f-48f6-be1e-1ca35fc3c62d.json',1,'2022-12-22 22:33:22'),('317d432a-6ae5-4c4f-9260-633c0484c824','61a828cd-768f-4264-80de-326e594526f8','ad71952e-7842-599e-a19e-3a82e6974b23','GET /secrets/resource/184734ea-8be3-4f5a-ba6c-5f4b3c0603e8.json',1,'2023-01-06 10:23:46'),('31947b0a-af08-47dd-a83b-200af358c4ce','61a828cd-768f-4264-80de-326e594526f8','881ab948-e40f-5a72-91aa-54b442270029','GET /users/me.json',1,'2022-12-22 22:33:00'),('3259a89f-c7d5-4e84-8218-1dc83e79d2e5','61a828cd-768f-4264-80de-326e594526f8','83bb8bd8-2006-5546-a3bb-9319ae6e8f9d','GET /resources/cec328ec-cb1f-48f6-be1e-1ca35fc3c62d.json',1,'2022-12-22 22:33:02'),('329de4db-cbe5-4b97-9fb7-45195cf77deb',NULL,'a3c19ad2-8920-5395-86d0-8567cb34f382','POST /auth/login.json',1,'2022-12-22 22:33:21'),('32ccff26-e2d5-48a5-b55f-feb5066a87fe','61a828cd-768f-4264-80de-326e594526f8','ad71952e-7842-599e-a19e-3a82e6974b23','GET /secrets/resource/184734ea-8be3-4f5a-ba6c-5f4b3c0603e8.json',1,'2022-12-22 22:32:52'),('33017fb2-f41d-4db8-8039-378de1b69847','61a828cd-768f-4264-80de-326e594526f8','a3c19ad2-8920-5395-86d0-8567cb34f382','POST /auth/login.json',1,'2022-12-22 22:33:22'),('33567098-1b4d-4645-8c63-b31d228f15c1','61a828cd-768f-4264-80de-326e594526f8','c506210f-7866-5691-8fc1-58772e8f49f1','GET /resources.json',1,'2023-01-06 10:22:37'),('33709d11-c03d-4d6e-8b22-20bb5749ecdc','61a828cd-768f-4264-80de-326e594526f8','c506210f-7866-5691-8fc1-58772e8f49f1','GET /resources.json',1,'2022-12-22 22:17:55'),('337e95e2-590c-4401-8151-0a619bc020bd','61a828cd-768f-4264-80de-326e594526f8','ad71952e-7842-599e-a19e-3a82e6974b23','GET /secrets/resource/cec328ec-cb1f-48f6-be1e-1ca35fc3c62d.json',1,'2022-12-22 22:32:46'),('338e5d0b-4456-49e7-a26b-9a1ca70c81b8','61a828cd-768f-4264-80de-326e594526f8','ad71952e-7842-599e-a19e-3a82e6974b23','GET /secrets/resource/cec328ec-cb1f-48f6-be1e-1ca35fc3c62d.json',1,'2022-12-22 22:33:28'),('33b7ddeb-f0aa-442e-847a-5d99f24fadcb','61a828cd-768f-4264-80de-326e594526f8','83bb8bd8-2006-5546-a3bb-9319ae6e8f9d','GET /resources/cec328ec-cb1f-48f6-be1e-1ca35fc3c62d.json',1,'2022-12-22 22:32:52'),('34159350-3715-4d95-8401-43873166137c','61a828cd-768f-4264-80de-326e594526f8','83bb8bd8-2006-5546-a3bb-9319ae6e8f9d','GET /resources/184734ea-8be3-4f5a-ba6c-5f4b3c0603e8.json',1,'2022-12-22 22:33:28'),('342eb0b6-7b1e-4eb9-a7fc-156c8ecb5347','61a828cd-768f-4264-80de-326e594526f8','83bb8bd8-2006-5546-a3bb-9319ae6e8f9d','GET /resources/184734ea-8be3-4f5a-ba6c-5f4b3c0603e8.json',1,'2022-12-22 22:33:31'),('342feac1-1d37-4d62-9164-7fb42eda3dc8','61a828cd-768f-4264-80de-326e594526f8','83bb8bd8-2006-5546-a3bb-9319ae6e8f9d','GET /resources/184734ea-8be3-4f5a-ba6c-5f4b3c0603e8.json',1,'2022-12-22 22:32:58'),('355b23d2-e4dc-4796-95b9-3be5ab035422','61a828cd-768f-4264-80de-326e594526f8','881ab948-e40f-5a72-91aa-54b442270029','GET /users/me.json',1,'2022-12-22 22:21:33'),('358e7fd0-6518-4a1b-a2a8-eeea7609e559',NULL,'a3c19ad2-8920-5395-86d0-8567cb34f382','POST /auth/login.json',1,'2022-12-22 22:33:13'),('35b9b3f0-29fd-467d-a17b-6575c1a91e96','61a828cd-768f-4264-80de-326e594526f8','ad71952e-7842-599e-a19e-3a82e6974b23','GET /secrets/resource/184734ea-8be3-4f5a-ba6c-5f4b3c0603e8.json',1,'2022-12-22 22:33:20'),('36044b6e-0353-4e3f-ab56-114abbaed7c8','61a828cd-768f-4264-80de-326e594526f8','83bb8bd8-2006-5546-a3bb-9319ae6e8f9d','GET /resources/184734ea-8be3-4f5a-ba6c-5f4b3c0603e8.json',1,'2022-12-22 22:33:27'),('3615b14d-f803-49c9-a59b-065a75c442b7','61a828cd-768f-4264-80de-326e594526f8','ad71952e-7842-599e-a19e-3a82e6974b23','GET /secrets/resource/cec328ec-cb1f-48f6-be1e-1ca35fc3c62d.json',1,'2022-12-22 22:32:37'),('363656c2-ce73-4d84-bf11-6ce85ccd1473','61a828cd-768f-4264-80de-326e594526f8','881ab948-e40f-5a72-91aa-54b442270029','GET /users/61a828cd-768f-4264-80de-326e594526f8.json',1,'2022-12-22 22:24:55'),('364227c7-5db5-4b81-8943-59c32534268a','61a828cd-768f-4264-80de-326e594526f8','d77de180-4626-54dd-80fb-a095ecc22aac','GET /resource-types/a28a04cd-6f53-518a-967c-9963bf9cec51.json',1,'2022-12-22 22:32:43'),('36711563-df6e-405c-ac8c-14037be889ce',NULL,'a3c19ad2-8920-5395-86d0-8567cb34f382','POST /auth/login.json',1,'2022-12-22 22:33:10'),('369594e8-0c80-4faf-99e4-359977fbf6ae','61a828cd-768f-4264-80de-326e594526f8','ad71952e-7842-599e-a19e-3a82e6974b23','GET /secrets/resource/184734ea-8be3-4f5a-ba6c-5f4b3c0603e8.json',1,'2022-12-22 22:33:18'),('36c90d5e-44b0-4698-8622-9e5c816d2321','61a828cd-768f-4264-80de-326e594526f8','ad71952e-7842-599e-a19e-3a82e6974b23','GET /secrets/resource/184734ea-8be3-4f5a-ba6c-5f4b3c0603e8.json',1,'2022-12-22 22:32:49'),('36e7d406-52c8-473c-81ac-fbb96ea8fdcb','61a828cd-768f-4264-80de-326e594526f8','83bb8bd8-2006-5546-a3bb-9319ae6e8f9d','GET /resources/184734ea-8be3-4f5a-ba6c-5f4b3c0603e8.json',1,'2022-12-22 22:33:05'),('36f46194-c982-429a-a66a-8f09bd81cd1c','61a828cd-768f-4264-80de-326e594526f8','ad71952e-7842-599e-a19e-3a82e6974b23','GET /secrets/resource/184734ea-8be3-4f5a-ba6c-5f4b3c0603e8.json',1,'2023-01-06 10:22:35'),('36fa3bf4-a673-4740-a12a-b458967803be','61a828cd-768f-4264-80de-326e594526f8','a3c19ad2-8920-5395-86d0-8567cb34f382','POST /auth/login.json',1,'2023-01-11 08:29:01'),('3709c514-5dc3-4893-89ba-e49dca9dc7ee','61a828cd-768f-4264-80de-326e594526f8','c506210f-7866-5691-8fc1-58772e8f49f1','GET /resources.json',1,'2022-12-22 22:33:13'),('371da3bb-16d9-4b0a-a9c3-a45247ca9d59','61a828cd-768f-4264-80de-326e594526f8','d77de180-4626-54dd-80fb-a095ecc22aac','GET /resource-types/a28a04cd-6f53-518a-967c-9963bf9cec51.json',1,'2022-12-22 22:33:27'),('37487200-92b3-4bc7-8cca-7fe2dcdbc012','61a828cd-768f-4264-80de-326e594526f8','ad71952e-7842-599e-a19e-3a82e6974b23','GET /secrets/resource/cec328ec-cb1f-48f6-be1e-1ca35fc3c62d.json',1,'2022-12-22 22:33:02'),('3777d79c-eba0-4aac-ad85-17c2bd0290ec',NULL,'a3c19ad2-8920-5395-86d0-8567cb34f382','POST /auth/login.json',1,'2022-12-22 22:32:57'),('37c0ba69-27b1-4712-bb13-4c103feb1c64','61a828cd-768f-4264-80de-326e594526f8','a3c19ad2-8920-5395-86d0-8567cb34f382','POST /auth/login.json',1,'2023-01-11 08:29:01'),('38410afe-1b61-475f-9ec4-70272e0836be','61a828cd-768f-4264-80de-326e594526f8','83bb8bd8-2006-5546-a3bb-9319ae6e8f9d','GET /resources/184734ea-8be3-4f5a-ba6c-5f4b3c0603e8.json',1,'2023-01-06 10:22:37'),('38fe7618-3070-435b-8eca-2398c3d7d1d3','61a828cd-768f-4264-80de-326e594526f8','83bb8bd8-2006-5546-a3bb-9319ae6e8f9d','GET /resources/cec328ec-cb1f-48f6-be1e-1ca35fc3c62d.json',1,'2022-12-22 22:32:34'),('3964e897-b001-422f-8fe4-59db0f5218e4','61a828cd-768f-4264-80de-326e594526f8','c506210f-7866-5691-8fc1-58772e8f49f1','GET /resources.json',1,'2022-12-22 22:33:28'),('39936f3e-174b-4e4e-87ee-d5e3d189fbca','61a828cd-768f-4264-80de-326e594526f8','d77de180-4626-54dd-80fb-a095ecc22aac','GET /resource-types/a28a04cd-6f53-518a-967c-9963bf9cec51.json',1,'2022-12-22 22:33:26'),('39cbd3ff-f2e8-4161-bcd9-0c6bcc0c3103','61a828cd-768f-4264-80de-326e594526f8','c506210f-7866-5691-8fc1-58772e8f49f1','GET /resources.json',1,'2023-01-11 08:29:01'),('39fb3b7c-08e4-4479-83a4-45f43749b05c','61a828cd-768f-4264-80de-326e594526f8','ad71952e-7842-599e-a19e-3a82e6974b23','GET /secrets/resource/184734ea-8be3-4f5a-ba6c-5f4b3c0603e8.json',1,'2023-01-11 08:30:11'),('3a1f108b-cd76-49a9-b535-c19a14406b94','61a828cd-768f-4264-80de-326e594526f8','a3c19ad2-8920-5395-86d0-8567cb34f382','POST /auth/login.json',1,'2023-01-06 10:22:36'),('3a41801b-4ed9-42a6-b6f0-bfe7993ac07c','61a828cd-768f-4264-80de-326e594526f8','83bb8bd8-2006-5546-a3bb-9319ae6e8f9d','GET /resources/cec328ec-cb1f-48f6-be1e-1ca35fc3c62d.json',1,'2022-12-22 22:33:13'),('3a5360bd-3a10-4af2-81ba-cd2b6787af84','61a828cd-768f-4264-80de-326e594526f8','83bb8bd8-2006-5546-a3bb-9319ae6e8f9d','GET /resources/184734ea-8be3-4f5a-ba6c-5f4b3c0603e8.json',1,'2022-12-22 22:32:50'),('3ae6792b-fb0f-40eb-b3c1-57d3d4891d03','61a828cd-768f-4264-80de-326e594526f8','d77de180-4626-54dd-80fb-a095ecc22aac','GET /resource-types/a28a04cd-6f53-518a-967c-9963bf9cec51.json',1,'2022-12-22 22:33:18'),('3b524a70-99cc-4db0-9b47-80082e721efd','61a828cd-768f-4264-80de-326e594526f8','d77de180-4626-54dd-80fb-a095ecc22aac','GET /resource-types/a28a04cd-6f53-518a-967c-9963bf9cec51.json',1,'2022-12-22 22:33:09'),('3b6b4c6d-5ec4-4d15-8004-3e506fcbf32e','61a828cd-768f-4264-80de-326e594526f8','83bb8bd8-2006-5546-a3bb-9319ae6e8f9d','GET /resources/cec328ec-cb1f-48f6-be1e-1ca35fc3c62d.json',1,'2022-12-22 22:33:30'),('3b73a084-8e07-4160-998c-1eb8733a5c67','61a828cd-768f-4264-80de-326e594526f8','83bb8bd8-2006-5546-a3bb-9319ae6e8f9d','GET /resources/184734ea-8be3-4f5a-ba6c-5f4b3c0603e8.json',1,'2022-12-22 22:32:36'),('3b85fd46-f0aa-40e7-ada3-d055a0ca5ff5','61a828cd-768f-4264-80de-326e594526f8','a3c19ad2-8920-5395-86d0-8567cb34f382','POST /auth/login.json',1,'2022-12-22 22:32:50'),('3ba924b5-85e1-424b-a8aa-6e3689862c4e','61a828cd-768f-4264-80de-326e594526f8','c506210f-7866-5691-8fc1-58772e8f49f1','GET /resources.json',1,'2022-12-22 22:33:27'),('3be6b3ad-a231-4c5c-bf0d-4d74b7b93d62','61a828cd-768f-4264-80de-326e594526f8','881ab948-e40f-5a72-91aa-54b442270029','GET /users/me.json',1,'2022-12-22 22:33:27'),('3bfa4af2-869e-4dfd-8efa-a39be0404090','61a828cd-768f-4264-80de-326e594526f8','ad71952e-7842-599e-a19e-3a82e6974b23','GET /secrets/resource/cec328ec-cb1f-48f6-be1e-1ca35fc3c62d.json',1,'2022-12-22 22:32:57'),('3bfd2956-144a-406b-8c2d-38e8bc8db3ef',NULL,'a3c19ad2-8920-5395-86d0-8567cb34f382','POST /auth/login.json',1,'2022-12-22 22:32:38'),('3c26725e-f63b-4379-a64f-22d22fb6cce2','61a828cd-768f-4264-80de-326e594526f8','83bb8bd8-2006-5546-a3bb-9319ae6e8f9d','GET /resources/184734ea-8be3-4f5a-ba6c-5f4b3c0603e8.json',1,'2022-12-22 22:32:56'),('3c2c7b15-5386-4842-ac71-0ff3ee918ec4','61a828cd-768f-4264-80de-326e594526f8','d77de180-4626-54dd-80fb-a095ecc22aac','GET /resource-types/a28a04cd-6f53-518a-967c-9963bf9cec51.json',1,'2022-12-22 22:33:18'),('3c57155b-e0bb-48ce-883b-9d1b85800eb5','61a828cd-768f-4264-80de-326e594526f8','ad71952e-7842-599e-a19e-3a82e6974b23','GET /secrets/resource/184734ea-8be3-4f5a-ba6c-5f4b3c0603e8.json',1,'2022-12-22 22:32:41'),('3ce9a7eb-64d0-48f0-be29-6ce5c93aaddf',NULL,'a3c19ad2-8920-5395-86d0-8567cb34f382','POST /auth/login.json',1,'2022-12-22 22:17:55'),('3cf21906-6069-409c-b2dc-c7765b9a433a','61a828cd-768f-4264-80de-326e594526f8','881ab948-e40f-5a72-91aa-54b442270029','GET /users/me.json',1,'2022-12-22 22:33:10'),('3d3a0c8c-4b4b-419d-9388-92c50cba3cb8','61a828cd-768f-4264-80de-326e594526f8','d77de180-4626-54dd-80fb-a095ecc22aac','GET /resource-types/a28a04cd-6f53-518a-967c-9963bf9cec51.json',1,'2022-12-22 22:33:24'),('3d42e3c8-1afe-4ac7-ae61-86c924a428ed','61a828cd-768f-4264-80de-326e594526f8','83bb8bd8-2006-5546-a3bb-9319ae6e8f9d','GET /resources/184734ea-8be3-4f5a-ba6c-5f4b3c0603e8.json',1,'2022-12-22 22:33:25'),('3dbe5199-eb5c-42b7-974e-5d8a98332289',NULL,'a3c19ad2-8920-5395-86d0-8567cb34f382','POST /auth/login.json',1,'2022-12-22 22:33:25'),('3dce54c2-afcc-41e5-8645-a0c2cb68a4b4','61a828cd-768f-4264-80de-326e594526f8','a3c19ad2-8920-5395-86d0-8567cb34f382','POST /auth/login.json',1,'2022-12-22 22:33:19'),('3df18620-5ae5-4ca9-b8f0-9552741a55c8','61a828cd-768f-4264-80de-326e594526f8','a3c19ad2-8920-5395-86d0-8567cb34f382','POST /auth/login.json',1,'2022-12-22 22:33:29'),('3e39935a-ffa1-4550-9605-91661bacbbd7','61a828cd-768f-4264-80de-326e594526f8','ad71952e-7842-599e-a19e-3a82e6974b23','GET /secrets/resource/184734ea-8be3-4f5a-ba6c-5f4b3c0603e8.json',1,'2022-12-22 22:32:38'),('3e8cedd6-c529-4630-b786-223dc0ed92a9','61a828cd-768f-4264-80de-326e594526f8','ad71952e-7842-599e-a19e-3a82e6974b23','GET /secrets/resource/cec328ec-cb1f-48f6-be1e-1ca35fc3c62d.json',1,'2022-12-22 22:33:04'),('3f048ee2-927a-468c-9bd4-def3b8839f16','61a828cd-768f-4264-80de-326e594526f8','30237a18-fd12-5935-b1be-1e2a62ccb71d','GET /roles.json',1,'2022-12-22 22:17:55'),('3f32167a-7298-4fd4-b4c0-1cae1598ad40','61a828cd-768f-4264-80de-326e594526f8','ad71952e-7842-599e-a19e-3a82e6974b23','GET /secrets/resource/184734ea-8be3-4f5a-ba6c-5f4b3c0603e8.json',1,'2022-12-22 22:33:12'),('3f4768f0-1b9b-4bf3-b286-855e8934225c','61a828cd-768f-4264-80de-326e594526f8','881ab948-e40f-5a72-91aa-54b442270029','GET /users/me.json',1,'2022-12-22 22:32:56'),('3f8c09ec-3919-4931-bee4-47e8f76ac23f','61a828cd-768f-4264-80de-326e594526f8','83bb8bd8-2006-5546-a3bb-9319ae6e8f9d','GET /resources/184734ea-8be3-4f5a-ba6c-5f4b3c0603e8.json',1,'2022-12-22 22:33:13'),('3f9c167e-3cbb-4c10-900e-2404b2edf0f1','61a828cd-768f-4264-80de-326e594526f8','ad71952e-7842-599e-a19e-3a82e6974b23','GET /secrets/resource/cec328ec-cb1f-48f6-be1e-1ca35fc3c62d.json',1,'2022-12-22 22:33:23'),('3ff0881b-27b4-4e90-a0e1-8c87584c803e','61a828cd-768f-4264-80de-326e594526f8','83bb8bd8-2006-5546-a3bb-9319ae6e8f9d','GET /resources/184734ea-8be3-4f5a-ba6c-5f4b3c0603e8.json',1,'2022-12-22 22:32:38'),('4056a468-4c81-485b-aa82-e5b836d55136','61a828cd-768f-4264-80de-326e594526f8','d77de180-4626-54dd-80fb-a095ecc22aac','GET /resource-types/a28a04cd-6f53-518a-967c-9963bf9cec51.json',1,'2022-12-22 22:32:40'),('4080f357-aaa6-4f56-a162-6e6d0534fe2f','61a828cd-768f-4264-80de-326e594526f8','d77de180-4626-54dd-80fb-a095ecc22aac','GET /resource-types/a28a04cd-6f53-518a-967c-9963bf9cec51.json',1,'2022-12-22 22:33:15'),('40830839-968b-4830-8e5e-b587342f981b','61a828cd-768f-4264-80de-326e594526f8','83bb8bd8-2006-5546-a3bb-9319ae6e8f9d','GET /resources/cec328ec-cb1f-48f6-be1e-1ca35fc3c62d.json',1,'2022-12-22 22:33:23'),('4094f5a9-af82-46ab-944b-a1b79c596cb0','61a828cd-768f-4264-80de-326e594526f8','ad71952e-7842-599e-a19e-3a82e6974b23','GET /secrets/resource/184734ea-8be3-4f5a-ba6c-5f4b3c0603e8.json',1,'2022-12-22 22:32:44'),('4098ed6a-4fa5-4e79-874f-fc161a29347a','61a828cd-768f-4264-80de-326e594526f8','ad71952e-7842-599e-a19e-3a82e6974b23','GET /secrets/resource/cec328ec-cb1f-48f6-be1e-1ca35fc3c62d.json',1,'2022-12-22 22:33:05'),('40c9b531-5655-48aa-9c42-8cb70afbac5c','61a828cd-768f-4264-80de-326e594526f8','83bb8bd8-2006-5546-a3bb-9319ae6e8f9d','GET /resources/184734ea-8be3-4f5a-ba6c-5f4b3c0603e8.json',1,'2023-01-11 08:30:10'),('40fa319b-096f-4043-8401-c1dac7064e04','61a828cd-768f-4264-80de-326e594526f8','c506210f-7866-5691-8fc1-58772e8f49f1','GET /resources.json',1,'2022-12-22 22:33:03'),('40fe02d6-6c62-4269-89f9-fec423b77ee2','61a828cd-768f-4264-80de-326e594526f8','881ab948-e40f-5a72-91aa-54b442270029','GET /users/me.json',1,'2022-12-22 22:32:37'),('410b7349-119d-453f-a222-50b26ed8c7e3',NULL,'a3c19ad2-8920-5395-86d0-8567cb34f382','POST /auth/login.json',1,'2023-01-11 08:29:01'),('4132d688-705b-4fb6-beb0-83fa574b9459','61a828cd-768f-4264-80de-326e594526f8','d77de180-4626-54dd-80fb-a095ecc22aac','GET /resource-types/a28a04cd-6f53-518a-967c-9963bf9cec51.json',1,'2022-12-22 22:32:35'),('415564b9-9746-41cf-81dc-c9cefb2315ab','61a828cd-768f-4264-80de-326e594526f8','d77de180-4626-54dd-80fb-a095ecc22aac','GET /resource-types/a28a04cd-6f53-518a-967c-9963bf9cec51.json',1,'2022-12-22 22:33:31'),('419770bd-041e-4d16-94e8-d6c805593e66','61a828cd-768f-4264-80de-326e594526f8','ad71952e-7842-599e-a19e-3a82e6974b23','GET /secrets/resource/cec328ec-cb1f-48f6-be1e-1ca35fc3c62d.json',1,'2022-12-22 22:33:22'),('419c51cf-1ca6-4379-b56d-931b9878fd9b','61a828cd-768f-4264-80de-326e594526f8','d77de180-4626-54dd-80fb-a095ecc22aac','GET /resource-types/a28a04cd-6f53-518a-967c-9963bf9cec51.json',1,'2022-12-22 22:32:42'),('41a6b5ba-1680-49f5-9813-67683e6dbc59','61a828cd-768f-4264-80de-326e594526f8','ad71952e-7842-599e-a19e-3a82e6974b23','GET /secrets/resource/184734ea-8be3-4f5a-ba6c-5f4b3c0603e8.json',1,'2023-01-06 10:22:36'),('41c1d564-a19c-4b69-a1b4-84cbd6e3df3a','61a828cd-768f-4264-80de-326e594526f8','ad71952e-7842-599e-a19e-3a82e6974b23','GET /secrets/resource/184734ea-8be3-4f5a-ba6c-5f4b3c0603e8.json',1,'2022-12-22 22:33:14'),('4212c56d-5a8a-430b-ba3f-8e7b91bb4a2f','61a828cd-768f-4264-80de-326e594526f8','83bb8bd8-2006-5546-a3bb-9319ae6e8f9d','GET /resources/184734ea-8be3-4f5a-ba6c-5f4b3c0603e8.json',1,'2023-01-06 10:23:45'),('42561fe3-7a87-41f0-bb0d-71c9786343d3','61a828cd-768f-4264-80de-326e594526f8','83bb8bd8-2006-5546-a3bb-9319ae6e8f9d','GET /resources/184734ea-8be3-4f5a-ba6c-5f4b3c0603e8.json',1,'2022-12-22 22:32:36'),('4268fb89-5185-491c-9043-bd9b94a85a01','61a828cd-768f-4264-80de-326e594526f8','a3c19ad2-8920-5395-86d0-8567cb34f382','POST /auth/login.json',1,'2022-12-22 22:32:51'),('426d6439-3943-4a22-938f-67f32c78cdde','61a828cd-768f-4264-80de-326e594526f8','83bb8bd8-2006-5546-a3bb-9319ae6e8f9d','GET /resources/cec328ec-cb1f-48f6-be1e-1ca35fc3c62d.json',1,'2022-12-22 22:32:48'),('42abd722-427f-4f90-a802-5555158b781a','61a828cd-768f-4264-80de-326e594526f8','1035f824-fe76-5a69-b02c-9aa60a31858c','GET /app/users',1,'2022-12-22 22:24:54'),('42cf314d-5701-41aa-8243-4d584978c56a','61a828cd-768f-4264-80de-326e594526f8','ad71952e-7842-599e-a19e-3a82e6974b23','GET /secrets/resource/cec328ec-cb1f-48f6-be1e-1ca35fc3c62d.json',1,'2022-12-22 22:33:15'),('42fb5eb3-5909-4d87-a7a1-919c8faaeeae','61a828cd-768f-4264-80de-326e594526f8','d77de180-4626-54dd-80fb-a095ecc22aac','GET /resource-types/a28a04cd-6f53-518a-967c-9963bf9cec51.json',1,'2022-12-22 22:33:01'),('431d0be8-8c31-40a5-b042-e19411b21813',NULL,'a3c19ad2-8920-5395-86d0-8567cb34f382','POST /auth/login.json',1,'2022-12-22 22:33:29'),('43f00e11-e3e7-4c31-ae77-1495f29de101',NULL,'caea12fd-e0f8-5d68-aa19-d7b25119740e','GET /users/csrf-token.json',1,'2023-01-05 16:21:05'),('44085230-0a23-45f8-a0fe-a7021af14249','61a828cd-768f-4264-80de-326e594526f8','d77de180-4626-54dd-80fb-a095ecc22aac','GET /resource-types/a28a04cd-6f53-518a-967c-9963bf9cec51.json',1,'2022-12-22 22:33:30'),('44793aea-e54f-43ed-90fd-56a27e669f50','61a828cd-768f-4264-80de-326e594526f8','83bb8bd8-2006-5546-a3bb-9319ae6e8f9d','GET /resources/184734ea-8be3-4f5a-ba6c-5f4b3c0603e8.json',1,'2022-12-22 22:32:53'),('450a64d8-a704-4bb7-b647-e7ee04907530','61a828cd-768f-4264-80de-326e594526f8','d77de180-4626-54dd-80fb-a095ecc22aac','GET /resource-types/a28a04cd-6f53-518a-967c-9963bf9cec51.json',1,'2022-12-22 22:33:12'),('4517a50f-9f0f-4b50-893d-2891ee65bfcf','61a828cd-768f-4264-80de-326e594526f8','d77de180-4626-54dd-80fb-a095ecc22aac','GET /resource-types/a28a04cd-6f53-518a-967c-9963bf9cec51.json',1,'2022-12-22 22:33:19'),('4575cec2-acd2-4a9e-a81d-be17c4cfd956','61a828cd-768f-4264-80de-326e594526f8','ad71952e-7842-599e-a19e-3a82e6974b23','GET /secrets/resource/cec328ec-cb1f-48f6-be1e-1ca35fc3c62d.json',1,'2022-12-22 22:32:51'),('45b07b6a-8ae1-4cda-b248-fba5f4fddcb3','61a828cd-768f-4264-80de-326e594526f8','83bb8bd8-2006-5546-a3bb-9319ae6e8f9d','GET /resources/184734ea-8be3-4f5a-ba6c-5f4b3c0603e8.json',1,'2023-01-06 10:23:46'),('45cdfe2e-5aee-434f-9e9b-d1e7a75e5b76','61a828cd-768f-4264-80de-326e594526f8','ad71952e-7842-599e-a19e-3a82e6974b23','GET /secrets/resource/cec328ec-cb1f-48f6-be1e-1ca35fc3c62d.json',1,'2022-12-22 22:32:54'),('45f9055f-0ce5-4162-a0d2-f7c11ffce09a','61a828cd-768f-4264-80de-326e594526f8','9caaba03-49d2-5273-8097-e278234e71e0','GET /settings/emails/notifications.json',1,'2022-12-22 22:24:19'),('46d836d8-809d-43ed-9201-3d8c905367f9','61a828cd-768f-4264-80de-326e594526f8','d77de180-4626-54dd-80fb-a095ecc22aac','GET /resource-types/a28a04cd-6f53-518a-967c-9963bf9cec51.json',1,'2022-12-22 22:32:50'),('46daa09d-727c-44d0-8a78-351894b52075','61a828cd-768f-4264-80de-326e594526f8','d77de180-4626-54dd-80fb-a095ecc22aac','GET /resource-types/a28a04cd-6f53-518a-967c-9963bf9cec51.json',1,'2022-12-22 22:33:09'),('470f12ce-1280-4cd2-bfc0-a4b155af9f3b','61a828cd-768f-4264-80de-326e594526f8','83bb8bd8-2006-5546-a3bb-9319ae6e8f9d','GET /resources/184734ea-8be3-4f5a-ba6c-5f4b3c0603e8.json',1,'2022-12-22 22:33:02'),('475b9154-7789-43f1-ad3a-e4ee77e6d54e','61a828cd-768f-4264-80de-326e594526f8','ad71952e-7842-599e-a19e-3a82e6974b23','GET /secrets/resource/cec328ec-cb1f-48f6-be1e-1ca35fc3c62d.json',1,'2022-12-22 22:32:46'),('475e1e1e-b27c-4c68-b584-a66259cf3aaf','61a828cd-768f-4264-80de-326e594526f8','ad71952e-7842-599e-a19e-3a82e6974b23','GET /secrets/resource/cec328ec-cb1f-48f6-be1e-1ca35fc3c62d.json',1,'2022-12-22 22:32:52'),('4790fe77-b0db-44b3-a6c7-df08bece1048','61a828cd-768f-4264-80de-326e594526f8','d77de180-4626-54dd-80fb-a095ecc22aac','GET /resource-types/a28a04cd-6f53-518a-967c-9963bf9cec51.json',1,'2022-12-22 22:32:35'),('47ece600-5ee5-49d2-ae30-936b2e29587d','61a828cd-768f-4264-80de-326e594526f8','d77de180-4626-54dd-80fb-a095ecc22aac','GET /resource-types/a28a04cd-6f53-518a-967c-9963bf9cec51.json',1,'2022-12-22 22:33:12'),('48614c03-2c0d-40b7-813e-cfa503c93d2b',NULL,'a3c19ad2-8920-5395-86d0-8567cb34f382','POST /auth/login.json',1,'2022-12-22 22:33:31'),('48f8ae0a-a0de-4a3a-8dc2-e55b96339af9','61a828cd-768f-4264-80de-326e594526f8','c506210f-7866-5691-8fc1-58772e8f49f1','GET /resources.json',1,'2022-12-22 22:32:44'),('490a65aa-b717-4307-95ec-22e0f7b7cced','61a828cd-768f-4264-80de-326e594526f8','d77de180-4626-54dd-80fb-a095ecc22aac','GET /resource-types/a28a04cd-6f53-518a-967c-9963bf9cec51.json',1,'2023-01-11 08:30:11'),('49584f33-26c0-4a42-964e-c4ba80f37ae1','61a828cd-768f-4264-80de-326e594526f8','83bb8bd8-2006-5546-a3bb-9319ae6e8f9d','GET /resources/cec328ec-cb1f-48f6-be1e-1ca35fc3c62d.json',1,'2022-12-22 22:32:51'),('49e34a71-4776-4c54-9ac6-963cc76fface',NULL,'a3c19ad2-8920-5395-86d0-8567cb34f382','POST /auth/login.json',1,'2022-12-22 22:32:53'),('4a40e588-cdf2-47f0-91a7-89cff20e336a','61a828cd-768f-4264-80de-326e594526f8','ad71952e-7842-599e-a19e-3a82e6974b23','GET /secrets/resource/cec328ec-cb1f-48f6-be1e-1ca35fc3c62d.json',1,'2022-12-22 22:32:39'),('4a65616a-d1ea-415b-8758-740e213dd1cf','61a828cd-768f-4264-80de-326e594526f8','83bb8bd8-2006-5546-a3bb-9319ae6e8f9d','GET /resources/184734ea-8be3-4f5a-ba6c-5f4b3c0603e8.json',1,'2022-12-22 22:33:03'),('4aaed197-d688-4b0d-a7c4-84c3af31ae3d','61a828cd-768f-4264-80de-326e594526f8','ad71952e-7842-599e-a19e-3a82e6974b23','GET /secrets/resource/184734ea-8be3-4f5a-ba6c-5f4b3c0603e8.json',1,'2023-01-06 10:23:46'),('4aed8ca4-adbb-4f60-a5a2-6cf428765215','61a828cd-768f-4264-80de-326e594526f8','d77de180-4626-54dd-80fb-a095ecc22aac','GET /resource-types/a28a04cd-6f53-518a-967c-9963bf9cec51.json',1,'2022-12-22 22:33:08'),('4b4df673-97b2-4363-9c06-99c57b4de549','61a828cd-768f-4264-80de-326e594526f8','d77de180-4626-54dd-80fb-a095ecc22aac','GET /resource-types/a28a04cd-6f53-518a-967c-9963bf9cec51.json',1,'2022-12-22 22:33:15'),('4b7ea5ae-6179-44e9-be63-06e1df7c6e71','61a828cd-768f-4264-80de-326e594526f8','d77de180-4626-54dd-80fb-a095ecc22aac','GET /resource-types/a28a04cd-6f53-518a-967c-9963bf9cec51.json',1,'2023-01-06 10:23:46'),('4b995f7d-04e7-44fc-add9-846c34518354','61a828cd-768f-4264-80de-326e594526f8','ad71952e-7842-599e-a19e-3a82e6974b23','GET /secrets/resource/184734ea-8be3-4f5a-ba6c-5f4b3c0603e8.json',1,'2023-01-11 08:30:10'),('4ba348a1-c91d-4f15-a727-b7c222fc645f','61a828cd-768f-4264-80de-326e594526f8','83bb8bd8-2006-5546-a3bb-9319ae6e8f9d','GET /resources/cec328ec-cb1f-48f6-be1e-1ca35fc3c62d.json',1,'2022-12-22 22:32:48'),('4bd9ba69-97ad-46f7-92e2-910bc12f6bd9',NULL,'caea12fd-e0f8-5d68-aa19-d7b25119740e','GET /users/csrf-token.json',1,'2022-12-22 22:16:53'),('4c14cb4d-4227-465c-a119-f463dceeb133','61a828cd-768f-4264-80de-326e594526f8','83bb8bd8-2006-5546-a3bb-9319ae6e8f9d','GET /resources/184734ea-8be3-4f5a-ba6c-5f4b3c0603e8.json',1,'2022-12-22 22:33:20'),('4c26d9e7-ca4a-4558-aa38-86167b821eda','61a828cd-768f-4264-80de-326e594526f8','53da54b1-9576-52ab-a11f-b2265b5aa455','GET /smtp/settings.json',1,'2022-12-22 22:24:23'),('4c3a2d44-e23f-4d35-979c-502474c461d0','61a828cd-768f-4264-80de-326e594526f8','d77de180-4626-54dd-80fb-a095ecc22aac','GET /resource-types/a28a04cd-6f53-518a-967c-9963bf9cec51.json',1,'2022-12-22 22:33:05'),('4c4f7731-38b0-4322-8de0-c6a78048ee7d','61a828cd-768f-4264-80de-326e594526f8','83bb8bd8-2006-5546-a3bb-9319ae6e8f9d','GET /resources/cec328ec-cb1f-48f6-be1e-1ca35fc3c62d.json',1,'2022-12-22 22:33:27'),('4c583656-5aaf-425b-a0b0-2445b6b71775','61a828cd-768f-4264-80de-326e594526f8','ad71952e-7842-599e-a19e-3a82e6974b23','GET /secrets/resource/184734ea-8be3-4f5a-ba6c-5f4b3c0603e8.json',1,'2023-01-06 10:23:45'),('4c5ea907-d79b-4f06-89af-c1bc5f684d8f','61a828cd-768f-4264-80de-326e594526f8','83bb8bd8-2006-5546-a3bb-9319ae6e8f9d','GET /resources/184734ea-8be3-4f5a-ba6c-5f4b3c0603e8.json',1,'2023-01-11 08:30:10'),('4c5f1d62-5266-470c-af9f-1a41f6f67d00','61a828cd-768f-4264-80de-326e594526f8','ad71952e-7842-599e-a19e-3a82e6974b23','GET /secrets/resource/cec328ec-cb1f-48f6-be1e-1ca35fc3c62d.json',1,'2022-12-22 22:33:22'),('4caed7be-24d0-4150-93ab-543aa3ec862a','61a828cd-768f-4264-80de-326e594526f8','83bb8bd8-2006-5546-a3bb-9319ae6e8f9d','GET /resources/184734ea-8be3-4f5a-ba6c-5f4b3c0603e8.json',1,'2023-01-11 08:29:00'),('4ced15d0-6861-4a3b-8acd-f3e43bc8cdd4',NULL,'a3c19ad2-8920-5395-86d0-8567cb34f382','POST /auth/login.json',1,'2022-12-22 22:33:03'),('4d4f6342-3d8a-4c84-9bbd-3fb0e9cd0f94','61a828cd-768f-4264-80de-326e594526f8','c506210f-7866-5691-8fc1-58772e8f49f1','GET /resources.json',1,'2022-12-22 22:32:56'),('4dc829f7-43d5-45fb-b39f-4d2b40ed9c12','61a828cd-768f-4264-80de-326e594526f8','ad71952e-7842-599e-a19e-3a82e6974b23','GET /secrets/resource/cec328ec-cb1f-48f6-be1e-1ca35fc3c62d.json',1,'2022-12-22 22:32:33'),('4dec1a46-1095-4693-b2f7-07417fb53e38','61a828cd-768f-4264-80de-326e594526f8','83bb8bd8-2006-5546-a3bb-9319ae6e8f9d','GET /resources/184734ea-8be3-4f5a-ba6c-5f4b3c0603e8.json',1,'2022-12-22 22:32:59'),('4df7c470-95f5-4c55-a0b3-7125be8e45ce','61a828cd-768f-4264-80de-326e594526f8','d77de180-4626-54dd-80fb-a095ecc22aac','GET /resource-types/a28a04cd-6f53-518a-967c-9963bf9cec51.json',1,'2022-12-22 22:32:44'),('4e2327b4-c3c7-43f0-91a9-88cc048de7b8','61a828cd-768f-4264-80de-326e594526f8','3cffe6ef-ea4c-5bc3-869b-945f26e2601a','GET /groups.json',1,'2022-12-22 22:24:55'),('4e6e4229-1403-424d-9cb5-ba82b6fa5917',NULL,'50ca4a19-b782-5842-bd2b-f59e9ff4eef9','GET /setup/install/61a828cd-768f-4264-80de-326e594526f8/e72caff7-25d8-44f6-bdf0-4c70117bf581',1,'2022-12-22 22:16:53'),('4ea5d219-8185-42e4-a56c-28de858e5783','61a828cd-768f-4264-80de-326e594526f8','881ab948-e40f-5a72-91aa-54b442270029','GET /users/me.json',1,'2023-01-11 08:29:01'),('4ea7f797-e41c-4cff-bc16-cd34cdda6ab8','61a828cd-768f-4264-80de-326e594526f8','ad71952e-7842-599e-a19e-3a82e6974b23','GET /secrets/resource/184734ea-8be3-4f5a-ba6c-5f4b3c0603e8.json',1,'2022-12-22 22:32:56'),('4eb2d7c6-9780-4c79-968c-fdcf0c105527','61a828cd-768f-4264-80de-326e594526f8','83bb8bd8-2006-5546-a3bb-9319ae6e8f9d','GET /resources/184734ea-8be3-4f5a-ba6c-5f4b3c0603e8.json',1,'2022-12-22 22:33:26'),('4efe5895-6a8a-47ca-89ed-adc15f869b99','61a828cd-768f-4264-80de-326e594526f8','83bb8bd8-2006-5546-a3bb-9319ae6e8f9d','GET /resources/cec328ec-cb1f-48f6-be1e-1ca35fc3c62d.json',1,'2022-12-22 22:32:42'),('4f27d71e-2d90-4f44-b6b3-88e7b145dad1','61a828cd-768f-4264-80de-326e594526f8','ad71952e-7842-599e-a19e-3a82e6974b23','GET /secrets/resource/184734ea-8be3-4f5a-ba6c-5f4b3c0603e8.json',1,'2022-12-22 22:32:33'),('4f9845af-e704-407f-9a16-59e35f3235eb','61a828cd-768f-4264-80de-326e594526f8','ad71952e-7842-599e-a19e-3a82e6974b23','GET /secrets/resource/184734ea-8be3-4f5a-ba6c-5f4b3c0603e8.json',1,'2022-12-22 22:33:08'),('4fbe8ac9-5b33-43fd-9861-698c8e6ac970','61a828cd-768f-4264-80de-326e594526f8','881ab948-e40f-5a72-91aa-54b442270029','GET /users/me.json',1,'2022-12-22 22:33:25'),('4fc03ddb-56ab-4057-b569-1357c89d47b0','61a828cd-768f-4264-80de-326e594526f8','83bb8bd8-2006-5546-a3bb-9319ae6e8f9d','GET /resources/184734ea-8be3-4f5a-ba6c-5f4b3c0603e8.json',1,'2022-12-22 22:33:18'),('4fe49d88-a63e-488a-a4e7-883ff18f62ea','61a828cd-768f-4264-80de-326e594526f8','ad71952e-7842-599e-a19e-3a82e6974b23','GET /secrets/resource/cec328ec-cb1f-48f6-be1e-1ca35fc3c62d.json',1,'2022-12-22 22:32:36'),('501c3cac-5e91-46f0-89d4-55235895dd02','61a828cd-768f-4264-80de-326e594526f8','83bb8bd8-2006-5546-a3bb-9319ae6e8f9d','GET /resources/184734ea-8be3-4f5a-ba6c-5f4b3c0603e8.json',1,'2022-12-22 22:32:53'),('50219a3d-1c0b-419c-bcd7-152a951610dd','61a828cd-768f-4264-80de-326e594526f8','d77de180-4626-54dd-80fb-a095ecc22aac','GET /resource-types/a28a04cd-6f53-518a-967c-9963bf9cec51.json',1,'2022-12-22 22:32:52'),('50438849-68f1-4ad5-ab8e-b6bac87d2aef','61a828cd-768f-4264-80de-326e594526f8','83bb8bd8-2006-5546-a3bb-9319ae6e8f9d','GET /resources/cec328ec-cb1f-48f6-be1e-1ca35fc3c62d.json',1,'2022-12-22 22:32:45'),('505f6ad6-b2d2-4e45-a722-ed2acaa3ed73','61a828cd-768f-4264-80de-326e594526f8','d77de180-4626-54dd-80fb-a095ecc22aac','GET /resource-types/a28a04cd-6f53-518a-967c-9963bf9cec51.json',1,'2022-12-22 22:33:17'),('50dd1dcc-7118-405e-adb6-267a89262967','61a828cd-768f-4264-80de-326e594526f8','d77de180-4626-54dd-80fb-a095ecc22aac','GET /resource-types/a28a04cd-6f53-518a-967c-9963bf9cec51.json',1,'2023-01-06 10:23:46'),('50fe0337-6987-436a-a062-db9101f98b37','61a828cd-768f-4264-80de-326e594526f8','d77de180-4626-54dd-80fb-a095ecc22aac','GET /resource-types/a28a04cd-6f53-518a-967c-9963bf9cec51.json',1,'2022-12-22 22:33:20'),('512c6d8d-db22-47b3-8b47-e9e090bbe764','61a828cd-768f-4264-80de-326e594526f8','d77de180-4626-54dd-80fb-a095ecc22aac','GET /resource-types/a28a04cd-6f53-518a-967c-9963bf9cec51.json',1,'2022-12-22 22:32:49'),('513d86f9-74b8-4998-9d4c-81684969cc6e','61a828cd-768f-4264-80de-326e594526f8','ad71952e-7842-599e-a19e-3a82e6974b23','GET /secrets/resource/184734ea-8be3-4f5a-ba6c-5f4b3c0603e8.json',1,'2022-12-22 22:32:55'),('51453923-646b-4689-bfdb-822fb3078108','61a828cd-768f-4264-80de-326e594526f8','ad71952e-7842-599e-a19e-3a82e6974b23','GET /secrets/resource/cec328ec-cb1f-48f6-be1e-1ca35fc3c62d.json',1,'2022-12-22 22:33:07'),('51539f48-98ac-4262-a2ca-c872bedeb5a4','61a828cd-768f-4264-80de-326e594526f8','83bb8bd8-2006-5546-a3bb-9319ae6e8f9d','GET /resources/184734ea-8be3-4f5a-ba6c-5f4b3c0603e8.json',1,'2022-12-22 22:32:55'),('519eaa03-321c-4365-aab7-48c572c95c11','61a828cd-768f-4264-80de-326e594526f8','83bb8bd8-2006-5546-a3bb-9319ae6e8f9d','GET /resources/cec328ec-cb1f-48f6-be1e-1ca35fc3c62d.json',1,'2022-12-22 22:33:19'),('51a38291-807b-40f1-816e-a9ddbf3fadbb','61a828cd-768f-4264-80de-326e594526f8','d77de180-4626-54dd-80fb-a095ecc22aac','GET /resource-types/a28a04cd-6f53-518a-967c-9963bf9cec51.json',1,'2022-12-22 22:33:14'),('51e55540-4f75-4443-965a-776b214a10f9','61a828cd-768f-4264-80de-326e594526f8','d77de180-4626-54dd-80fb-a095ecc22aac','GET /resource-types/a28a04cd-6f53-518a-967c-9963bf9cec51.json',1,'2022-12-22 22:32:41'),('522053f7-666d-4789-a9ab-9b2a192b6385','61a828cd-768f-4264-80de-326e594526f8','ad71952e-7842-599e-a19e-3a82e6974b23','GET /secrets/resource/184734ea-8be3-4f5a-ba6c-5f4b3c0603e8.json',1,'2022-12-22 22:32:58'),('52437c31-ed5e-418e-a7a9-c59ae2423f6d','61a828cd-768f-4264-80de-326e594526f8','c506210f-7866-5691-8fc1-58772e8f49f1','GET /resources.json',1,'2022-12-22 22:33:02'),('525e2b2c-5b07-415a-a789-f9b0b172c82b','61a828cd-768f-4264-80de-326e594526f8','ad71952e-7842-599e-a19e-3a82e6974b23','GET /secrets/resource/cec328ec-cb1f-48f6-be1e-1ca35fc3c62d.json',1,'2022-12-22 22:32:49'),('527a3789-e7b1-4aac-aa88-246a7c4f4376','61a828cd-768f-4264-80de-326e594526f8','ad71952e-7842-599e-a19e-3a82e6974b23','GET /secrets/resource/cec328ec-cb1f-48f6-be1e-1ca35fc3c62d.json',1,'2022-12-22 22:32:36'),('5299ea4e-b876-4f3f-b98b-d3a73e5135e2','61a828cd-768f-4264-80de-326e594526f8','83bb8bd8-2006-5546-a3bb-9319ae6e8f9d','GET /resources/cec328ec-cb1f-48f6-be1e-1ca35fc3c62d.json',1,'2022-12-22 22:33:14'),('534356a4-0918-45d7-b5aa-ad62e4bc9184',NULL,'748dcd10-7d15-5498-9aa6-d26de348ff02','GET /auth/verify.json',1,'2022-12-22 22:16:53'),('534795fd-d606-407d-8b9c-1f5a509c3292','61a828cd-768f-4264-80de-326e594526f8','ad71952e-7842-599e-a19e-3a82e6974b23','GET /secrets/resource/184734ea-8be3-4f5a-ba6c-5f4b3c0603e8.json',1,'2023-01-11 08:30:10'),('535db31a-9692-4c52-b083-c257e8d5894a','61a828cd-768f-4264-80de-326e594526f8','ad71952e-7842-599e-a19e-3a82e6974b23','GET /secrets/resource/cec328ec-cb1f-48f6-be1e-1ca35fc3c62d.json',1,'2022-12-22 22:33:02'),('535e24ee-e313-463b-8abe-c6b56572d746','61a828cd-768f-4264-80de-326e594526f8','ad71952e-7842-599e-a19e-3a82e6974b23','GET /secrets/resource/184734ea-8be3-4f5a-ba6c-5f4b3c0603e8.json',1,'2022-12-22 22:32:47'),('53f35d19-617d-4e70-af37-6448e34b3924','61a828cd-768f-4264-80de-326e594526f8','d77de180-4626-54dd-80fb-a095ecc22aac','GET /resource-types/a28a04cd-6f53-518a-967c-9963bf9cec51.json',1,'2022-12-22 22:33:09'),('54129dee-7ba2-4e8e-936f-878d5d3709ba','61a828cd-768f-4264-80de-326e594526f8','881ab948-e40f-5a72-91aa-54b442270029','GET /users/me.json',1,'2023-01-06 10:22:35'),('54a5965e-8fb1-474f-9a8a-61506a0627b9','61a828cd-768f-4264-80de-326e594526f8','ad71952e-7842-599e-a19e-3a82e6974b23','GET /secrets/resource/184734ea-8be3-4f5a-ba6c-5f4b3c0603e8.json',1,'2022-12-22 22:33:03'),('54d33c78-db93-45d8-913c-d6eda27f9ed6','61a828cd-768f-4264-80de-326e594526f8','c506210f-7866-5691-8fc1-58772e8f49f1','GET /resources.json',1,'2022-12-22 22:17:55'),('5547d240-0438-4465-b528-4078b7b87780',NULL,'a3c19ad2-8920-5395-86d0-8567cb34f382','POST /auth/login.json',1,'2022-12-22 22:33:04'),('55500847-e665-4e1a-8ddb-fd082080340a','61a828cd-768f-4264-80de-326e594526f8','a3c19ad2-8920-5395-86d0-8567cb34f382','POST /auth/login.json',1,'2022-12-22 22:33:13'),('562424e6-f7bf-45cb-8297-05631f94243d','61a828cd-768f-4264-80de-326e594526f8','d77de180-4626-54dd-80fb-a095ecc22aac','GET /resource-types/a28a04cd-6f53-518a-967c-9963bf9cec51.json',1,'2022-12-22 22:32:51'),('56326f24-0e5d-46c4-891e-0fbf5fb2ea58','61a828cd-768f-4264-80de-326e594526f8','83bb8bd8-2006-5546-a3bb-9319ae6e8f9d','GET /resources/cec328ec-cb1f-48f6-be1e-1ca35fc3c62d.json',1,'2022-12-22 22:32:45'),('56588360-3418-43d5-913a-1c00786754c8','61a828cd-768f-4264-80de-326e594526f8','c506210f-7866-5691-8fc1-58772e8f49f1','GET /resources.json',1,'2022-12-22 22:32:53'),('56739daa-3d91-4556-bc52-103f7b0cf90f','61a828cd-768f-4264-80de-326e594526f8','d77de180-4626-54dd-80fb-a095ecc22aac','GET /resource-types/a28a04cd-6f53-518a-967c-9963bf9cec51.json',1,'2022-12-22 22:32:34'),('56ae8dc5-c7c1-4031-96aa-021640613313','61a828cd-768f-4264-80de-326e594526f8','d7bc9044-a64e-5421-a4d7-7a94eaa39d37','GET /users.json',1,'2022-12-22 22:24:51'),('56df8999-b014-45e2-ad84-d168f4ea85e7','61a828cd-768f-4264-80de-326e594526f8','a3c19ad2-8920-5395-86d0-8567cb34f382','POST /auth/login.json',1,'2023-01-11 08:28:54'),('5729a652-9abf-4dfd-aaff-12e357b60449','61a828cd-768f-4264-80de-326e594526f8','058f384b-6685-55ac-8e82-9b0579a4e210','GET /account/settings/themes.json',1,'2022-12-22 22:20:51'),('586dbcd2-e902-4be4-8ec6-6763d89eceb5','61a828cd-768f-4264-80de-326e594526f8','83bb8bd8-2006-5546-a3bb-9319ae6e8f9d','GET /resources/184734ea-8be3-4f5a-ba6c-5f4b3c0603e8.json',1,'2022-12-22 22:32:40'),('58f08429-56a4-408a-bac1-56b9cb9b8eb9','61a828cd-768f-4264-80de-326e594526f8','ad71952e-7842-599e-a19e-3a82e6974b23','GET /secrets/resource/184734ea-8be3-4f5a-ba6c-5f4b3c0603e8.json',1,'2023-01-11 08:29:02'),('593d3bf6-476c-4751-b13e-8f3613c699bc','61a828cd-768f-4264-80de-326e594526f8','ad71952e-7842-599e-a19e-3a82e6974b23','GET /secrets/resource/cec328ec-cb1f-48f6-be1e-1ca35fc3c62d.json',1,'2022-12-22 22:33:27'),('5979d60a-99a1-46f3-92fe-e6d2bc200625','61a828cd-768f-4264-80de-326e594526f8','d77de180-4626-54dd-80fb-a095ecc22aac','GET /resource-types/a28a04cd-6f53-518a-967c-9963bf9cec51.json',1,'2022-12-22 22:33:30'),('597fdf6e-0a4d-4d17-97d9-507eef30237e','61a828cd-768f-4264-80de-326e594526f8','881ab948-e40f-5a72-91aa-54b442270029','GET /users/me.json',1,'2022-12-22 22:33:02'),('5a0dc268-e78e-44ca-948d-79528290b56b','61a828cd-768f-4264-80de-326e594526f8','d77de180-4626-54dd-80fb-a095ecc22aac','GET /resource-types/a28a04cd-6f53-518a-967c-9963bf9cec51.json',1,'2022-12-22 22:32:38'),('5a65af35-2e8e-4817-a5d8-e06a09a20336','61a828cd-768f-4264-80de-326e594526f8','ad71952e-7842-599e-a19e-3a82e6974b23','GET /secrets/resource/cec328ec-cb1f-48f6-be1e-1ca35fc3c62d.json',1,'2022-12-22 22:33:23'),('5a746a36-3b5b-4160-b6a3-671989fac242','61a828cd-768f-4264-80de-326e594526f8','881ab948-e40f-5a72-91aa-54b442270029','GET /users/me.json',1,'2022-12-22 22:33:21'),('5a7f69dc-f23c-4d29-ad36-e3631e32a49d','61a828cd-768f-4264-80de-326e594526f8','83bb8bd8-2006-5546-a3bb-9319ae6e8f9d','GET /resources/cec328ec-cb1f-48f6-be1e-1ca35fc3c62d.json',1,'2022-12-22 22:32:57'),('5abecd08-e0b6-46e1-b626-83cf1d998f2d','61a828cd-768f-4264-80de-326e594526f8','d77de180-4626-54dd-80fb-a095ecc22aac','GET /resource-types/a28a04cd-6f53-518a-967c-9963bf9cec51.json',1,'2022-12-22 22:33:00'),('5aed5da7-89e2-485b-a933-cc63d96b8479','61a828cd-768f-4264-80de-326e594526f8','83bb8bd8-2006-5546-a3bb-9319ae6e8f9d','GET /resources/cec328ec-cb1f-48f6-be1e-1ca35fc3c62d.json',1,'2022-12-22 22:33:19'),('5b4d19d2-0b9c-4659-bd0d-b9c0cd58e9ab','61a828cd-768f-4264-80de-326e594526f8','83bb8bd8-2006-5546-a3bb-9319ae6e8f9d','GET /resources/184734ea-8be3-4f5a-ba6c-5f4b3c0603e8.json',1,'2022-12-22 22:33:15'),('5bafb8f3-89e8-4c33-9078-547936263e0a','61a828cd-768f-4264-80de-326e594526f8','d77de180-4626-54dd-80fb-a095ecc22aac','GET /resource-types/a28a04cd-6f53-518a-967c-9963bf9cec51.json',1,'2022-12-22 22:33:26'),('5be85860-0bd3-4363-9fb2-05a53e72d0b0','61a828cd-768f-4264-80de-326e594526f8','d77de180-4626-54dd-80fb-a095ecc22aac','GET /resource-types/a28a04cd-6f53-518a-967c-9963bf9cec51.json',1,'2023-01-06 10:23:45'),('5c035982-06d3-40d7-9e4d-d4f30a9a6270','61a828cd-768f-4264-80de-326e594526f8','83bb8bd8-2006-5546-a3bb-9319ae6e8f9d','GET /resources/cec328ec-cb1f-48f6-be1e-1ca35fc3c62d.json',1,'2022-12-22 22:33:02'),('5ca4dc28-d515-492d-bfdb-1106769131b8','61a828cd-768f-4264-80de-326e594526f8','881ab948-e40f-5a72-91aa-54b442270029','GET /users/me.json',1,'2022-12-22 22:33:06'),('5ca70276-a4a3-4a94-8c47-02438ea0012c','61a828cd-768f-4264-80de-326e594526f8','881ab948-e40f-5a72-91aa-54b442270029','GET /users/me.json',1,'2022-12-22 22:32:44'),('5d0197a8-a957-463d-9ab4-4e2e0859adb8','61a828cd-768f-4264-80de-326e594526f8','a3c19ad2-8920-5395-86d0-8567cb34f382','POST /auth/login.json',1,'2022-12-22 22:33:25'),('5d18e1d8-1307-4059-a2a5-b62afdda8a17','61a828cd-768f-4264-80de-326e594526f8','a3c19ad2-8920-5395-86d0-8567cb34f382','POST /auth/login.json',1,'2023-01-11 08:28:59'),('5d197274-f3e1-4560-aed2-505eb094c1b0','61a828cd-768f-4264-80de-326e594526f8','d77de180-4626-54dd-80fb-a095ecc22aac','GET /resource-types/a28a04cd-6f53-518a-967c-9963bf9cec51.json',1,'2022-12-22 22:32:45'),('5d2370da-6541-42e1-aee9-d0b48a4b0774',NULL,'a3c19ad2-8920-5395-86d0-8567cb34f382','POST /auth/login.json',1,'2023-01-06 10:22:35'),('5d41b489-16d4-457a-a522-dd5b169de917','61a828cd-768f-4264-80de-326e594526f8','d7bc9044-a64e-5421-a4d7-7a94eaa39d37','GET /users.json',1,'2022-12-22 22:25:34'),('5dafc2bb-e261-4afc-831d-e4179cfe2cc4','61a828cd-768f-4264-80de-326e594526f8','d77de180-4626-54dd-80fb-a095ecc22aac','GET /resource-types/a28a04cd-6f53-518a-967c-9963bf9cec51.json',1,'2022-12-22 22:32:35'),('5e078c93-6ade-4f4a-83aa-9ac057094e86','61a828cd-768f-4264-80de-326e594526f8','ad71952e-7842-599e-a19e-3a82e6974b23','GET /secrets/resource/cec328ec-cb1f-48f6-be1e-1ca35fc3c62d.json',1,'2022-12-22 22:33:20'),('5e1bd19a-0099-48a8-9710-4ae71bc9f7ca','61a828cd-768f-4264-80de-326e594526f8','ad71952e-7842-599e-a19e-3a82e6974b23','GET /secrets/resource/cec328ec-cb1f-48f6-be1e-1ca35fc3c62d.json',1,'2022-12-22 22:33:18'),('5e364ebb-6226-43b0-b474-95199cec59c7','61a828cd-768f-4264-80de-326e594526f8','ad71952e-7842-599e-a19e-3a82e6974b23','GET /secrets/resource/cec328ec-cb1f-48f6-be1e-1ca35fc3c62d.json',1,'2022-12-22 22:33:07'),('5e74b649-f26f-4058-88f1-cb6118ca52d3','61a828cd-768f-4264-80de-326e594526f8','a3c19ad2-8920-5395-86d0-8567cb34f382','POST /auth/login.json',1,'2022-12-22 22:32:37'),('5e8acab7-39f9-4567-b399-8b9e87dd88a2','61a828cd-768f-4264-80de-326e594526f8','ad71952e-7842-599e-a19e-3a82e6974b23','GET /secrets/resource/cec328ec-cb1f-48f6-be1e-1ca35fc3c62d.json',1,'2022-12-22 22:33:30'),('5eba571a-6285-4b8d-a536-3ba22716891b','61a828cd-768f-4264-80de-326e594526f8','3cffe6ef-ea4c-5bc3-869b-945f26e2601a','GET /groups.json',1,'2022-12-22 22:24:33'),('5ebf96cf-9bd1-45df-93b2-ea0ce39345da','61a828cd-768f-4264-80de-326e594526f8','83bb8bd8-2006-5546-a3bb-9319ae6e8f9d','GET /resources/184734ea-8be3-4f5a-ba6c-5f4b3c0603e8.json',1,'2023-01-11 08:29:00'),('5ef2d257-bfa1-4ab2-b646-1beb1b813454','61a828cd-768f-4264-80de-326e594526f8','d77de180-4626-54dd-80fb-a095ecc22aac','GET /resource-types/a28a04cd-6f53-518a-967c-9963bf9cec51.json',1,'2022-12-22 22:33:25'),('5ef9e8e8-2288-4616-a267-cf4370ae969d','61a828cd-768f-4264-80de-326e594526f8','d77de180-4626-54dd-80fb-a095ecc22aac','GET /resource-types/a28a04cd-6f53-518a-967c-9963bf9cec51.json',1,'2022-12-22 22:32:55'),('5f6eac43-471d-4a39-a1f0-bb318a6cc13f','61a828cd-768f-4264-80de-326e594526f8','83bb8bd8-2006-5546-a3bb-9319ae6e8f9d','GET /resources/184734ea-8be3-4f5a-ba6c-5f4b3c0603e8.json',1,'2023-01-11 08:29:02'),('5f9ba20f-ade5-4c99-aa25-c74a1e33cae6','61a828cd-768f-4264-80de-326e594526f8','a3c19ad2-8920-5395-86d0-8567cb34f382','POST /auth/login.json',1,'2022-12-22 22:33:02'),('5fca72dd-a84c-4f3c-b68e-76d11409ede6','61a828cd-768f-4264-80de-326e594526f8','ad71952e-7842-599e-a19e-3a82e6974b23','GET /secrets/resource/184734ea-8be3-4f5a-ba6c-5f4b3c0603e8.json',1,'2022-12-22 22:33:21'),('6037c700-4545-48ea-8ae0-d2dbafa3f774',NULL,'a3c19ad2-8920-5395-86d0-8567cb34f382','POST /auth/login.json',1,'2022-12-22 22:33:06'),('60868bc6-f8b4-4caf-ad2e-88fdaece12a5','61a828cd-768f-4264-80de-326e594526f8','d77de180-4626-54dd-80fb-a095ecc22aac','GET /resource-types/a28a04cd-6f53-518a-967c-9963bf9cec51.json',1,'2022-12-22 22:33:13'),('60a4a8ec-3225-4235-871c-d8004eb2f15e','61a828cd-768f-4264-80de-326e594526f8','d77de180-4626-54dd-80fb-a095ecc22aac','GET /resource-types/a28a04cd-6f53-518a-967c-9963bf9cec51.json',1,'2022-12-22 22:33:03'),('60b7a4b2-cf91-4d8f-8f0b-a5b77b836e8f',NULL,'bef9f3ca-86ef-5c6a-9b38-320e03ceb5df','GET /settings.json',1,'2023-01-05 16:21:05'),('60e51ce4-b61c-491d-a516-ac2b7254684c','61a828cd-768f-4264-80de-326e594526f8','83bb8bd8-2006-5546-a3bb-9319ae6e8f9d','GET /resources/184734ea-8be3-4f5a-ba6c-5f4b3c0603e8.json',1,'2022-12-22 22:32:47'),('613ea31c-c4d1-4f5a-8b9b-e15a9529f34b','61a828cd-768f-4264-80de-326e594526f8','d77de180-4626-54dd-80fb-a095ecc22aac','GET /resource-types/a28a04cd-6f53-518a-967c-9963bf9cec51.json',1,'2022-12-22 22:32:49'),('6179dfe6-617c-42a0-b9c6-3254b4ac286b','61a828cd-768f-4264-80de-326e594526f8','a3c19ad2-8920-5395-86d0-8567cb34f382','POST /auth/login.json',1,'2022-12-22 22:33:24'),('61a51383-e23a-48eb-85e6-2838ccfe6907','61a828cd-768f-4264-80de-326e594526f8','881ab948-e40f-5a72-91aa-54b442270029','GET /users/me.json',1,'2022-12-22 22:32:48'),('623ae83e-d80b-4309-9732-722ec86cb99a','61a828cd-768f-4264-80de-326e594526f8','83bb8bd8-2006-5546-a3bb-9319ae6e8f9d','GET /resources/184734ea-8be3-4f5a-ba6c-5f4b3c0603e8.json',1,'2022-12-22 22:32:52'),('62518fa8-c29d-4622-b2f1-c84c71e39e95','61a828cd-768f-4264-80de-326e594526f8','83bb8bd8-2006-5546-a3bb-9319ae6e8f9d','GET /resources/184734ea-8be3-4f5a-ba6c-5f4b3c0603e8.json',1,'2022-12-22 22:33:28'),('62bb4fce-7874-4b90-9060-e0bce4dc80f5','61a828cd-768f-4264-80de-326e594526f8','ad71952e-7842-599e-a19e-3a82e6974b23','GET /secrets/resource/cec328ec-cb1f-48f6-be1e-1ca35fc3c62d.json',1,'2022-12-22 22:33:11'),('62c18cfb-2356-4a65-949f-3fbd2fd2be8f','61a828cd-768f-4264-80de-326e594526f8','a3c19ad2-8920-5395-86d0-8567cb34f382','POST /auth/login.json',1,'2022-12-22 22:32:35'),('638f0b3f-bc9c-48c1-a79a-77ead4a17ed1','61a828cd-768f-4264-80de-326e594526f8','d77de180-4626-54dd-80fb-a095ecc22aac','GET /resource-types/a28a04cd-6f53-518a-967c-9963bf9cec51.json',1,'2022-12-22 22:32:39'),('63a72b48-d867-4313-83eb-0b1ea5581d1c','61a828cd-768f-4264-80de-326e594526f8','83bb8bd8-2006-5546-a3bb-9319ae6e8f9d','GET /resources/cec328ec-cb1f-48f6-be1e-1ca35fc3c62d.json',1,'2022-12-22 22:33:09'),('63cf2303-a8c0-4d0a-865a-d769120210af','61a828cd-768f-4264-80de-326e594526f8','881ab948-e40f-5a72-91aa-54b442270029','GET /users/me.json',1,'2023-01-11 08:28:54'),('642a37c4-7cd9-4512-b824-75317d083c64','61a828cd-768f-4264-80de-326e594526f8','ad71952e-7842-599e-a19e-3a82e6974b23','GET /secrets/resource/184734ea-8be3-4f5a-ba6c-5f4b3c0603e8.json',1,'2022-12-22 22:33:10'),('648260b0-348c-4f84-91b3-705adcd51a72','61a828cd-768f-4264-80de-326e594526f8','83bb8bd8-2006-5546-a3bb-9319ae6e8f9d','GET /resources/184734ea-8be3-4f5a-ba6c-5f4b3c0603e8.json',1,'2023-01-11 08:30:10'),('64d1e2f2-d673-461b-ae49-15827ec1b8e9',NULL,'a3c19ad2-8920-5395-86d0-8567cb34f382','POST /auth/login.json',1,'2023-01-11 08:28:54'),('64e99038-9160-4a67-89c2-2e3294a6f0f1','61a828cd-768f-4264-80de-326e594526f8','ad71952e-7842-599e-a19e-3a82e6974b23','GET /secrets/resource/184734ea-8be3-4f5a-ba6c-5f4b3c0603e8.json',1,'2022-12-22 22:32:39'),('65b99ba0-85f7-4a0b-99e7-7d21b72d0d22','61a828cd-768f-4264-80de-326e594526f8','ad71952e-7842-599e-a19e-3a82e6974b23','GET /secrets/resource/cec328ec-cb1f-48f6-be1e-1ca35fc3c62d.json',1,'2022-12-22 22:33:27'),('65be6c88-5e0a-41c9-8491-1c5600ac7d9d','61a828cd-768f-4264-80de-326e594526f8','ad71952e-7842-599e-a19e-3a82e6974b23','GET /secrets/resource/cec328ec-cb1f-48f6-be1e-1ca35fc3c62d.json',1,'2022-12-22 22:32:43'),('6654ace2-32f8-4681-91a1-438ccbeed474','61a828cd-768f-4264-80de-326e594526f8','83bb8bd8-2006-5546-a3bb-9319ae6e8f9d','GET /resources/184734ea-8be3-4f5a-ba6c-5f4b3c0603e8.json',1,'2022-12-22 22:33:12'),('667e6f1e-bf0e-4652-974a-dccc73684e3d',NULL,'a3c19ad2-8920-5395-86d0-8567cb34f382','POST /auth/login.json',1,'2022-12-22 22:33:14'),('66cc57a0-8fe3-48e8-92d2-20e7b320f8c8',NULL,'caea12fd-e0f8-5d68-aa19-d7b25119740e','GET /users/csrf-token.json',1,'2022-12-22 22:17:55'),('6727994c-c4ea-492a-88fd-e9d8545b4713','61a828cd-768f-4264-80de-326e594526f8','ad71952e-7842-599e-a19e-3a82e6974b23','GET /secrets/resource/184734ea-8be3-4f5a-ba6c-5f4b3c0603e8.json',1,'2023-01-11 08:29:00'),('675f991e-b8ff-4e57-a076-60328d00cca5','61a828cd-768f-4264-80de-326e594526f8','d77de180-4626-54dd-80fb-a095ecc22aac','GET /resource-types/a28a04cd-6f53-518a-967c-9963bf9cec51.json',1,'2022-12-22 22:33:30'),('6775a906-7885-45ea-bc15-239680821406','61a828cd-768f-4264-80de-326e594526f8','881ab948-e40f-5a72-91aa-54b442270029','GET /users/me.json',1,'2023-01-11 08:29:00'),('67e9105a-0110-48a1-b07d-2adb4680db0a','61a828cd-768f-4264-80de-326e594526f8','83bb8bd8-2006-5546-a3bb-9319ae6e8f9d','GET /resources/184734ea-8be3-4f5a-ba6c-5f4b3c0603e8.json',1,'2022-12-22 22:33:10'),('67fd28df-2d13-497e-9050-ce06c6c402ed','61a828cd-768f-4264-80de-326e594526f8','c506210f-7866-5691-8fc1-58772e8f49f1','GET /resources.json',1,'2023-01-06 10:22:29'),('68306365-93cc-4b33-a006-49cd502b2b8a','61a828cd-768f-4264-80de-326e594526f8','a3c19ad2-8920-5395-86d0-8567cb34f382','POST /auth/login.json',1,'2023-01-06 10:22:35'),('6844a348-76c7-4ca2-93a2-d03756899c4c','61a828cd-768f-4264-80de-326e594526f8','83bb8bd8-2006-5546-a3bb-9319ae6e8f9d','GET /resources/184734ea-8be3-4f5a-ba6c-5f4b3c0603e8.json',1,'2023-01-06 10:22:36'),('689833b5-b0f3-41b1-a35c-c39a2e67a4ab','61a828cd-768f-4264-80de-326e594526f8','83bb8bd8-2006-5546-a3bb-9319ae6e8f9d','GET /resources/184734ea-8be3-4f5a-ba6c-5f4b3c0603e8.json',1,'2022-12-22 22:32:36'),('68e10b0e-9b86-43ea-8351-04685e027215','61a828cd-768f-4264-80de-326e594526f8','748dcd10-7d15-5498-9aa6-d26de348ff02','GET /auth/verify.json',1,'2022-12-22 22:17:57'),('691cd1d4-0e83-4ca7-92ab-7fb7f59d08a4','61a828cd-768f-4264-80de-326e594526f8','bef9f3ca-86ef-5c6a-9b38-320e03ceb5df','GET /settings.json',1,'2022-12-22 22:24:33'),('6939ce9f-c01b-4856-abca-273a32b42923','61a828cd-768f-4264-80de-326e594526f8','d77de180-4626-54dd-80fb-a095ecc22aac','GET /resource-types/a28a04cd-6f53-518a-967c-9963bf9cec51.json',1,'2022-12-22 22:32:49'),('69520ecd-ad42-4e9c-a6a1-ff35e51cb6ce','61a828cd-768f-4264-80de-326e594526f8','83bb8bd8-2006-5546-a3bb-9319ae6e8f9d','GET /resources/184734ea-8be3-4f5a-ba6c-5f4b3c0603e8.json',1,'2022-12-22 22:32:57'),('69614ac7-f25a-488c-a209-569c1998bfbe','61a828cd-768f-4264-80de-326e594526f8','83bb8bd8-2006-5546-a3bb-9319ae6e8f9d','GET /resources/cec328ec-cb1f-48f6-be1e-1ca35fc3c62d.json',1,'2022-12-22 22:32:57'),('6965fa9b-668d-4201-98bd-30dfff84826f',NULL,'a3c19ad2-8920-5395-86d0-8567cb34f382','POST /auth/login.json',1,'2022-12-22 22:32:44'),('6976efa0-2311-4526-8c04-734c0b23bebd','61a828cd-768f-4264-80de-326e594526f8','c506210f-7866-5691-8fc1-58772e8f49f1','GET /resources.json',1,'2023-01-06 10:22:37'),('6999db68-0168-4b2b-9bf4-29363225b6b4','61a828cd-768f-4264-80de-326e594526f8','d77de180-4626-54dd-80fb-a095ecc22aac','GET /resource-types/a28a04cd-6f53-518a-967c-9963bf9cec51.json',1,'2022-12-22 22:32:39'),('69baf9b8-da74-4b56-a349-665f0c5ec0fd','61a828cd-768f-4264-80de-326e594526f8','83bb8bd8-2006-5546-a3bb-9319ae6e8f9d','GET /resources/184734ea-8be3-4f5a-ba6c-5f4b3c0603e8.json',1,'2022-12-22 22:33:03'),('69eeabba-6195-4159-8094-9afd64e7aba0','61a828cd-768f-4264-80de-326e594526f8','83bb8bd8-2006-5546-a3bb-9319ae6e8f9d','GET /resources/184734ea-8be3-4f5a-ba6c-5f4b3c0603e8.json',1,'2022-12-22 22:32:49'),('6a0c3975-7103-4770-80f5-099788abd285','61a828cd-768f-4264-80de-326e594526f8','83bb8bd8-2006-5546-a3bb-9319ae6e8f9d','GET /resources/184734ea-8be3-4f5a-ba6c-5f4b3c0603e8.json',1,'2022-12-22 22:32:41'),('6a41c571-d8e7-4da2-ac59-5d483af4cd40','61a828cd-768f-4264-80de-326e594526f8','ad71952e-7842-599e-a19e-3a82e6974b23','GET /secrets/resource/cec328ec-cb1f-48f6-be1e-1ca35fc3c62d.json',1,'2022-12-22 22:33:09'),('6a5d82f3-1e32-484c-a4f6-5eafa5ead9fd',NULL,'a3c19ad2-8920-5395-86d0-8567cb34f382','POST /auth/verify.json',1,'2023-01-11 08:56:52'),('6b10640e-2eaa-4c60-b80c-d473252048ca','61a828cd-768f-4264-80de-326e594526f8','d77de180-4626-54dd-80fb-a095ecc22aac','GET /resource-types/a28a04cd-6f53-518a-967c-9963bf9cec51.json',1,'2023-01-11 08:29:00'),('6b515fd0-d441-4420-8729-fc541b19ba05','61a828cd-768f-4264-80de-326e594526f8','83bb8bd8-2006-5546-a3bb-9319ae6e8f9d','GET /resources/184734ea-8be3-4f5a-ba6c-5f4b3c0603e8.json',1,'2022-12-22 22:33:01'),('6baf3eb8-ecfe-45b8-a30a-de9763c24aef','61a828cd-768f-4264-80de-326e594526f8','c506210f-7866-5691-8fc1-58772e8f49f1','GET /resources.json',1,'2022-12-22 22:33:22'),('6bb99dfa-6965-4216-b503-27eed7e8c537',NULL,'a3c19ad2-8920-5395-86d0-8567cb34f382','POST /auth/login.json',1,'2022-12-22 22:32:32'),('6bc47d1d-64ab-4dc4-ad25-f8f7906d8f68','61a828cd-768f-4264-80de-326e594526f8','881ab948-e40f-5a72-91aa-54b442270029','GET /users/me.json',1,'2022-12-22 22:32:50'),('6c8c517f-e5fa-43fa-bf3b-b4fb8f11350a','61a828cd-768f-4264-80de-326e594526f8','3cffe6ef-ea4c-5bc3-869b-945f26e2601a','GET /groups.json',1,'2022-12-22 22:17:55'),('6c9c3a93-fdd8-4ee3-9b47-45a089f83c2e','61a828cd-768f-4264-80de-326e594526f8','83bb8bd8-2006-5546-a3bb-9319ae6e8f9d','GET /resources/cec328ec-cb1f-48f6-be1e-1ca35fc3c62d.json',1,'2022-12-22 22:32:45'),('6d2ef656-02de-4c69-925a-b8c090b5d849','61a828cd-768f-4264-80de-326e594526f8','d77de180-4626-54dd-80fb-a095ecc22aac','GET /resource-types/a28a04cd-6f53-518a-967c-9963bf9cec51.json',1,'2023-01-06 10:23:46'),('6d7063ba-360d-44f5-aaf2-93d0cedce280','61a828cd-768f-4264-80de-326e594526f8','d77de180-4626-54dd-80fb-a095ecc22aac','GET /resource-types/a28a04cd-6f53-518a-967c-9963bf9cec51.json',1,'2023-01-11 08:29:00'),('6d8d7c1a-63a8-477d-894c-bdca70b1a900','61a828cd-768f-4264-80de-326e594526f8','d77de180-4626-54dd-80fb-a095ecc22aac','GET /resource-types/a28a04cd-6f53-518a-967c-9963bf9cec51.json',1,'2022-12-22 22:33:21'),('6d93c4c9-a35c-499b-b489-08493639ae89','61a828cd-768f-4264-80de-326e594526f8','ad71952e-7842-599e-a19e-3a82e6974b23','GET /secrets/resource/cec328ec-cb1f-48f6-be1e-1ca35fc3c62d.json',1,'2022-12-22 22:32:55'),('6dc0dd9b-9758-4e36-9694-a70301be0bdc','61a828cd-768f-4264-80de-326e594526f8','83bb8bd8-2006-5546-a3bb-9319ae6e8f9d','GET /resources/cec328ec-cb1f-48f6-be1e-1ca35fc3c62d.json',1,'2022-12-22 22:33:25'),('6dd6d3a4-5ce3-4ea8-abb7-758c3a9ef8de','61a828cd-768f-4264-80de-326e594526f8','d7bc9044-a64e-5421-a4d7-7a94eaa39d37','GET /users.json',1,'2022-12-22 22:24:55'),('6f289836-a531-4503-b908-29beb83a6cc5','61a828cd-768f-4264-80de-326e594526f8','ad71952e-7842-599e-a19e-3a82e6974b23','GET /secrets/resource/184734ea-8be3-4f5a-ba6c-5f4b3c0603e8.json',1,'2022-12-22 22:33:24'),('6f310c4f-2fdc-4637-889e-26d22a630719','61a828cd-768f-4264-80de-326e594526f8','d77de180-4626-54dd-80fb-a095ecc22aac','GET /resource-types/a28a04cd-6f53-518a-967c-9963bf9cec51.json',1,'2022-12-22 22:33:05'),('6f99b83e-f84a-46d4-b985-85cbb8ffcdca',NULL,'a3c19ad2-8920-5395-86d0-8567cb34f382','POST /auth/login.json',1,'2023-01-06 10:22:36'),('708d4d8f-d791-4bb4-aef1-f5c7aee887eb','61a828cd-768f-4264-80de-326e594526f8','83bb8bd8-2006-5546-a3bb-9319ae6e8f9d','GET /resources/184734ea-8be3-4f5a-ba6c-5f4b3c0603e8.json',1,'2022-12-22 22:33:30'),('70f4e6de-e12a-4eea-b914-3ecf47127ae1','61a828cd-768f-4264-80de-326e594526f8','ad71952e-7842-599e-a19e-3a82e6974b23','GET /secrets/resource/cec328ec-cb1f-48f6-be1e-1ca35fc3c62d.json',1,'2022-12-22 22:32:40'),('72090554-09f3-4171-8f23-754727f5afca','61a828cd-768f-4264-80de-326e594526f8','d77de180-4626-54dd-80fb-a095ecc22aac','GET /resource-types/a28a04cd-6f53-518a-967c-9963bf9cec51.json',1,'2022-12-22 22:33:14'),('727f730b-550e-43b7-a431-e9dcb6d2f6b4','61a828cd-768f-4264-80de-326e594526f8','d77de180-4626-54dd-80fb-a095ecc22aac','GET /resource-types/a28a04cd-6f53-518a-967c-9963bf9cec51.json',1,'2022-12-22 22:33:22'),('72cf6f0c-41f3-42e1-9598-5137a5fbf49d','61a828cd-768f-4264-80de-326e594526f8','d77de180-4626-54dd-80fb-a095ecc22aac','GET /resource-types/a28a04cd-6f53-518a-967c-9963bf9cec51.json',1,'2022-12-22 22:32:33'),('72d0bf81-19ac-4505-9baa-be22a7551392','61a828cd-768f-4264-80de-326e594526f8','ad71952e-7842-599e-a19e-3a82e6974b23','GET /secrets/resource/cec328ec-cb1f-48f6-be1e-1ca35fc3c62d.json',1,'2022-12-22 22:32:34'),('72feacd1-5a89-4255-986d-b99702f6d83d','61a828cd-768f-4264-80de-326e594526f8','ad71952e-7842-599e-a19e-3a82e6974b23','GET /secrets/resource/184734ea-8be3-4f5a-ba6c-5f4b3c0603e8.json',1,'2023-01-06 10:23:46'),('732dc293-018c-41f5-b4cd-1fcc9cc32a93','61a828cd-768f-4264-80de-326e594526f8','d77de180-4626-54dd-80fb-a095ecc22aac','GET /resource-types/a28a04cd-6f53-518a-967c-9963bf9cec51.json',1,'2022-12-22 22:33:07'),('734892ec-8832-43c6-83ef-b50657bdf917','61a828cd-768f-4264-80de-326e594526f8','ad71952e-7842-599e-a19e-3a82e6974b23','GET /secrets/resource/cec328ec-cb1f-48f6-be1e-1ca35fc3c62d.json',1,'2022-12-22 22:32:46'),('7365de64-24da-427f-801f-0df93275691b','61a828cd-768f-4264-80de-326e594526f8','a3c19ad2-8920-5395-86d0-8567cb34f382','POST /auth/login.json',1,'2022-12-22 22:32:57'),('738f2af5-6281-4481-800e-743ff214d28f','61a828cd-768f-4264-80de-326e594526f8','ad8bbc35-6435-538e-b1a7-80b87bcedb6a','POST /resources.json',1,'2022-12-22 22:28:43'),('739324f0-9e6c-45d4-b98a-ed9b3ad3e9ed','61a828cd-768f-4264-80de-326e594526f8','d77de180-4626-54dd-80fb-a095ecc22aac','GET /resource-types/a28a04cd-6f53-518a-967c-9963bf9cec51.json',1,'2022-12-22 22:32:57'),('73ca81d8-aca3-45b5-9276-03d0724e8f33','61a828cd-768f-4264-80de-326e594526f8','83bb8bd8-2006-5546-a3bb-9319ae6e8f9d','GET /resources/cec328ec-cb1f-48f6-be1e-1ca35fc3c62d.json',1,'2022-12-22 22:32:51'),('73e685ba-0faf-4b0a-888e-c40e1aa1e985','61a828cd-768f-4264-80de-326e594526f8','ad71952e-7842-599e-a19e-3a82e6974b23','GET /secrets/resource/184734ea-8be3-4f5a-ba6c-5f4b3c0603e8.json',1,'2023-01-11 08:29:00'),('74066215-f885-4865-a2ae-079c115dcae2','61a828cd-768f-4264-80de-326e594526f8','d77de180-4626-54dd-80fb-a095ecc22aac','GET /resource-types/a28a04cd-6f53-518a-967c-9963bf9cec51.json',1,'2022-12-22 22:33:29'),('746b123b-e968-46cf-9ea8-84b1bed414ec','61a828cd-768f-4264-80de-326e594526f8','ad71952e-7842-599e-a19e-3a82e6974b23','GET /secrets/resource/cec328ec-cb1f-48f6-be1e-1ca35fc3c62d.json',1,'2022-12-22 22:33:09'),('747b3f09-ccdb-477b-920f-c556e8b4f95a','61a828cd-768f-4264-80de-326e594526f8','83bb8bd8-2006-5546-a3bb-9319ae6e8f9d','GET /resources/184734ea-8be3-4f5a-ba6c-5f4b3c0603e8.json',1,'2022-12-22 22:32:46'),('7488c0c6-c34c-4edc-82e0-8b1ae4c77397','61a828cd-768f-4264-80de-326e594526f8','83bb8bd8-2006-5546-a3bb-9319ae6e8f9d','GET /resources/cec328ec-cb1f-48f6-be1e-1ca35fc3c62d.json',1,'2022-12-22 22:32:35'),('74e74589-fc0a-4536-b156-8561afdfbb03','61a828cd-768f-4264-80de-326e594526f8','881ab948-e40f-5a72-91aa-54b442270029','GET /users/me.json',1,'2023-01-06 10:22:29'),('74fe5cb3-fe5f-4833-961e-bc67bb19747c','61a828cd-768f-4264-80de-326e594526f8','83bb8bd8-2006-5546-a3bb-9319ae6e8f9d','GET /resources/cec328ec-cb1f-48f6-be1e-1ca35fc3c62d.json',1,'2022-12-22 22:32:54'),('74ffd523-41eb-4d08-aa5f-21399c655f46','61a828cd-768f-4264-80de-326e594526f8','a3c19ad2-8920-5395-86d0-8567cb34f382','POST /auth/login.json',1,'2022-12-22 22:32:54'),('7507c7f5-41fb-4485-a7f2-c5b666e8c764','61a828cd-768f-4264-80de-326e594526f8','d77de180-4626-54dd-80fb-a095ecc22aac','GET /resource-types/a28a04cd-6f53-518a-967c-9963bf9cec51.json',1,'2022-12-22 22:33:08'),('7508b0b4-dae6-47b2-ba72-47f62c39e9a8','61a828cd-768f-4264-80de-326e594526f8','83bb8bd8-2006-5546-a3bb-9319ae6e8f9d','GET /resources/184734ea-8be3-4f5a-ba6c-5f4b3c0603e8.json',1,'2022-12-22 22:33:07'),('750a67ea-be69-432d-92e8-5e0fb74877e1','61a828cd-768f-4264-80de-326e594526f8','83bb8bd8-2006-5546-a3bb-9319ae6e8f9d','GET /resources/cec328ec-cb1f-48f6-be1e-1ca35fc3c62d.json',1,'2022-12-22 22:33:18'),('750e53a9-92b3-4688-82c8-96b4276fc8e7','61a828cd-768f-4264-80de-326e594526f8','d77de180-4626-54dd-80fb-a095ecc22aac','GET /resource-types/a28a04cd-6f53-518a-967c-9963bf9cec51.json',1,'2022-12-22 22:33:05'),('751526d8-2694-426b-9d65-c88886bb3db6','61a828cd-768f-4264-80de-326e594526f8','d77de180-4626-54dd-80fb-a095ecc22aac','GET /resource-types/a28a04cd-6f53-518a-967c-9963bf9cec51.json',1,'2022-12-22 22:32:40'),('754ca9cc-ab59-4ff7-b7da-affd5a779d79','61a828cd-768f-4264-80de-326e594526f8','83bb8bd8-2006-5546-a3bb-9319ae6e8f9d','GET /resources/cec328ec-cb1f-48f6-be1e-1ca35fc3c62d.json',1,'2022-12-22 22:32:39'),('75604cf9-84a6-48f4-86e2-047f7b953096','61a828cd-768f-4264-80de-326e594526f8','d77de180-4626-54dd-80fb-a095ecc22aac','GET /resource-types/a28a04cd-6f53-518a-967c-9963bf9cec51.json',1,'2022-12-22 22:33:24'),('756442b0-f227-42c8-bef8-c04b8b21823c','61a828cd-768f-4264-80de-326e594526f8','83bb8bd8-2006-5546-a3bb-9319ae6e8f9d','GET /resources/184734ea-8be3-4f5a-ba6c-5f4b3c0603e8.json',1,'2022-12-22 22:33:13'),('7567f753-1406-4714-9233-05bd81c538d2','61a828cd-768f-4264-80de-326e594526f8','d77de180-4626-54dd-80fb-a095ecc22aac','GET /resource-types/a28a04cd-6f53-518a-967c-9963bf9cec51.json',1,'2022-12-22 22:33:20'),('759c044c-0d54-4e35-8b3e-5c29d73821d0','61a828cd-768f-4264-80de-326e594526f8','d77de180-4626-54dd-80fb-a095ecc22aac','GET /resource-types/a28a04cd-6f53-518a-967c-9963bf9cec51.json',1,'2022-12-22 22:33:04'),('75a7b3f6-bada-4525-8e97-578312e90420','61a828cd-768f-4264-80de-326e594526f8','ad71952e-7842-599e-a19e-3a82e6974b23','GET /secrets/resource/184734ea-8be3-4f5a-ba6c-5f4b3c0603e8.json',1,'2022-12-22 22:33:06'),('75c32eb8-134f-43cf-b6f9-9bef6cbddbb3','61a828cd-768f-4264-80de-326e594526f8','83bb8bd8-2006-5546-a3bb-9319ae6e8f9d','GET /resources/cec328ec-cb1f-48f6-be1e-1ca35fc3c62d.json',1,'2022-12-22 22:32:39'),('75ec019c-2ff6-43a8-af99-5c3aad19530b',NULL,'a3c19ad2-8920-5395-86d0-8567cb34f382','POST /auth/login.json',1,'2023-01-06 10:22:35'),('75f13be7-6eca-4432-9e0b-ba04373e08b7',NULL,'50ca4a19-b782-5842-bd2b-f59e9ff4eef9','GET /setup/start/61a828cd-768f-4264-80de-326e594526f8/e72caff7-25d8-44f6-bdf0-4c70117bf581.json',1,'2022-12-22 22:16:54'),('75fad65e-5080-49a4-b56c-72a0aeb37b0b','61a828cd-768f-4264-80de-326e594526f8','d77de180-4626-54dd-80fb-a095ecc22aac','GET /resource-types/a28a04cd-6f53-518a-967c-9963bf9cec51.json',1,'2022-12-22 22:32:52'),('762827b7-e81b-4154-ade7-a4d0cbacf483','61a828cd-768f-4264-80de-326e594526f8','ad71952e-7842-599e-a19e-3a82e6974b23','GET /secrets/resource/184734ea-8be3-4f5a-ba6c-5f4b3c0603e8.json',1,'2022-12-22 22:32:59'),('76372073-72cc-45e7-872e-15d1f5e22287','61a828cd-768f-4264-80de-326e594526f8','ad71952e-7842-599e-a19e-3a82e6974b23','GET /secrets/resource/184734ea-8be3-4f5a-ba6c-5f4b3c0603e8.json',1,'2022-12-22 22:33:26'),('765b58c3-4926-41df-9918-692d8a20a2a2','61a828cd-768f-4264-80de-326e594526f8','ad71952e-7842-599e-a19e-3a82e6974b23','GET /secrets/resource/184734ea-8be3-4f5a-ba6c-5f4b3c0603e8.json',1,'2022-12-22 22:32:50'),('76a89496-0489-4d5a-a8cc-3b160f85910a','61a828cd-768f-4264-80de-326e594526f8','d77de180-4626-54dd-80fb-a095ecc22aac','GET /resource-types/a28a04cd-6f53-518a-967c-9963bf9cec51.json',1,'2022-12-22 22:32:35'),('76f7f9fa-871a-48a9-abe1-8980750ed6ff',NULL,'a3c19ad2-8920-5395-86d0-8567cb34f382','POST /auth/login.json',1,'2022-12-22 22:33:16'),('771d51a1-42f9-47a2-8476-dc41ba69ac77','61a828cd-768f-4264-80de-326e594526f8','ad71952e-7842-599e-a19e-3a82e6974b23','GET /secrets/resource/cec328ec-cb1f-48f6-be1e-1ca35fc3c62d.json',1,'2022-12-22 22:32:58'),('7742d1a0-2b56-4046-b143-a85a936d2f84','61a828cd-768f-4264-80de-326e594526f8','d77de180-4626-54dd-80fb-a095ecc22aac','GET /resource-types/a28a04cd-6f53-518a-967c-9963bf9cec51.json',1,'2022-12-22 22:33:19'),('7795f531-1f80-41e1-877d-1c20600ecdc8','61a828cd-768f-4264-80de-326e594526f8','ad71952e-7842-599e-a19e-3a82e6974b23','GET /secrets/resource/cec328ec-cb1f-48f6-be1e-1ca35fc3c62d.json',1,'2022-12-22 22:33:02'),('77b52061-b458-40c6-b61c-cba35fdbff9c','61a828cd-768f-4264-80de-326e594526f8','ad71952e-7842-599e-a19e-3a82e6974b23','GET /secrets/resource/cec328ec-cb1f-48f6-be1e-1ca35fc3c62d.json',1,'2022-12-22 22:33:00'),('77ececff-7751-4dca-b925-3e4b672c672b','61a828cd-768f-4264-80de-326e594526f8','ad71952e-7842-599e-a19e-3a82e6974b23','GET /secrets/resource/cec328ec-cb1f-48f6-be1e-1ca35fc3c62d.json',1,'2022-12-22 22:33:25'),('78069aa6-7aa3-476d-816e-402161105efd','61a828cd-768f-4264-80de-326e594526f8','83bb8bd8-2006-5546-a3bb-9319ae6e8f9d','GET /resources/cec328ec-cb1f-48f6-be1e-1ca35fc3c62d.json',1,'2022-12-22 22:32:37'),('781c6e15-40fa-40f0-9822-d3ae87a06086','61a828cd-768f-4264-80de-326e594526f8','ad71952e-7842-599e-a19e-3a82e6974b23','GET /secrets/resource/cec328ec-cb1f-48f6-be1e-1ca35fc3c62d.json',1,'2022-12-22 22:32:48'),('783a629f-4b6c-4a6c-9875-e041e101974c',NULL,'a3c19ad2-8920-5395-86d0-8567cb34f382','POST /auth/login.json',1,'2022-12-22 22:33:22'),('7877536e-04d4-44a1-b4a9-fc484c57a771','61a828cd-768f-4264-80de-326e594526f8','d77de180-4626-54dd-80fb-a095ecc22aac','GET /resource-types/a28a04cd-6f53-518a-967c-9963bf9cec51.json',1,'2022-12-22 22:33:30'),('78899c31-2288-48b8-9039-f8928865c071','61a828cd-768f-4264-80de-326e594526f8','d77de180-4626-54dd-80fb-a095ecc22aac','GET /resource-types/a28a04cd-6f53-518a-967c-9963bf9cec51.json',1,'2022-12-22 22:33:14'),('78cf4f57-63ff-46b9-9159-7a1d7c09bd68','61a828cd-768f-4264-80de-326e594526f8','ad71952e-7842-599e-a19e-3a82e6974b23','GET /secrets/resource/cec328ec-cb1f-48f6-be1e-1ca35fc3c62d.json',1,'2022-12-22 22:32:42'),('78f66ad6-a921-4b63-9e32-b6f2b3f121d3','61a828cd-768f-4264-80de-326e594526f8','ad71952e-7842-599e-a19e-3a82e6974b23','GET /secrets/resource/184734ea-8be3-4f5a-ba6c-5f4b3c0603e8.json',1,'2022-12-22 22:32:41'),('793d871e-8b30-4e04-a853-f5d00487b570',NULL,'a3c19ad2-8920-5395-86d0-8567cb34f382','POST /auth/login.json',1,'2022-12-22 22:32:39'),('7980e67b-64c4-4eba-8bd2-da4e2afe714b','61a828cd-768f-4264-80de-326e594526f8','d77de180-4626-54dd-80fb-a095ecc22aac','GET /resource-types/a28a04cd-6f53-518a-967c-9963bf9cec51.json',1,'2022-12-22 22:32:42'),('7a235f54-5305-4707-9017-16bd9cc0396a','61a828cd-768f-4264-80de-326e594526f8','d77de180-4626-54dd-80fb-a095ecc22aac','GET /resource-types/a28a04cd-6f53-518a-967c-9963bf9cec51.json',1,'2023-01-11 08:29:01'),('7b332c34-ebc5-4f4b-bdd7-ee15053dab5a','61a828cd-768f-4264-80de-326e594526f8','9caaba03-49d2-5273-8097-e278234e71e0','GET /settings/emails/notifications.json',1,'2022-12-22 22:23:50'),('7bcfc209-7985-4e8c-b75f-71ba29a02ce8',NULL,'a3c19ad2-8920-5395-86d0-8567cb34f382','POST /auth/login.json',1,'2022-12-22 22:32:35'),('7c17b1eb-f722-4c2d-9f6a-5faca0bfa5cd','61a828cd-768f-4264-80de-326e594526f8','881ab948-e40f-5a72-91aa-54b442270029','GET /users/me.json',1,'2022-12-22 22:33:15'),('7c343b14-a35e-48cd-8ff7-45a91bdca48e','61a828cd-768f-4264-80de-326e594526f8','d7bc9044-a64e-5421-a4d7-7a94eaa39d37','GET /users.json',1,'2022-12-22 22:25:19'),('7c48760a-a4a9-4f3d-868b-10e6e15eb927','61a828cd-768f-4264-80de-326e594526f8','d77de180-4626-54dd-80fb-a095ecc22aac','GET /resource-types/a28a04cd-6f53-518a-967c-9963bf9cec51.json',1,'2022-12-22 22:33:29'),('7c6dcf8a-2e72-4d6d-90ad-02cd2d9ed037','61a828cd-768f-4264-80de-326e594526f8','83bb8bd8-2006-5546-a3bb-9319ae6e8f9d','GET /resources/cec328ec-cb1f-48f6-be1e-1ca35fc3c62d.json',1,'2022-12-22 22:33:26'),('7cbe6651-2d1b-4d40-85e5-9b256ce02685','61a828cd-768f-4264-80de-326e594526f8','d7bc9044-a64e-5421-a4d7-7a94eaa39d37','GET /users.json',1,'2022-12-22 22:24:51'),('7dc1b08b-cdfe-47c3-bc3a-df8104ac2e2f','61a828cd-768f-4264-80de-326e594526f8','83bb8bd8-2006-5546-a3bb-9319ae6e8f9d','GET /resources/184734ea-8be3-4f5a-ba6c-5f4b3c0603e8.json',1,'2022-12-22 22:33:14'),('7de1038c-23ab-4177-a3fb-590b2081acd0',NULL,'a3c19ad2-8920-5395-86d0-8567cb34f382','POST /auth/login.json',1,'2023-01-06 10:22:29'),('7e252992-9153-4ec9-9cfc-b2762b426741','61a828cd-768f-4264-80de-326e594526f8','ad71952e-7842-599e-a19e-3a82e6974b23','GET /secrets/resource/184734ea-8be3-4f5a-ba6c-5f4b3c0603e8.json',1,'2022-12-22 22:32:49'),('7ea200fe-3b5e-45df-81be-9f094da5da0a','61a828cd-768f-4264-80de-326e594526f8','83bb8bd8-2006-5546-a3bb-9319ae6e8f9d','GET /resources/184734ea-8be3-4f5a-ba6c-5f4b3c0603e8.json',1,'2022-12-22 22:33:31'),('7ec41829-2ad5-4458-8614-d626171ff5b9','61a828cd-768f-4264-80de-326e594526f8','ad71952e-7842-599e-a19e-3a82e6974b23','GET /secrets/resource/184734ea-8be3-4f5a-ba6c-5f4b3c0603e8.json',1,'2022-12-22 22:32:46'),('7ec46837-e25b-4c56-aad7-ab8d9d34fcbf','61a828cd-768f-4264-80de-326e594526f8','a3c19ad2-8920-5395-86d0-8567cb34f382','POST /auth/login.json',1,'2022-12-22 22:32:47'),('7f1d6f2e-ccfa-4764-a57a-e6bb60527636','61a828cd-768f-4264-80de-326e594526f8','83bb8bd8-2006-5546-a3bb-9319ae6e8f9d','GET /resources/cec328ec-cb1f-48f6-be1e-1ca35fc3c62d.json',1,'2022-12-22 22:32:55'),('7f9e977f-4668-4780-b823-d55c11940200','61a828cd-768f-4264-80de-326e594526f8','ad71952e-7842-599e-a19e-3a82e6974b23','GET /secrets/resource/184734ea-8be3-4f5a-ba6c-5f4b3c0603e8.json',1,'2022-12-22 22:32:43'),('7fcb9294-a1c0-4c39-b23e-3f85a3a94a32','61a828cd-768f-4264-80de-326e594526f8','d77de180-4626-54dd-80fb-a095ecc22aac','GET /resource-types/a28a04cd-6f53-518a-967c-9963bf9cec51.json',1,'2022-12-22 22:32:42'),('7fd55fb6-d2b7-4795-b50c-87ca7d9e37fa','61a828cd-768f-4264-80de-326e594526f8','d77de180-4626-54dd-80fb-a095ecc22aac','GET /resource-types/a28a04cd-6f53-518a-967c-9963bf9cec51.json',1,'2022-12-22 22:33:31'),('80333a2b-b2ac-4b2f-b2ee-a2198638fcc6','61a828cd-768f-4264-80de-326e594526f8','ad71952e-7842-599e-a19e-3a82e6974b23','GET /secrets/resource/184734ea-8be3-4f5a-ba6c-5f4b3c0603e8.json',1,'2023-01-06 10:23:46'),('80432791-a0f3-4f32-816b-79da9f7af0f7','61a828cd-768f-4264-80de-326e594526f8','881ab948-e40f-5a72-91aa-54b442270029','GET /users/me.json',1,'2022-12-22 22:32:47'),('807e3529-fd2d-44e8-992a-ee9dbe8df219','61a828cd-768f-4264-80de-326e594526f8','d77de180-4626-54dd-80fb-a095ecc22aac','GET /resource-types/a28a04cd-6f53-518a-967c-9963bf9cec51.json',1,'2022-12-22 22:33:22'),('808c190d-3fb2-4c29-a9f2-c2a4ef5c5a25','61a828cd-768f-4264-80de-326e594526f8','d77de180-4626-54dd-80fb-a095ecc22aac','GET /resource-types/a28a04cd-6f53-518a-967c-9963bf9cec51.json',1,'2022-12-22 22:32:49'),('809e6cee-78f1-4583-96c6-8ca694dd1627',NULL,'17b8a54b-8069-586a-8ca2-7e7569b28e08','GET /img/logo/logo.svg',0,'2022-12-22 22:17:56'),('80d6af25-d299-4872-99f6-0bf0cd3f847f','61a828cd-768f-4264-80de-326e594526f8','ad71952e-7842-599e-a19e-3a82e6974b23','GET /secrets/resource/184734ea-8be3-4f5a-ba6c-5f4b3c0603e8.json',1,'2022-12-22 22:33:03'),('815648c4-dc8b-4e4f-97b6-57f967146414','61a828cd-768f-4264-80de-326e594526f8','ad71952e-7842-599e-a19e-3a82e6974b23','GET /secrets/resource/cec328ec-cb1f-48f6-be1e-1ca35fc3c62d.json',1,'2022-12-22 22:32:45'),('81729592-dc5a-4793-8786-5bb001b435f9','61a828cd-768f-4264-80de-326e594526f8','83bb8bd8-2006-5546-a3bb-9319ae6e8f9d','GET /resources/cec328ec-cb1f-48f6-be1e-1ca35fc3c62d.json',1,'2022-12-22 22:33:00'),('81d39502-ba65-499a-b7be-64ecd3cb4519','61a828cd-768f-4264-80de-326e594526f8','d77de180-4626-54dd-80fb-a095ecc22aac','GET /resource-types/a28a04cd-6f53-518a-967c-9963bf9cec51.json',1,'2022-12-22 22:33:04'),('81dd7b82-05d6-4ee7-9eb6-3cdaa856eb79','61a828cd-768f-4264-80de-326e594526f8','a3c19ad2-8920-5395-86d0-8567cb34f382','POST /auth/login.json',1,'2022-12-22 22:33:15'),('81e058ae-2edc-4502-8974-5ffe216f0ff3','61a828cd-768f-4264-80de-326e594526f8','ad71952e-7842-599e-a19e-3a82e6974b23','GET /secrets/resource/cec328ec-cb1f-48f6-be1e-1ca35fc3c62d.json',1,'2022-12-22 22:33:26'),('823bb61a-174d-4b34-b709-9d42c18f6b1c','61a828cd-768f-4264-80de-326e594526f8','83bb8bd8-2006-5546-a3bb-9319ae6e8f9d','GET /resources/cec328ec-cb1f-48f6-be1e-1ca35fc3c62d.json',1,'2022-12-22 22:32:57'),('82821e4f-54f5-4a6b-9096-19e303ac4170','61a828cd-768f-4264-80de-326e594526f8','ad71952e-7842-599e-a19e-3a82e6974b23','GET /secrets/resource/184734ea-8be3-4f5a-ba6c-5f4b3c0603e8.json',1,'2022-12-22 22:32:35'),('82984281-cb5a-45b2-96d2-8ee96fed14c1','61a828cd-768f-4264-80de-326e594526f8','83bb8bd8-2006-5546-a3bb-9319ae6e8f9d','GET /resources/184734ea-8be3-4f5a-ba6c-5f4b3c0603e8.json',1,'2023-01-11 08:29:01'),('82c40bbc-4083-4318-bd9b-35fbacca0f16','61a828cd-768f-4264-80de-326e594526f8','d77de180-4626-54dd-80fb-a095ecc22aac','GET /resource-types/a28a04cd-6f53-518a-967c-9963bf9cec51.json',1,'2022-12-22 22:32:50'),('82e244b2-a676-4494-b7a1-d14ff9b02d1d','61a828cd-768f-4264-80de-326e594526f8','d77de180-4626-54dd-80fb-a095ecc22aac','GET /resource-types/a28a04cd-6f53-518a-967c-9963bf9cec51.json',1,'2022-12-22 22:32:34'),('82e93a16-4ff7-44da-893a-23d720d44eea','61a828cd-768f-4264-80de-326e594526f8','ad71952e-7842-599e-a19e-3a82e6974b23','GET /secrets/resource/cec328ec-cb1f-48f6-be1e-1ca35fc3c62d.json',1,'2022-12-22 22:33:04'),('83148c77-9451-4184-a542-19a0356b22a5','61a828cd-768f-4264-80de-326e594526f8','83bb8bd8-2006-5546-a3bb-9319ae6e8f9d','GET /resources/cec328ec-cb1f-48f6-be1e-1ca35fc3c62d.json',1,'2022-12-22 22:33:24'),('833173ae-61e1-489c-83c6-ac7892329b28','61a828cd-768f-4264-80de-326e594526f8','ad71952e-7842-599e-a19e-3a82e6974b23','GET /secrets/resource/184734ea-8be3-4f5a-ba6c-5f4b3c0603e8.json',1,'2022-12-22 22:33:24'),('8374aeaf-2fc9-4be6-aa77-90dd3649ae0f','61a828cd-768f-4264-80de-326e594526f8','83bb8bd8-2006-5546-a3bb-9319ae6e8f9d','GET /resources/184734ea-8be3-4f5a-ba6c-5f4b3c0603e8.json',1,'2022-12-22 22:32:50'),('83aa2133-3de2-4d4a-9076-cc461ef339a1','61a828cd-768f-4264-80de-326e594526f8','d77de180-4626-54dd-80fb-a095ecc22aac','GET /resource-types/a28a04cd-6f53-518a-967c-9963bf9cec51.json',1,'2023-01-11 08:30:10'),('83b676b5-049a-4348-bae3-6429f056a5cf','61a828cd-768f-4264-80de-326e594526f8','d77de180-4626-54dd-80fb-a095ecc22aac','GET /resource-types/a28a04cd-6f53-518a-967c-9963bf9cec51.json',1,'2023-01-06 10:22:36'),('83d8ff0c-b0ec-4de5-9a14-bba8dae8db6a','61a828cd-768f-4264-80de-326e594526f8','83bb8bd8-2006-5546-a3bb-9319ae6e8f9d','GET /resources/cec328ec-cb1f-48f6-be1e-1ca35fc3c62d.json',1,'2022-12-22 22:32:43'),('83dbf5e2-d74d-45a9-8ef0-a57e3b956f08','61a828cd-768f-4264-80de-326e594526f8','d7bc9044-a64e-5421-a4d7-7a94eaa39d37','GET /users.json',1,'2022-12-22 22:24:33'),('83fdd21d-f91a-4cd7-aca3-40b6647eeb3b','61a828cd-768f-4264-80de-326e594526f8','3cffe6ef-ea4c-5bc3-869b-945f26e2601a','GET /groups.json',1,'2022-12-22 22:25:34'),('84335b95-c3f7-403f-9bff-6817d7a5118a','61a828cd-768f-4264-80de-326e594526f8','881ab948-e40f-5a72-91aa-54b442270029','GET /users/me.json',1,'2022-12-22 22:33:18'),('84568843-9eab-4838-b6e2-079d48caad67','61a828cd-768f-4264-80de-326e594526f8','bef9f3ca-86ef-5c6a-9b38-320e03ceb5df','GET /settings.json',1,'2022-12-22 22:24:53'),('84bbb9a4-58a2-43e3-9ab1-ceb74180dade','61a828cd-768f-4264-80de-326e594526f8','83bb8bd8-2006-5546-a3bb-9319ae6e8f9d','GET /resources/cec328ec-cb1f-48f6-be1e-1ca35fc3c62d.json',1,'2022-12-22 22:33:20'),('84c0335e-1f4d-4db1-a9ab-8f79ed78c3ee','61a828cd-768f-4264-80de-326e594526f8','83bb8bd8-2006-5546-a3bb-9319ae6e8f9d','GET /resources/cec328ec-cb1f-48f6-be1e-1ca35fc3c62d.json',1,'2022-12-22 22:33:29'),('84dce1e2-efa1-4882-a48b-613b49870d52','61a828cd-768f-4264-80de-326e594526f8','83bb8bd8-2006-5546-a3bb-9319ae6e8f9d','GET /resources/cec328ec-cb1f-48f6-be1e-1ca35fc3c62d.json',1,'2022-12-22 22:33:23'),('84e2a98d-1e0d-47bf-9364-d0d6b99a6ab2','61a828cd-768f-4264-80de-326e594526f8','d77de180-4626-54dd-80fb-a095ecc22aac','GET /resource-types/a28a04cd-6f53-518a-967c-9963bf9cec51.json',1,'2023-01-11 08:30:11'),('8513251d-fed0-4fd1-93f0-2aa25fa4ce7d','61a828cd-768f-4264-80de-326e594526f8','d77de180-4626-54dd-80fb-a095ecc22aac','GET /resource-types/a28a04cd-6f53-518a-967c-9963bf9cec51.json',1,'2023-01-06 10:22:37'),('8537b100-c238-4be2-aa0c-982ea2ef2bae','61a828cd-768f-4264-80de-326e594526f8','ad71952e-7842-599e-a19e-3a82e6974b23','GET /secrets/resource/cec328ec-cb1f-48f6-be1e-1ca35fc3c62d.json',1,'2022-12-22 22:33:01'),('855b4135-8fdc-42c0-9efa-7c57eee4e869','61a828cd-768f-4264-80de-326e594526f8','83bb8bd8-2006-5546-a3bb-9319ae6e8f9d','GET /resources/cec328ec-cb1f-48f6-be1e-1ca35fc3c62d.json',1,'2022-12-22 22:32:36'),('85f0ceb7-78b1-42f8-bb7b-e6dc39a01300','61a828cd-768f-4264-80de-326e594526f8','83bb8bd8-2006-5546-a3bb-9319ae6e8f9d','GET /resources/184734ea-8be3-4f5a-ba6c-5f4b3c0603e8.json',1,'2022-12-22 22:33:15'),('863edda8-3b3d-4bbe-9e2f-fb836464971c','61a828cd-768f-4264-80de-326e594526f8','83bb8bd8-2006-5546-a3bb-9319ae6e8f9d','GET /resources/cec328ec-cb1f-48f6-be1e-1ca35fc3c62d.json',1,'2022-12-22 22:33:30'),('867a275b-ebc8-496e-b493-5b6e4c396f4c','61a828cd-768f-4264-80de-326e594526f8','83bb8bd8-2006-5546-a3bb-9319ae6e8f9d','GET /resources/184734ea-8be3-4f5a-ba6c-5f4b3c0603e8.json',1,'2022-12-22 22:32:38'),('86ab6f52-d33e-4c24-98b7-d3f8036a7f68','61a828cd-768f-4264-80de-326e594526f8','83bb8bd8-2006-5546-a3bb-9319ae6e8f9d','GET /resources/cec328ec-cb1f-48f6-be1e-1ca35fc3c62d.json',1,'2022-12-22 22:33:14'),('86d8520a-6cff-4f5d-8a84-4b63cb54ad0e','61a828cd-768f-4264-80de-326e594526f8','d77de180-4626-54dd-80fb-a095ecc22aac','GET /resource-types/a28a04cd-6f53-518a-967c-9963bf9cec51.json',1,'2022-12-22 22:33:11'),('87250685-7609-42d8-8196-7ceda7b35847','61a828cd-768f-4264-80de-326e594526f8','83bb8bd8-2006-5546-a3bb-9319ae6e8f9d','GET /resources/cec328ec-cb1f-48f6-be1e-1ca35fc3c62d.json',1,'2022-12-22 22:32:52'),('876e6514-36e0-481a-8025-cd3b1ca5aaac','61a828cd-768f-4264-80de-326e594526f8','c506210f-7866-5691-8fc1-58772e8f49f1','GET /resources.json',1,'2022-12-22 22:32:42'),('87a757e0-978e-45c5-a465-a2565f84c926','61a828cd-768f-4264-80de-326e594526f8','ad71952e-7842-599e-a19e-3a82e6974b23','GET /secrets/resource/cec328ec-cb1f-48f6-be1e-1ca35fc3c62d.json',1,'2022-12-22 22:32:45'),('87d77557-613d-4423-8a1b-9ab4a6aefddd','61a828cd-768f-4264-80de-326e594526f8','d77de180-4626-54dd-80fb-a095ecc22aac','GET /resource-types/a28a04cd-6f53-518a-967c-9963bf9cec51.json',1,'2022-12-22 22:32:58'),('87d7dad8-44b1-4f2c-9c40-aeee0e633a6c','61a828cd-768f-4264-80de-326e594526f8','881ab948-e40f-5a72-91aa-54b442270029','GET /users/me.json',1,'2022-12-22 22:42:17'),('8804b2ed-ad5f-4c42-85b8-33e959e2892c','61a828cd-768f-4264-80de-326e594526f8','058f384b-6685-55ac-8e82-9b0579a4e210','GET /account/settings/themes.json',1,'2022-12-22 22:21:25'),('886866d5-5497-4784-ae7d-464481c2877e','61a828cd-768f-4264-80de-326e594526f8','ad71952e-7842-599e-a19e-3a82e6974b23','GET /secrets/resource/184734ea-8be3-4f5a-ba6c-5f4b3c0603e8.json',1,'2023-01-11 08:30:10'),('88b250a2-b158-42e1-b397-45cbfc502906','61a828cd-768f-4264-80de-326e594526f8','a3c19ad2-8920-5395-86d0-8567cb34f382','POST /auth/login.json',1,'2022-12-22 22:33:00'),('88cb58ed-bd0f-49c0-8dd9-c4276c2575dd','61a828cd-768f-4264-80de-326e594526f8','83bb8bd8-2006-5546-a3bb-9319ae6e8f9d','GET /resources/cec328ec-cb1f-48f6-be1e-1ca35fc3c62d.json',1,'2022-12-22 22:33:01'),('893fa546-6883-43f9-8414-9ec408326768','61a828cd-768f-4264-80de-326e594526f8','ad71952e-7842-599e-a19e-3a82e6974b23','GET /secrets/resource/184734ea-8be3-4f5a-ba6c-5f4b3c0603e8.json',1,'2022-12-22 22:33:25'),('89a0912f-2ad2-4a31-bc8e-e63b1007f941','61a828cd-768f-4264-80de-326e594526f8','ad71952e-7842-599e-a19e-3a82e6974b23','GET /secrets/resource/cec328ec-cb1f-48f6-be1e-1ca35fc3c62d.json',1,'2022-12-22 22:32:40'),('89c7f2f5-7127-4afa-a957-23c2e75ac8bd','61a828cd-768f-4264-80de-326e594526f8','83bb8bd8-2006-5546-a3bb-9319ae6e8f9d','GET /resources/184734ea-8be3-4f5a-ba6c-5f4b3c0603e8.json',1,'2022-12-22 22:32:59'),('8a05c594-e8f2-4601-a12e-85b146099f31','61a828cd-768f-4264-80de-326e594526f8','ad71952e-7842-599e-a19e-3a82e6974b23','GET /secrets/resource/cec328ec-cb1f-48f6-be1e-1ca35fc3c62d.json',1,'2022-12-22 22:32:35'),('8a0bd5ac-95ba-4d4f-ab98-40c7ea5487d6',NULL,'a3c19ad2-8920-5395-86d0-8567cb34f382','POST /auth/login.json',1,'2023-01-06 10:22:36'),('8a1b3e2f-167a-466b-b8a3-7c8e9f6bf3ae','61a828cd-768f-4264-80de-326e594526f8','881ab948-e40f-5a72-91aa-54b442270029','GET /users/me.json',1,'2022-12-22 22:33:28'),('8a2e957e-5b3a-4ad1-9af1-347640aaecd6','61a828cd-768f-4264-80de-326e594526f8','ad71952e-7842-599e-a19e-3a82e6974b23','GET /secrets/resource/cec328ec-cb1f-48f6-be1e-1ca35fc3c62d.json',1,'2022-12-22 22:32:51'),('8aa33e7c-5d59-4c51-a25d-4c97896253c9','61a828cd-768f-4264-80de-326e594526f8','ad71952e-7842-599e-a19e-3a82e6974b23','GET /secrets/resource/cec328ec-cb1f-48f6-be1e-1ca35fc3c62d.json',1,'2022-12-22 22:32:39'),('8b3555e0-0eac-4179-864f-1691b509b0bb','61a828cd-768f-4264-80de-326e594526f8','ad71952e-7842-599e-a19e-3a82e6974b23','GET /secrets/resource/cec328ec-cb1f-48f6-be1e-1ca35fc3c62d.json',1,'2022-12-22 22:33:20'),('8b42eb7b-b35d-4562-9d42-76284bc479ab','61a828cd-768f-4264-80de-326e594526f8','83bb8bd8-2006-5546-a3bb-9319ae6e8f9d','GET /resources/cec328ec-cb1f-48f6-be1e-1ca35fc3c62d.json',1,'2022-12-22 22:33:28'),('8b44cd91-92f4-45f8-a8b5-a40e365ba364','61a828cd-768f-4264-80de-326e594526f8','d77de180-4626-54dd-80fb-a095ecc22aac','GET /resource-types/a28a04cd-6f53-518a-967c-9963bf9cec51.json',1,'2022-12-22 22:33:13'),('8bbfa02f-76d4-4669-bfdc-1225400ef718','61a828cd-768f-4264-80de-326e594526f8','83bb8bd8-2006-5546-a3bb-9319ae6e8f9d','GET /resources/cec328ec-cb1f-48f6-be1e-1ca35fc3c62d.json',1,'2022-12-22 22:32:33'),('8bfcc822-7161-42f2-b513-d34ba03cb510','61a828cd-768f-4264-80de-326e594526f8','d7bc9044-a64e-5421-a4d7-7a94eaa39d37','GET /users.json',1,'2022-12-22 22:24:55'),('8c2e40a5-5f18-4839-b49e-882fe19cd9da','61a828cd-768f-4264-80de-326e594526f8','83bb8bd8-2006-5546-a3bb-9319ae6e8f9d','GET /resources/cec328ec-cb1f-48f6-be1e-1ca35fc3c62d.json',1,'2022-12-22 22:33:15'),('8c4cd4b0-04b2-427a-9150-49270872356c',NULL,'a3c19ad2-8920-5395-86d0-8567cb34f382','POST /auth/login.json',1,'2022-12-22 22:32:34'),('8c52cc50-b14d-4517-b9a6-0ab7472ded63','61a828cd-768f-4264-80de-326e594526f8','d77de180-4626-54dd-80fb-a095ecc22aac','GET /resource-types/a28a04cd-6f53-518a-967c-9963bf9cec51.json',1,'2022-12-22 22:32:40'),('8c99ddea-69df-4604-bf73-b6b22f4b75cf','61a828cd-768f-4264-80de-326e594526f8','881ab948-e40f-5a72-91aa-54b442270029','GET /users/me.json',1,'2022-12-22 22:33:31'),('8ca2dbfd-6d39-4cf5-9b3c-b7ad623632a0','61a828cd-768f-4264-80de-326e594526f8','ad71952e-7842-599e-a19e-3a82e6974b23','GET /secrets/resource/184734ea-8be3-4f5a-ba6c-5f4b3c0603e8.json',1,'2022-12-22 22:32:55'),('8cc2b490-aac3-4143-a372-73b55c0474c2','61a828cd-768f-4264-80de-326e594526f8','83bb8bd8-2006-5546-a3bb-9319ae6e8f9d','GET /resources/184734ea-8be3-4f5a-ba6c-5f4b3c0603e8.json',1,'2022-12-22 22:33:31'),('8cf4c9b8-ccb9-4c0b-943e-ebd00cf307fb','61a828cd-768f-4264-80de-326e594526f8','83bb8bd8-2006-5546-a3bb-9319ae6e8f9d','GET /resources/184734ea-8be3-4f5a-ba6c-5f4b3c0603e8.json',1,'2022-12-22 22:28:14'),('8d2fd527-bbe1-488a-b0fc-f7d29f6bef19','61a828cd-768f-4264-80de-326e594526f8','83bb8bd8-2006-5546-a3bb-9319ae6e8f9d','GET /resources/184734ea-8be3-4f5a-ba6c-5f4b3c0603e8.json',1,'2022-12-22 22:32:58'),('8d7a2ca3-25dd-4f3d-86e9-f57c96906a51','61a828cd-768f-4264-80de-326e594526f8','83bb8bd8-2006-5546-a3bb-9319ae6e8f9d','GET /resources/184734ea-8be3-4f5a-ba6c-5f4b3c0603e8.json',1,'2022-12-22 22:33:18'),('8da5f193-a64a-4296-a3c8-0b361e1a4459','61a828cd-768f-4264-80de-326e594526f8','881ab948-e40f-5a72-91aa-54b442270029','GET /users/61a828cd-768f-4264-80de-326e594526f8.json',1,'2022-12-22 22:17:55'),('8e222763-7e11-4bf3-86ef-b1c69840eb81','61a828cd-768f-4264-80de-326e594526f8','83bb8bd8-2006-5546-a3bb-9319ae6e8f9d','GET /resources/184734ea-8be3-4f5a-ba6c-5f4b3c0603e8.json',1,'2022-12-22 22:33:08'),('8e4beedb-c85f-4d3a-acaa-27b651250c0b','61a828cd-768f-4264-80de-326e594526f8','d77de180-4626-54dd-80fb-a095ecc22aac','GET /resource-types/a28a04cd-6f53-518a-967c-9963bf9cec51.json',1,'2022-12-22 22:33:23'),('8e6f7bdf-860a-4334-a451-53d05a0197d5','61a828cd-768f-4264-80de-326e594526f8','ad71952e-7842-599e-a19e-3a82e6974b23','GET /secrets/resource/cec328ec-cb1f-48f6-be1e-1ca35fc3c62d.json',1,'2022-12-22 22:32:35'),('8ec42c6a-14aa-41be-a841-9bae3d3f1b02','61a828cd-768f-4264-80de-326e594526f8','d77de180-4626-54dd-80fb-a095ecc22aac','GET /resource-types/a28a04cd-6f53-518a-967c-9963bf9cec51.json',1,'2023-01-11 08:30:10'),('8efab231-0614-459b-93fd-6901b22ba550','61a828cd-768f-4264-80de-326e594526f8','ad71952e-7842-599e-a19e-3a82e6974b23','GET /secrets/resource/184734ea-8be3-4f5a-ba6c-5f4b3c0603e8.json',1,'2023-01-06 10:22:36'),('8f20f1fb-d117-4d57-ba0b-67140a4ef70f','61a828cd-768f-4264-80de-326e594526f8','83bb8bd8-2006-5546-a3bb-9319ae6e8f9d','GET /resources/cec328ec-cb1f-48f6-be1e-1ca35fc3c62d.json',1,'2022-12-22 22:32:46'),('8f3173bd-9e98-4710-9e43-d01b45fbbb09','61a828cd-768f-4264-80de-326e594526f8','ad71952e-7842-599e-a19e-3a82e6974b23','GET /secrets/resource/184734ea-8be3-4f5a-ba6c-5f4b3c0603e8.json',1,'2023-01-11 08:29:00'),('8f505ee2-94fa-403d-803f-4267fcff6192','61a828cd-768f-4264-80de-326e594526f8','d77de180-4626-54dd-80fb-a095ecc22aac','GET /resource-types/a28a04cd-6f53-518a-967c-9963bf9cec51.json',1,'2022-12-22 22:33:28'),('8fafc5d1-75fa-479c-9122-cc71fc5dcdda','61a828cd-768f-4264-80de-326e594526f8','d77de180-4626-54dd-80fb-a095ecc22aac','GET /resource-types/a28a04cd-6f53-518a-967c-9963bf9cec51.json',1,'2022-12-22 22:33:27'),('8ff59332-d8a5-4f11-a766-b4fd2cfb2140','61a828cd-768f-4264-80de-326e594526f8','02d9140b-5bee-5093-afa0-70d8fb52e7f1','POST /settings/emails/notifications.json',1,'2022-12-22 22:24:19'),('906c27c9-a559-488b-b333-dfd2c7589957','61a828cd-768f-4264-80de-326e594526f8','83bb8bd8-2006-5546-a3bb-9319ae6e8f9d','GET /resources/cec328ec-cb1f-48f6-be1e-1ca35fc3c62d.json',1,'2022-12-22 22:33:14'),('908308ec-1571-4fec-b583-a8817d11ba96','61a828cd-768f-4264-80de-326e594526f8','d77de180-4626-54dd-80fb-a095ecc22aac','GET /resource-types/a28a04cd-6f53-518a-967c-9963bf9cec51.json',1,'2022-12-22 22:32:56'),('908f264f-849d-48ce-9162-cb9fc2a18b86','61a828cd-768f-4264-80de-326e594526f8','d77de180-4626-54dd-80fb-a095ecc22aac','GET /resource-types/a28a04cd-6f53-518a-967c-9963bf9cec51.json',1,'2022-12-22 22:33:16'),('90d9cd59-2bf7-4699-89de-b7d498e78fc1','61a828cd-768f-4264-80de-326e594526f8','a3c19ad2-8920-5395-86d0-8567cb34f382','POST /auth/login.json',1,'2022-12-22 22:33:28'),('90f05803-e8bf-4816-b96e-a986cc4e3d1c','61a828cd-768f-4264-80de-326e594526f8','d77de180-4626-54dd-80fb-a095ecc22aac','GET /resource-types/a28a04cd-6f53-518a-967c-9963bf9cec51.json',1,'2022-12-22 22:32:55'),('910bab1f-a3e3-42e3-86c3-c555c1e3ec72','61a828cd-768f-4264-80de-326e594526f8','a3c19ad2-8920-5395-86d0-8567cb34f382','POST /auth/login.json',1,'2023-01-11 08:29:00'),('917bce88-da20-4015-a847-33cf77bdbe4d','61a828cd-768f-4264-80de-326e594526f8','a3c19ad2-8920-5395-86d0-8567cb34f382','POST /auth/login.json',1,'2023-01-11 08:29:00'),('91ab5f1b-c211-476b-a567-d88324bce94b','61a828cd-768f-4264-80de-326e594526f8','d77de180-4626-54dd-80fb-a095ecc22aac','GET /resource-types/a28a04cd-6f53-518a-967c-9963bf9cec51.json',1,'2022-12-22 22:33:14'),('91d24b8c-1bfb-462f-9ed5-27ae44d5043a','61a828cd-768f-4264-80de-326e594526f8','ad71952e-7842-599e-a19e-3a82e6974b23','GET /secrets/resource/184734ea-8be3-4f5a-ba6c-5f4b3c0603e8.json',1,'2022-12-22 22:32:59'),('926c2e4f-d9d0-492b-9c82-0a0424c92964','61a828cd-768f-4264-80de-326e594526f8','83bb8bd8-2006-5546-a3bb-9319ae6e8f9d','GET /resources/cec328ec-cb1f-48f6-be1e-1ca35fc3c62d.json',1,'2022-12-22 22:32:36'),('92a7f26b-076e-4d0e-8c70-d6dde33f2a37','61a828cd-768f-4264-80de-326e594526f8','ad71952e-7842-599e-a19e-3a82e6974b23','GET /secrets/resource/184734ea-8be3-4f5a-ba6c-5f4b3c0603e8.json',1,'2022-12-22 22:32:58'),('92ac74f2-0f77-478b-bedf-7a83ac1ae63a','61a828cd-768f-4264-80de-326e594526f8','83bb8bd8-2006-5546-a3bb-9319ae6e8f9d','GET /resources/cec328ec-cb1f-48f6-be1e-1ca35fc3c62d.json',1,'2022-12-22 22:32:49'),('92fc6238-a8cb-4d0f-a847-0d9bef303346','61a828cd-768f-4264-80de-326e594526f8','31f74e04-d9bb-592b-aa45-ba6682d3316d','GET /password-generator/settings.json',1,'2022-12-22 22:17:55'),('930b9ce9-c241-4963-9ca8-ba16217b73ec','61a828cd-768f-4264-80de-326e594526f8','83bb8bd8-2006-5546-a3bb-9319ae6e8f9d','GET /resources/184734ea-8be3-4f5a-ba6c-5f4b3c0603e8.json',1,'2022-12-22 22:32:58'),('93155042-c36f-4fef-815b-9b1e240a4a66','61a828cd-768f-4264-80de-326e594526f8','ad71952e-7842-599e-a19e-3a82e6974b23','GET /secrets/resource/184734ea-8be3-4f5a-ba6c-5f4b3c0603e8.json',1,'2022-12-22 22:33:01'),('938ce63b-396b-4ae2-a261-4bbec57a6966','61a828cd-768f-4264-80de-326e594526f8','ad71952e-7842-599e-a19e-3a82e6974b23','GET /secrets/resource/cec328ec-cb1f-48f6-be1e-1ca35fc3c62d.json',1,'2022-12-22 22:33:05'),('93d2a93c-8f94-454d-8c66-7a84976294b9','61a828cd-768f-4264-80de-326e594526f8','d77de180-4626-54dd-80fb-a095ecc22aac','GET /resource-types/a28a04cd-6f53-518a-967c-9963bf9cec51.json',1,'2022-12-22 22:33:26'),('9493d573-1077-4161-bb67-eeaaf1d5d09b','61a828cd-768f-4264-80de-326e594526f8','a3c19ad2-8920-5395-86d0-8567cb34f382','POST /auth/login.json',1,'2022-12-22 22:32:42'),('94ddc2e0-ca92-4a50-9857-a2e42d8aff56','61a828cd-768f-4264-80de-326e594526f8','881ab948-e40f-5a72-91aa-54b442270029','GET /users/me.json',1,'2022-12-22 22:33:13'),('94f22988-7f41-4a41-98e9-2abb7ea4a5c1','61a828cd-768f-4264-80de-326e594526f8','83bb8bd8-2006-5546-a3bb-9319ae6e8f9d','GET /resources/184734ea-8be3-4f5a-ba6c-5f4b3c0603e8.json',1,'2022-12-22 22:33:27'),('951f1a8c-25ef-4943-82e1-ccb7d2cdf463',NULL,'a3c19ad2-8920-5395-86d0-8567cb34f382','POST /auth/login.json',1,'2022-12-22 22:33:11'),('957af0fa-51d0-4f9c-a6a4-da2b4e416cb5','61a828cd-768f-4264-80de-326e594526f8','ad71952e-7842-599e-a19e-3a82e6974b23','GET /secrets/resource/cec328ec-cb1f-48f6-be1e-1ca35fc3c62d.json',1,'2022-12-22 22:33:19'),('957f5ec2-c459-456f-9afe-d8c065241128','61a828cd-768f-4264-80de-326e594526f8','d77de180-4626-54dd-80fb-a095ecc22aac','GET /resource-types/a28a04cd-6f53-518a-967c-9963bf9cec51.json',1,'2022-12-22 22:32:41'),('9597d9d6-3d5f-4ebd-a0e2-63108695bde8','61a828cd-768f-4264-80de-326e594526f8','53da54b1-9576-52ab-a11f-b2265b5aa455','GET /smtp/settings.json',1,'2022-12-22 22:21:33'),('95f79963-e6ae-4574-8ee4-feeca74c30b9','61a828cd-768f-4264-80de-326e594526f8','ad71952e-7842-599e-a19e-3a82e6974b23','GET /secrets/resource/184734ea-8be3-4f5a-ba6c-5f4b3c0603e8.json',1,'2022-12-22 22:33:05'),('965a5581-c075-489b-87f5-2dc4a2220b67','61a828cd-768f-4264-80de-326e594526f8','c506210f-7866-5691-8fc1-58772e8f49f1','GET /resources.json',1,'2022-12-22 22:32:35'),('96694f4f-3718-49dd-85de-31ffece323c6','61a828cd-768f-4264-80de-326e594526f8','ad71952e-7842-599e-a19e-3a82e6974b23','GET /secrets/resource/184734ea-8be3-4f5a-ba6c-5f4b3c0603e8.json',1,'2022-12-22 22:33:31'),('96a0daab-a008-4e12-b78d-de8ee845a234','61a828cd-768f-4264-80de-326e594526f8','c506210f-7866-5691-8fc1-58772e8f49f1','GET /resources.json',1,'2022-12-22 22:33:12'),('96b3a239-4e5a-46cd-aa78-057ca9f88226','61a828cd-768f-4264-80de-326e594526f8','3cffe6ef-ea4c-5bc3-869b-945f26e2601a','GET /groups.json',1,'2022-12-22 22:24:51'),('96f16bc8-38b5-4844-b280-47e71f8bc58f','61a828cd-768f-4264-80de-326e594526f8','d77de180-4626-54dd-80fb-a095ecc22aac','GET /resource-types/a28a04cd-6f53-518a-967c-9963bf9cec51.json',1,'2022-12-22 22:32:33'),('96f2014f-ec90-4b88-8552-ba9206b91478','61a828cd-768f-4264-80de-326e594526f8','d77de180-4626-54dd-80fb-a095ecc22aac','GET /resource-types/a28a04cd-6f53-518a-967c-9963bf9cec51.json',1,'2022-12-22 22:32:58'),('9726cd44-ae35-438f-a728-84347a164291','61a828cd-768f-4264-80de-326e594526f8','d77de180-4626-54dd-80fb-a095ecc22aac','GET /resource-types/a28a04cd-6f53-518a-967c-9963bf9cec51.json',1,'2022-12-22 22:32:46'),('9732538c-c7e4-4cc0-8a29-470cbc2479c6','61a828cd-768f-4264-80de-326e594526f8','3cffe6ef-ea4c-5bc3-869b-945f26e2601a','GET /groups.json',1,'2022-12-22 22:24:51'),('97ada0c5-0b89-4e47-96d5-460d8b078de3','61a828cd-768f-4264-80de-326e594526f8','d77de180-4626-54dd-80fb-a095ecc22aac','GET /resource-types/a28a04cd-6f53-518a-967c-9963bf9cec51.json',1,'2023-01-06 10:23:45'),('97d91bab-f2c1-4a0d-b465-d00200ac3129','61a828cd-768f-4264-80de-326e594526f8','83bb8bd8-2006-5546-a3bb-9319ae6e8f9d','GET /resources/cec328ec-cb1f-48f6-be1e-1ca35fc3c62d.json',1,'2022-12-22 22:33:01'),('97e4bdda-e0a3-4659-88bf-736b843d7054','61a828cd-768f-4264-80de-326e594526f8','c506210f-7866-5691-8fc1-58772e8f49f1','GET /resources.json',1,'2023-01-11 08:28:54'),('980d9a21-76ef-4c98-bb7e-4a7b4a891b9b','61a828cd-768f-4264-80de-326e594526f8','d77de180-4626-54dd-80fb-a095ecc22aac','GET /resource-types/a28a04cd-6f53-518a-967c-9963bf9cec51.json',1,'2022-12-22 22:33:00'),('9820dddf-b499-4faf-b7ba-fda269c1be7b','61a828cd-768f-4264-80de-326e594526f8','83bb8bd8-2006-5546-a3bb-9319ae6e8f9d','GET /resources/184734ea-8be3-4f5a-ba6c-5f4b3c0603e8.json',1,'2022-12-22 22:33:24'),('9825ddb6-4af4-4776-9db1-22ab3e0f22f9','61a828cd-768f-4264-80de-326e594526f8','83bb8bd8-2006-5546-a3bb-9319ae6e8f9d','GET /resources/184734ea-8be3-4f5a-ba6c-5f4b3c0603e8.json',1,'2022-12-22 22:33:30'),('983d415b-709d-4158-938b-6fa295be7e98',NULL,'a3c19ad2-8920-5395-86d0-8567cb34f382','POST /auth/login.json',1,'2022-12-22 22:32:47'),('98855817-7e42-412a-b4fe-cd383eb130f6','61a828cd-768f-4264-80de-326e594526f8','a3c19ad2-8920-5395-86d0-8567cb34f382','POST /auth/login.json',1,'2022-12-22 22:32:53'),('99001d2a-f132-4962-9098-3903f3a6b18d','61a828cd-768f-4264-80de-326e594526f8','83bb8bd8-2006-5546-a3bb-9319ae6e8f9d','GET /resources/cec328ec-cb1f-48f6-be1e-1ca35fc3c62d.json',1,'2022-12-22 22:33:04'),('99e1677f-6d37-421a-8851-877ee7cf3998','61a828cd-768f-4264-80de-326e594526f8','ad71952e-7842-599e-a19e-3a82e6974b23','GET /secrets/resource/184734ea-8be3-4f5a-ba6c-5f4b3c0603e8.json',1,'2022-12-22 22:33:18'),('9a18191b-8b84-464a-a66d-0622707fc214','61a828cd-768f-4264-80de-326e594526f8','ad71952e-7842-599e-a19e-3a82e6974b23','GET /secrets/resource/cec328ec-cb1f-48f6-be1e-1ca35fc3c62d.json',1,'2022-12-22 22:33:16'),('9a1ab3cf-1058-4bf2-ab30-eb856e26e7d4','61a828cd-768f-4264-80de-326e594526f8','83bb8bd8-2006-5546-a3bb-9319ae6e8f9d','GET /resources/184734ea-8be3-4f5a-ba6c-5f4b3c0603e8.json',1,'2022-12-22 22:32:34'),('9ad4794f-3b28-4564-ab18-48a320004fdb','61a828cd-768f-4264-80de-326e594526f8','83bb8bd8-2006-5546-a3bb-9319ae6e8f9d','GET /resources/184734ea-8be3-4f5a-ba6c-5f4b3c0603e8.json',1,'2022-12-22 22:32:44'),('9b3f61a2-d90c-4ccf-8be8-d2b97c310397','61a828cd-768f-4264-80de-326e594526f8','ad71952e-7842-599e-a19e-3a82e6974b23','GET /secrets/resource/cec328ec-cb1f-48f6-be1e-1ca35fc3c62d.json',1,'2022-12-22 22:32:54'),('9b82addf-edd9-4453-9e76-0d64440b689f','61a828cd-768f-4264-80de-326e594526f8','ad71952e-7842-599e-a19e-3a82e6974b23','GET /secrets/resource/184734ea-8be3-4f5a-ba6c-5f4b3c0603e8.json',1,'2022-12-22 22:33:02'),('9bb26663-ea8d-4ea5-8c7a-af47a92c9813','61a828cd-768f-4264-80de-326e594526f8','dad1db3f-4fbc-5b3a-9db2-b7413885c30c','GET /app/administration/smtp-settings',1,'2022-12-22 22:21:33'),('9bb5543d-1e8c-494e-8be8-13ef24f54b94','61a828cd-768f-4264-80de-326e594526f8','a3c19ad2-8920-5395-86d0-8567cb34f382','POST /auth/login.json',1,'2023-01-06 10:22:29'),('9c269df9-4cfd-426d-a9c1-597725a80379','61a828cd-768f-4264-80de-326e594526f8','83bb8bd8-2006-5546-a3bb-9319ae6e8f9d','GET /resources/cec328ec-cb1f-48f6-be1e-1ca35fc3c62d.json',1,'2022-12-22 22:32:40'),('9c4855bb-3c6c-49c6-a078-fb4056bb0076','61a828cd-768f-4264-80de-326e594526f8','d77de180-4626-54dd-80fb-a095ecc22aac','GET /resource-types/a28a04cd-6f53-518a-967c-9963bf9cec51.json',1,'2022-12-22 22:33:03'),('9cba145a-bca7-4199-a3ce-918e86367337','61a828cd-768f-4264-80de-326e594526f8','e2aa01a9-84ec-55f8-aaed-24ee23259339','GET /resource-types.json',1,'2022-12-22 22:17:55'),('9d767b5b-7f2f-4a33-84e6-4f714a279e0e','61a828cd-768f-4264-80de-326e594526f8','83bb8bd8-2006-5546-a3bb-9319ae6e8f9d','GET /resources/184734ea-8be3-4f5a-ba6c-5f4b3c0603e8.json',1,'2022-12-22 22:32:49'),('9daf1feb-e04a-4c7c-856b-9d5be172156b','61a828cd-768f-4264-80de-326e594526f8','83bb8bd8-2006-5546-a3bb-9319ae6e8f9d','GET /resources/184734ea-8be3-4f5a-ba6c-5f4b3c0603e8.json',1,'2022-12-22 22:32:43'),('9dc0889f-3bb6-4620-9966-3d4127e79e44','61a828cd-768f-4264-80de-326e594526f8','d77de180-4626-54dd-80fb-a095ecc22aac','GET /resource-types/a28a04cd-6f53-518a-967c-9963bf9cec51.json',1,'2022-12-22 22:32:37'),('9dd625cd-41e2-4607-81f1-4f3a67b93a0d','61a828cd-768f-4264-80de-326e594526f8','c506210f-7866-5691-8fc1-58772e8f49f1','GET /resources.json',1,'2022-12-22 22:33:00'),('9dd82c63-7b06-4a05-989e-e7ad089b36f9','61a828cd-768f-4264-80de-326e594526f8','ad71952e-7842-599e-a19e-3a82e6974b23','GET /secrets/resource/184734ea-8be3-4f5a-ba6c-5f4b3c0603e8.json',1,'2022-12-22 22:33:15'),('9de9d52b-c8cf-4c49-b36d-a3841cb15f96','61a828cd-768f-4264-80de-326e594526f8','83bb8bd8-2006-5546-a3bb-9319ae6e8f9d','GET /resources/184734ea-8be3-4f5a-ba6c-5f4b3c0603e8.json',1,'2022-12-22 22:32:41'),('9e2c0e71-259d-4f5d-837a-daad58dcfb1e','61a828cd-768f-4264-80de-326e594526f8','ad71952e-7842-599e-a19e-3a82e6974b23','GET /secrets/resource/cec328ec-cb1f-48f6-be1e-1ca35fc3c62d.json',1,'2022-12-22 22:32:49'),('9e7c8622-427e-44ac-a57b-16437ed75e9c','61a828cd-768f-4264-80de-326e594526f8','83bb8bd8-2006-5546-a3bb-9319ae6e8f9d','GET /resources/cec328ec-cb1f-48f6-be1e-1ca35fc3c62d.json',1,'2022-12-22 22:32:55'),('9ec95d17-6ee7-4f82-9344-e0ef67853344','61a828cd-768f-4264-80de-326e594526f8','ad71952e-7842-599e-a19e-3a82e6974b23','GET /secrets/resource/cec328ec-cb1f-48f6-be1e-1ca35fc3c62d.json',1,'2022-12-22 22:32:34'),('9ed13862-03eb-4509-b1a7-2b16c2ca6f88','61a828cd-768f-4264-80de-326e594526f8','d77de180-4626-54dd-80fb-a095ecc22aac','GET /resource-types/a28a04cd-6f53-518a-967c-9963bf9cec51.json',1,'2022-12-22 22:32:51'),('9ed1b264-3605-42e6-a271-1301efa26b8c','61a828cd-768f-4264-80de-326e594526f8','83bb8bd8-2006-5546-a3bb-9319ae6e8f9d','GET /resources/cec328ec-cb1f-48f6-be1e-1ca35fc3c62d.json',1,'2022-12-22 22:33:07'),('9eefebd2-52c1-4555-97cc-7bc99f4218a2','61a828cd-768f-4264-80de-326e594526f8','d77de180-4626-54dd-80fb-a095ecc22aac','GET /resource-types/a28a04cd-6f53-518a-967c-9963bf9cec51.json',1,'2022-12-22 22:33:05'),('9f3a3ce5-c01c-4cbf-b3c0-1b5e318d29f7','61a828cd-768f-4264-80de-326e594526f8','881ab948-e40f-5a72-91aa-54b442270029','GET /users/me.json',1,'2022-12-22 22:33:29'),('9f3e35f8-ec87-4084-867a-6621fc9d4f4b','61a828cd-768f-4264-80de-326e594526f8','ad71952e-7842-599e-a19e-3a82e6974b23','GET /secrets/resource/184734ea-8be3-4f5a-ba6c-5f4b3c0603e8.json',1,'2022-12-22 22:32:53'),('9f59699d-6995-440a-b369-b64f470f9e13','61a828cd-768f-4264-80de-326e594526f8','ad71952e-7842-599e-a19e-3a82e6974b23','GET /secrets/resource/184734ea-8be3-4f5a-ba6c-5f4b3c0603e8.json',1,'2023-01-11 08:30:11'),('9f6aee1f-7347-4361-a59d-19cc1ac00ef3','61a828cd-768f-4264-80de-326e594526f8','d77de180-4626-54dd-80fb-a095ecc22aac','GET /resource-types/a28a04cd-6f53-518a-967c-9963bf9cec51.json',1,'2023-01-11 08:29:02'),('9f92243e-cb22-468f-95c2-67a318810a48',NULL,'a3c19ad2-8920-5395-86d0-8567cb34f382','POST /auth/login.json',1,'2022-12-22 22:32:51'),('a0050615-065f-4556-a8f7-3a12ed7c0533','61a828cd-768f-4264-80de-326e594526f8','d77de180-4626-54dd-80fb-a095ecc22aac','GET /resource-types/a28a04cd-6f53-518a-967c-9963bf9cec51.json',1,'2022-12-22 22:33:21'),('a031b991-a79d-416b-a210-c7956b6ae534','61a828cd-768f-4264-80de-326e594526f8','ad71952e-7842-599e-a19e-3a82e6974b23','GET /secrets/resource/cec328ec-cb1f-48f6-be1e-1ca35fc3c62d.json',1,'2022-12-22 22:33:00'),('a03e3e10-79cc-4d4c-8d74-356737643f2f','61a828cd-768f-4264-80de-326e594526f8','ad71952e-7842-599e-a19e-3a82e6974b23','GET /secrets/resource/184734ea-8be3-4f5a-ba6c-5f4b3c0603e8.json',1,'2022-12-22 22:32:48'),('a05033b6-2cc1-4293-a468-6af9b3630f4c','61a828cd-768f-4264-80de-326e594526f8','83bb8bd8-2006-5546-a3bb-9319ae6e8f9d','GET /resources/184734ea-8be3-4f5a-ba6c-5f4b3c0603e8.json',1,'2023-01-06 10:23:45'),('a0564811-0982-4af1-adb8-b8f2991f5c7a','61a828cd-768f-4264-80de-326e594526f8','881ab948-e40f-5a72-91aa-54b442270029','GET /users/me.json',1,'2023-01-11 08:28:54'),('a06ae65a-e8ec-419c-8190-0c3912b76097','61a828cd-768f-4264-80de-326e594526f8','83bb8bd8-2006-5546-a3bb-9319ae6e8f9d','GET /resources/184734ea-8be3-4f5a-ba6c-5f4b3c0603e8.json',1,'2023-01-11 08:29:00'),('a17f1a76-114c-46ff-9c92-61803797f5da','61a828cd-768f-4264-80de-326e594526f8','ad71952e-7842-599e-a19e-3a82e6974b23','GET /secrets/resource/cec328ec-cb1f-48f6-be1e-1ca35fc3c62d.json',1,'2022-12-22 22:33:29'),('a18bed91-a019-4061-bd5a-af5b41b17f85','61a828cd-768f-4264-80de-326e594526f8','ad71952e-7842-599e-a19e-3a82e6974b23','GET /secrets/resource/184734ea-8be3-4f5a-ba6c-5f4b3c0603e8.json',1,'2023-01-11 08:30:10'),('a195fb56-275d-4959-bdf7-b92d33e86a83','61a828cd-768f-4264-80de-326e594526f8','ad71952e-7842-599e-a19e-3a82e6974b23','GET /secrets/resource/cec328ec-cb1f-48f6-be1e-1ca35fc3c62d.json',1,'2022-12-22 22:33:14'),('a19c010d-e7b1-4f90-b947-6e8bed67c408','61a828cd-768f-4264-80de-326e594526f8','83bb8bd8-2006-5546-a3bb-9319ae6e8f9d','GET /resources/cec328ec-cb1f-48f6-be1e-1ca35fc3c62d.json',1,'2022-12-22 22:33:12'),('a1b69b27-d77a-4128-a136-8e04c17d6259','61a828cd-768f-4264-80de-326e594526f8','d77de180-4626-54dd-80fb-a095ecc22aac','GET /resource-types/a28a04cd-6f53-518a-967c-9963bf9cec51.json',1,'2022-12-22 22:33:23'),('a1c74d85-0f86-4436-838d-ba9287876212','61a828cd-768f-4264-80de-326e594526f8','ad71952e-7842-599e-a19e-3a82e6974b23','GET /secrets/resource/184734ea-8be3-4f5a-ba6c-5f4b3c0603e8.json',1,'2022-12-22 22:32:49'),('a1e1aff2-c119-4afd-b4f4-c689866a1365','61a828cd-768f-4264-80de-326e594526f8','881ab948-e40f-5a72-91aa-54b442270029','GET /users/me.json',1,'2022-12-22 22:32:39'),('a22a3bb5-3d82-4914-920e-1bcb2ab335f5','61a828cd-768f-4264-80de-326e594526f8','83bb8bd8-2006-5546-a3bb-9319ae6e8f9d','GET /resources/cec328ec-cb1f-48f6-be1e-1ca35fc3c62d.json',1,'2022-12-22 22:33:26'),('a274184b-5e41-48e8-8075-e33852ed6dc4','61a828cd-768f-4264-80de-326e594526f8','881ab948-e40f-5a72-91aa-54b442270029','GET /users/me.json',1,'2023-01-06 10:22:35'),('a2768cdd-887a-4da9-8c9a-70214966ee0c','61a828cd-768f-4264-80de-326e594526f8','ad71952e-7842-599e-a19e-3a82e6974b23','GET /secrets/resource/cec328ec-cb1f-48f6-be1e-1ca35fc3c62d.json',1,'2022-12-22 22:33:13'),('a2cbf969-ce5e-4116-adf6-a769a4c975e9','61a828cd-768f-4264-80de-326e594526f8','c506210f-7866-5691-8fc1-58772e8f49f1','GET /resources.json',1,'2022-12-22 22:33:24'),('a3132049-9c9c-45ef-8177-2a6555d3dad5','61a828cd-768f-4264-80de-326e594526f8','83bb8bd8-2006-5546-a3bb-9319ae6e8f9d','GET /resources/cec328ec-cb1f-48f6-be1e-1ca35fc3c62d.json',1,'2022-12-22 22:33:09'),('a320eaef-ba37-45d9-bd0f-323f2d4e83f2','61a828cd-768f-4264-80de-326e594526f8','c506210f-7866-5691-8fc1-58772e8f49f1','GET /resources.json',1,'2022-12-22 22:33:10'),('a345f5a9-6a85-4999-b984-1057b4346411','61a828cd-768f-4264-80de-326e594526f8','ad71952e-7842-599e-a19e-3a82e6974b23','GET /secrets/resource/184734ea-8be3-4f5a-ba6c-5f4b3c0603e8.json',1,'2022-12-22 22:33:10'),('a356c975-52d0-47d4-b658-203322153bd1','61a828cd-768f-4264-80de-326e594526f8','83bb8bd8-2006-5546-a3bb-9319ae6e8f9d','GET /resources/cec328ec-cb1f-48f6-be1e-1ca35fc3c62d.json',1,'2022-12-22 22:33:27'),('a3b3c598-9ebf-4094-b954-7fb84dc56af7','61a828cd-768f-4264-80de-326e594526f8','d77de180-4626-54dd-80fb-a095ecc22aac','GET /resource-types/a28a04cd-6f53-518a-967c-9963bf9cec51.json',1,'2023-01-06 10:22:35'),('a3b547d7-dab6-41a9-9dba-5b2cf3482991',NULL,'a3c19ad2-8920-5395-86d0-8567cb34f382','POST /auth/login.json',1,'2022-12-22 22:33:19'),('a3d1639f-0ede-4b1d-bf9f-fb76d1fdcb3b','61a828cd-768f-4264-80de-326e594526f8','ad71952e-7842-599e-a19e-3a82e6974b23','GET /secrets/resource/184734ea-8be3-4f5a-ba6c-5f4b3c0603e8.json',1,'2022-12-22 22:33:29'),('a3dadccb-2ed1-4f6e-9ac3-bdc24f812a1b','61a828cd-768f-4264-80de-326e594526f8','83bb8bd8-2006-5546-a3bb-9319ae6e8f9d','GET /resources/184734ea-8be3-4f5a-ba6c-5f4b3c0603e8.json',1,'2022-12-22 22:32:47'),('a3f1943d-9b78-47c0-8362-cf8594a35e53','61a828cd-768f-4264-80de-326e594526f8','ad71952e-7842-599e-a19e-3a82e6974b23','GET /secrets/resource/184734ea-8be3-4f5a-ba6c-5f4b3c0603e8.json',1,'2022-12-22 22:33:16'),('a3f52c03-c951-409f-a29f-218e7d542cc6','61a828cd-768f-4264-80de-326e594526f8','d77de180-4626-54dd-80fb-a095ecc22aac','GET /resource-types/a28a04cd-6f53-518a-967c-9963bf9cec51.json',1,'2022-12-22 22:32:57'),('a413b152-3f4d-4d60-b70d-43d9d882dc9c','61a828cd-768f-4264-80de-326e594526f8','d7bc9044-a64e-5421-a4d7-7a94eaa39d37','GET /users.json',1,'2022-12-22 22:17:55'),('a45aa579-e4f1-4177-a171-6c5244a2ba71',NULL,'17b8a54b-8069-586a-8ca2-7e7569b28e08','GET /img/logo/logo.svg',0,'2023-01-11 08:56:39'),('a50f0536-9490-4734-8c21-e8c0583de9e1','61a828cd-768f-4264-80de-326e594526f8','881ab948-e40f-5a72-91aa-54b442270029','GET /users/me.json',1,'2023-01-06 10:22:34'),('a5370e18-7916-41fc-ab7f-fc21f41dd046','61a828cd-768f-4264-80de-326e594526f8','d77de180-4626-54dd-80fb-a095ecc22aac','GET /resource-types/a28a04cd-6f53-518a-967c-9963bf9cec51.json',1,'2022-12-22 22:32:43'),('a538be1f-0486-46be-b6ab-84b4ab3efe8b','61a828cd-768f-4264-80de-326e594526f8','ad71952e-7842-599e-a19e-3a82e6974b23','GET /secrets/resource/cec328ec-cb1f-48f6-be1e-1ca35fc3c62d.json',1,'2022-12-22 22:32:39'),('a57c2113-926b-46fd-b742-d992adf4e85b','61a828cd-768f-4264-80de-326e594526f8','9b473b19-0e3e-5efb-be19-8a1719843762','GET /account/settings.json',1,'2022-12-22 22:24:33'),('a5c6d713-caa0-4936-bc3d-be5874caec70','61a828cd-768f-4264-80de-326e594526f8','d77de180-4626-54dd-80fb-a095ecc22aac','GET /resource-types/a28a04cd-6f53-518a-967c-9963bf9cec51.json',1,'2022-12-22 22:32:48'),('a6051631-45d2-4b10-8181-6a3ee7bc201a','61a828cd-768f-4264-80de-326e594526f8','ad71952e-7842-599e-a19e-3a82e6974b23','GET /secrets/resource/184734ea-8be3-4f5a-ba6c-5f4b3c0603e8.json',1,'2022-12-22 22:32:56'),('a67850a9-85e3-4431-a616-31968027f4da','61a828cd-768f-4264-80de-326e594526f8','881ab948-e40f-5a72-91aa-54b442270029','GET /users/me.json',1,'2022-12-22 22:32:58'),('a6870284-553c-4e09-9e19-7c1747c1e465','61a828cd-768f-4264-80de-326e594526f8','d77de180-4626-54dd-80fb-a095ecc22aac','GET /resource-types/a28a04cd-6f53-518a-967c-9963bf9cec51.json',1,'2022-12-22 22:33:17'),('a6bdb7d7-cda2-4e97-8966-90c7dc637e22','61a828cd-768f-4264-80de-326e594526f8','83bb8bd8-2006-5546-a3bb-9319ae6e8f9d','GET /resources/184734ea-8be3-4f5a-ba6c-5f4b3c0603e8.json',1,'2022-12-22 22:32:34'),('a715aa97-da9b-4a1e-85f0-374918f4fad1','61a828cd-768f-4264-80de-326e594526f8','bef9f3ca-86ef-5c6a-9b38-320e03ceb5df','GET /settings.json',1,'2022-12-22 22:24:55'),('a7207bbc-b1a5-4ddb-94a5-b28107396824','61a828cd-768f-4264-80de-326e594526f8','a3c19ad2-8920-5395-86d0-8567cb34f382','POST /auth/login.json',1,'2022-12-22 22:32:44'),('a75488a8-8938-4145-9d0a-5f7beb8f12f5','61a828cd-768f-4264-80de-326e594526f8','d77de180-4626-54dd-80fb-a095ecc22aac','GET /resource-types/a28a04cd-6f53-518a-967c-9963bf9cec51.json',1,'2022-12-22 22:32:46'),('a760043a-1b9a-4413-af09-bbde4e8c367f','61a828cd-768f-4264-80de-326e594526f8','ad71952e-7842-599e-a19e-3a82e6974b23','GET /secrets/resource/cec328ec-cb1f-48f6-be1e-1ca35fc3c62d.json',1,'2022-12-22 22:32:58'),('a7b294ad-ffbd-4b87-95dc-d32a5e932aa4','61a828cd-768f-4264-80de-326e594526f8','83bb8bd8-2006-5546-a3bb-9319ae6e8f9d','GET /resources/184734ea-8be3-4f5a-ba6c-5f4b3c0603e8.json',1,'2022-12-22 22:32:53'),('a7cc1947-1a9d-4805-bb0b-246a7ca62b70','61a828cd-768f-4264-80de-326e594526f8','c506210f-7866-5691-8fc1-58772e8f49f1','GET /resources.json',1,'2022-12-22 22:33:08'),('a7fa572f-c9d0-41a2-995d-d0ae72e7db40','61a828cd-768f-4264-80de-326e594526f8','c506210f-7866-5691-8fc1-58772e8f49f1','GET /resources.json',1,'2022-12-22 22:32:33'),('a80a6eb2-405a-48a6-b30e-f940b893e89a','61a828cd-768f-4264-80de-326e594526f8','ad71952e-7842-599e-a19e-3a82e6974b23','GET /secrets/resource/184734ea-8be3-4f5a-ba6c-5f4b3c0603e8.json',1,'2022-12-22 22:33:13'),('a81e5791-ac04-4123-abc9-13aaa64a5b1d','61a828cd-768f-4264-80de-326e594526f8','83bb8bd8-2006-5546-a3bb-9319ae6e8f9d','GET /resources/184734ea-8be3-4f5a-ba6c-5f4b3c0603e8.json',1,'2022-12-22 22:32:46'),('a82b7876-a590-4e90-b349-a37dca91aa4e','61a828cd-768f-4264-80de-326e594526f8','ad71952e-7842-599e-a19e-3a82e6974b23','GET /secrets/resource/184734ea-8be3-4f5a-ba6c-5f4b3c0603e8.json',1,'2022-12-22 22:33:31'),('a89029a5-b63f-4560-b0b1-edb301747dd4','61a828cd-768f-4264-80de-326e594526f8','d77de180-4626-54dd-80fb-a095ecc22aac','GET /resource-types/a28a04cd-6f53-518a-967c-9963bf9cec51.json',1,'2022-12-22 22:33:02'),('a8b1f93c-412a-4e77-9838-c36b21f347d9','61a828cd-768f-4264-80de-326e594526f8','ad71952e-7842-599e-a19e-3a82e6974b23','GET /secrets/resource/184734ea-8be3-4f5a-ba6c-5f4b3c0603e8.json',1,'2022-12-22 22:33:23'),('a9053c3d-a6cb-4f49-b5a9-b9da41bb93dc','61a828cd-768f-4264-80de-326e594526f8','bbcc91fb-c9fe-5a24-aaf6-0d36b61f9559','POST /account/settings/themes.json',1,'2022-12-22 22:20:53'),('a98c4676-600b-4805-8245-3fd06612f576','61a828cd-768f-4264-80de-326e594526f8','a3c19ad2-8920-5395-86d0-8567cb34f382','POST /auth/login.json',1,'2022-12-22 22:32:38'),('a9a298b9-8b21-4afd-9633-bd4514dcb171','61a828cd-768f-4264-80de-326e594526f8','d77de180-4626-54dd-80fb-a095ecc22aac','GET /resource-types/a28a04cd-6f53-518a-967c-9963bf9cec51.json',1,'2022-12-22 22:32:38'),('a9ac790e-d915-4a25-adbd-710eeaf90e0f','61a828cd-768f-4264-80de-326e594526f8','d77de180-4626-54dd-80fb-a095ecc22aac','GET /resource-types/a28a04cd-6f53-518a-967c-9963bf9cec51.json',1,'2022-12-22 22:32:50'),('aa08990f-1a74-4a46-b5d6-3a5c0a4e9ac8','61a828cd-768f-4264-80de-326e594526f8','d7bc9044-a64e-5421-a4d7-7a94eaa39d37','GET /users.json',1,'2022-12-22 22:24:33'),('aafdd90f-e5e1-430f-9473-7be1783b9d0a','61a828cd-768f-4264-80de-326e594526f8','d77de180-4626-54dd-80fb-a095ecc22aac','GET /resource-types/a28a04cd-6f53-518a-967c-9963bf9cec51.json',1,'2022-12-22 22:33:23'),('aaff0160-6f4d-4b4b-a44e-2b6a3cc75404','61a828cd-768f-4264-80de-326e594526f8','83bb8bd8-2006-5546-a3bb-9319ae6e8f9d','GET /resources/184734ea-8be3-4f5a-ba6c-5f4b3c0603e8.json',1,'2023-01-06 10:22:36'),('ab6b4a30-7e12-4e20-b4e7-ddab011bdc84','61a828cd-768f-4264-80de-326e594526f8','d77de180-4626-54dd-80fb-a095ecc22aac','GET /resource-types/a28a04cd-6f53-518a-967c-9963bf9cec51.json',1,'2022-12-22 22:33:05'),('ab8cdc6d-97ee-4007-a855-f4a1b20bc8a6','61a828cd-768f-4264-80de-326e594526f8','83bb8bd8-2006-5546-a3bb-9319ae6e8f9d','GET /resources/184734ea-8be3-4f5a-ba6c-5f4b3c0603e8.json',1,'2022-12-22 22:32:51'),('aba506b9-5a7d-4414-b8d8-9ec32a5f0d21','61a828cd-768f-4264-80de-326e594526f8','d77de180-4626-54dd-80fb-a095ecc22aac','GET /resource-types/a28a04cd-6f53-518a-967c-9963bf9cec51.json',1,'2022-12-22 22:32:52'),('abc60580-f0a8-4458-a884-f4c7f83a048b','61a828cd-768f-4264-80de-326e594526f8','ad71952e-7842-599e-a19e-3a82e6974b23','GET /secrets/resource/cec328ec-cb1f-48f6-be1e-1ca35fc3c62d.json',1,'2022-12-22 22:32:52'),('ac0e574d-5b8e-4517-816c-640dfe2971b4','61a828cd-768f-4264-80de-326e594526f8','ad71952e-7842-599e-a19e-3a82e6974b23','GET /secrets/resource/cec328ec-cb1f-48f6-be1e-1ca35fc3c62d.json',1,'2022-12-22 22:32:57'),('ac2a0594-584b-46c3-bc94-5466ae2fd535','61a828cd-768f-4264-80de-326e594526f8','83bb8bd8-2006-5546-a3bb-9319ae6e8f9d','GET /resources/cec328ec-cb1f-48f6-be1e-1ca35fc3c62d.json',1,'2022-12-22 22:32:49'),('ac7751ae-ed82-43d9-a562-a9e3f40a6565','61a828cd-768f-4264-80de-326e594526f8','83bb8bd8-2006-5546-a3bb-9319ae6e8f9d','GET /resources/184734ea-8be3-4f5a-ba6c-5f4b3c0603e8.json',1,'2022-12-22 22:33:00'),('acc5c3e4-06ca-49af-ad4a-f1649f40be8c','61a828cd-768f-4264-80de-326e594526f8','ad71952e-7842-599e-a19e-3a82e6974b23','GET /secrets/resource/184734ea-8be3-4f5a-ba6c-5f4b3c0603e8.json',1,'2022-12-22 22:33:17'),('acf942f9-ee75-4a8a-8430-980185563a6f',NULL,'a3c19ad2-8920-5395-86d0-8567cb34f382','POST /auth/login.json',1,'2022-12-22 22:33:26'),('ad005380-85f8-4d22-85ac-1b883feed658','61a828cd-768f-4264-80de-326e594526f8','d77de180-4626-54dd-80fb-a095ecc22aac','GET /resource-types/a28a04cd-6f53-518a-967c-9963bf9cec51.json',1,'2022-12-22 22:32:36'),('ad1cb393-0a65-412d-a037-38db51f0901b','61a828cd-768f-4264-80de-326e594526f8','d77de180-4626-54dd-80fb-a095ecc22aac','GET /resource-types/a28a04cd-6f53-518a-967c-9963bf9cec51.json',1,'2022-12-22 22:32:54'),('ad3ebb43-d7fc-429b-8626-3924901b2b0d','61a828cd-768f-4264-80de-326e594526f8','ad71952e-7842-599e-a19e-3a82e6974b23','GET /secrets/resource/cec328ec-cb1f-48f6-be1e-1ca35fc3c62d.json',1,'2022-12-22 22:32:55'),('ad4470dc-15a8-4b38-8b34-b78b70a366ba','61a828cd-768f-4264-80de-326e594526f8','83bb8bd8-2006-5546-a3bb-9319ae6e8f9d','GET /resources/cec328ec-cb1f-48f6-be1e-1ca35fc3c62d.json',1,'2022-12-22 22:32:55'),('ad59d53f-25eb-47ae-86e7-3608de849fee','61a828cd-768f-4264-80de-326e594526f8','ad71952e-7842-599e-a19e-3a82e6974b23','GET /secrets/resource/184734ea-8be3-4f5a-ba6c-5f4b3c0603e8.json',1,'2022-12-22 22:32:36'),('ad70b9f0-785a-4b5b-b8d3-1e62b2144c6e','61a828cd-768f-4264-80de-326e594526f8','83bb8bd8-2006-5546-a3bb-9319ae6e8f9d','GET /resources/cec328ec-cb1f-48f6-be1e-1ca35fc3c62d.json',1,'2022-12-22 22:32:35'),('ad7cd0d5-03ca-47ce-93a5-2102a0787579',NULL,'bef9f3ca-86ef-5c6a-9b38-320e03ceb5df','GET /settings.json',1,'2023-01-17 22:38:08'),('adf2898a-3704-42b6-924d-46cd7c22111e','61a828cd-768f-4264-80de-326e594526f8','d77de180-4626-54dd-80fb-a095ecc22aac','GET /resource-types/a28a04cd-6f53-518a-967c-9963bf9cec51.json',1,'2023-01-06 10:23:45'),('ae19207e-af36-4413-98e4-57d45b07d660','61a828cd-768f-4264-80de-326e594526f8','83bb8bd8-2006-5546-a3bb-9319ae6e8f9d','GET /resources/184734ea-8be3-4f5a-ba6c-5f4b3c0603e8.json',1,'2023-01-11 08:30:11'),('ae523d8f-586f-4f19-b19f-250b399791ca','61a828cd-768f-4264-80de-326e594526f8','ad71952e-7842-599e-a19e-3a82e6974b23','GET /secrets/resource/184734ea-8be3-4f5a-ba6c-5f4b3c0603e8.json',1,'2022-12-22 22:32:40'),('aeaca96d-75a6-42f1-bae1-45121b22c9d7','61a828cd-768f-4264-80de-326e594526f8','d77de180-4626-54dd-80fb-a095ecc22aac','GET /resource-types/a28a04cd-6f53-518a-967c-9963bf9cec51.json',1,'2022-12-22 22:32:56'),('aeb4a74b-3bae-4344-9ac0-5e035a6c4f8e','61a828cd-768f-4264-80de-326e594526f8','d77de180-4626-54dd-80fb-a095ecc22aac','GET /resource-types/a28a04cd-6f53-518a-967c-9963bf9cec51.json',1,'2022-12-22 22:32:36'),('aedc227f-9943-4ce5-a6cc-37532fae6ce5','61a828cd-768f-4264-80de-326e594526f8','d77de180-4626-54dd-80fb-a095ecc22aac','GET /resource-types/a28a04cd-6f53-518a-967c-9963bf9cec51.json',1,'2022-12-22 22:32:43'),('af13fb72-63a6-4287-803d-3fafb8a8a452','61a828cd-768f-4264-80de-326e594526f8','c506210f-7866-5691-8fc1-58772e8f49f1','GET /resources.json',1,'2022-12-22 22:33:15'),('aff04100-f205-4427-a3f4-e5dee9642000','61a828cd-768f-4264-80de-326e594526f8','83bb8bd8-2006-5546-a3bb-9319ae6e8f9d','GET /resources/cec328ec-cb1f-48f6-be1e-1ca35fc3c62d.json',1,'2022-12-22 22:33:17'),('aff90429-f1ea-4fdf-b0fa-4ad319cfd067','61a828cd-768f-4264-80de-326e594526f8','83bb8bd8-2006-5546-a3bb-9319ae6e8f9d','GET /resources/184734ea-8be3-4f5a-ba6c-5f4b3c0603e8.json',1,'2023-01-06 10:23:46'),('b04887bc-c332-4ae5-b0c5-caf839e21eaa','61a828cd-768f-4264-80de-326e594526f8','83bb8bd8-2006-5546-a3bb-9319ae6e8f9d','GET /resources/184734ea-8be3-4f5a-ba6c-5f4b3c0603e8.json',1,'2022-12-22 22:33:00'),('b087d5da-95f2-4e4c-af3b-c84403a2e64f','61a828cd-768f-4264-80de-326e594526f8','ad71952e-7842-599e-a19e-3a82e6974b23','GET /secrets/resource/184734ea-8be3-4f5a-ba6c-5f4b3c0603e8.json',1,'2022-12-22 22:32:58'),('b0962cbf-ca67-4726-bb49-01802755bb06','61a828cd-768f-4264-80de-326e594526f8','ad71952e-7842-599e-a19e-3a82e6974b23','GET /secrets/resource/184734ea-8be3-4f5a-ba6c-5f4b3c0603e8.json',1,'2022-12-22 22:32:59'),('b0b3fe09-88e4-4ca7-8683-c924f0b3d01e','61a828cd-768f-4264-80de-326e594526f8','d77de180-4626-54dd-80fb-a095ecc22aac','GET /resource-types/a28a04cd-6f53-518a-967c-9963bf9cec51.json',1,'2022-12-22 22:33:00'),('b0cca441-f2f3-46cb-b0d4-8d44da4a0262','61a828cd-768f-4264-80de-326e594526f8','ad71952e-7842-599e-a19e-3a82e6974b23','GET /secrets/resource/cec328ec-cb1f-48f6-be1e-1ca35fc3c62d.json',1,'2022-12-22 22:32:36'),('b1c04bc9-483c-4398-8134-86d57810f960','61a828cd-768f-4264-80de-326e594526f8','d77de180-4626-54dd-80fb-a095ecc22aac','GET /resource-types/a28a04cd-6f53-518a-967c-9963bf9cec51.json',1,'2022-12-22 22:33:28'),('b2196f53-ea05-4442-b724-c2850874b70b','61a828cd-768f-4264-80de-326e594526f8','d77de180-4626-54dd-80fb-a095ecc22aac','GET /resource-types/a28a04cd-6f53-518a-967c-9963bf9cec51.json',1,'2022-12-22 22:32:34'),('b249f9bb-fed6-4d67-9f41-596c23505b2f','61a828cd-768f-4264-80de-326e594526f8','83bb8bd8-2006-5546-a3bb-9319ae6e8f9d','GET /resources/184734ea-8be3-4f5a-ba6c-5f4b3c0603e8.json',1,'2022-12-22 22:33:03'),('b24cdb85-7f5c-47b1-a996-63ddc596755b','61a828cd-768f-4264-80de-326e594526f8','83bb8bd8-2006-5546-a3bb-9319ae6e8f9d','GET /resources/184734ea-8be3-4f5a-ba6c-5f4b3c0603e8.json',1,'2022-12-22 22:32:43'),('b2850169-e6d8-4ebd-8eb0-d2e8a1898b23','61a828cd-768f-4264-80de-326e594526f8','83bb8bd8-2006-5546-a3bb-9319ae6e8f9d','GET /resources/cec328ec-cb1f-48f6-be1e-1ca35fc3c62d.json',1,'2022-12-22 22:33:29'),('b2a1504b-fb63-4435-ac12-f20d84dfb6bf','61a828cd-768f-4264-80de-326e594526f8','c506210f-7866-5691-8fc1-58772e8f49f1','GET /resources.json',1,'2023-01-06 10:22:36'),('b2b952ff-2378-4f0e-89c8-16f3fe95cf6f','61a828cd-768f-4264-80de-326e594526f8','c506210f-7866-5691-8fc1-58772e8f49f1','GET /resources.json',1,'2022-12-22 22:32:40'),('b339f96b-1a59-475f-9fdb-193aaa14d7a0','61a828cd-768f-4264-80de-326e594526f8','d77de180-4626-54dd-80fb-a095ecc22aac','GET /resource-types/a28a04cd-6f53-518a-967c-9963bf9cec51.json',1,'2022-12-22 22:33:26'),('b3afe654-7829-4e2d-a1e2-0c07c4c98120','61a828cd-768f-4264-80de-326e594526f8','a3c19ad2-8920-5395-86d0-8567cb34f382','POST /auth/login.json',1,'2022-12-22 22:33:16'),('b3b30a20-c268-463f-a042-c4b19d64853f','61a828cd-768f-4264-80de-326e594526f8','d77de180-4626-54dd-80fb-a095ecc22aac','GET /resource-types/a28a04cd-6f53-518a-967c-9963bf9cec51.json',1,'2022-12-22 22:33:17'),('b3efe1f5-932a-4c3e-a93b-938f532c8ced','61a828cd-768f-4264-80de-326e594526f8','83bb8bd8-2006-5546-a3bb-9319ae6e8f9d','GET /resources/cec328ec-cb1f-48f6-be1e-1ca35fc3c62d.json',1,'2022-12-22 22:33:17'),('b40dec72-81cc-42b1-acfb-5a33ad02fc60','61a828cd-768f-4264-80de-326e594526f8','881ab948-e40f-5a72-91aa-54b442270029','GET /users/me.json',1,'2023-01-11 08:29:00'),('b46ba1ed-94a2-43fd-a393-bf656b310733','61a828cd-768f-4264-80de-326e594526f8','ad71952e-7842-599e-a19e-3a82e6974b23','GET /secrets/resource/184734ea-8be3-4f5a-ba6c-5f4b3c0603e8.json',1,'2022-12-22 22:32:37'),('b49a78d6-3b44-427e-b3cc-40041bf6357c','61a828cd-768f-4264-80de-326e594526f8','ad71952e-7842-599e-a19e-3a82e6974b23','GET /secrets/resource/184734ea-8be3-4f5a-ba6c-5f4b3c0603e8.json',1,'2022-12-22 22:33:18'),('b4b9c8cd-ac6b-4b6f-9605-4e7084c59161','61a828cd-768f-4264-80de-326e594526f8','d77de180-4626-54dd-80fb-a095ecc22aac','GET /resource-types/a28a04cd-6f53-518a-967c-9963bf9cec51.json',1,'2022-12-22 22:32:45'),('b4c4624b-fc11-4588-a9ef-4072b72095b9','61a828cd-768f-4264-80de-326e594526f8','d77de180-4626-54dd-80fb-a095ecc22aac','GET /resource-types/a28a04cd-6f53-518a-967c-9963bf9cec51.json',1,'2022-12-22 22:33:06'),('b51911da-154b-4bd8-add8-cfbdf4d1b125',NULL,'a3c19ad2-8920-5395-86d0-8567cb34f382','POST /auth/verify.json',1,'2023-01-05 16:21:05'),('b542fe13-5be8-4fbf-a0a5-54efa99d2973','61a828cd-768f-4264-80de-326e594526f8','83bb8bd8-2006-5546-a3bb-9319ae6e8f9d','GET /resources/184734ea-8be3-4f5a-ba6c-5f4b3c0603e8.json',1,'2022-12-22 22:32:46'),('b59cc670-f94c-48d2-88e9-06f24d62a857','61a828cd-768f-4264-80de-326e594526f8','d77de180-4626-54dd-80fb-a095ecc22aac','GET /resource-types/a28a04cd-6f53-518a-967c-9963bf9cec51.json',1,'2022-12-22 22:33:20'),('b5b7e9a8-88cf-4baa-935a-96f8e246304c','61a828cd-768f-4264-80de-326e594526f8','83bb8bd8-2006-5546-a3bb-9319ae6e8f9d','GET /resources/184734ea-8be3-4f5a-ba6c-5f4b3c0603e8.json',1,'2022-12-22 22:33:02'),('b6957497-9102-479e-b813-e5a2d6fc7871','61a828cd-768f-4264-80de-326e594526f8','ad71952e-7842-599e-a19e-3a82e6974b23','GET /secrets/resource/cec328ec-cb1f-48f6-be1e-1ca35fc3c62d.json',1,'2022-12-22 22:32:42'),('b6f89f43-643d-4017-a6ca-a284386f25d8','61a828cd-768f-4264-80de-326e594526f8','d77de180-4626-54dd-80fb-a095ecc22aac','GET /resource-types/a28a04cd-6f53-518a-967c-9963bf9cec51.json',1,'2022-12-22 22:32:53'),('b780d922-a771-4f9f-a7bf-e91e4cb3ffcd','61a828cd-768f-4264-80de-326e594526f8','d77de180-4626-54dd-80fb-a095ecc22aac','GET /resource-types/a28a04cd-6f53-518a-967c-9963bf9cec51.json',1,'2022-12-22 22:33:20'),('b793b563-eb55-47f5-b40f-7193d8317d06',NULL,'a3c19ad2-8920-5395-86d0-8567cb34f382','POST /auth/login.json',1,'2023-01-11 08:28:53'),('b7a71fc1-4995-4cde-ad40-6eb221db54c7','61a828cd-768f-4264-80de-326e594526f8','ad71952e-7842-599e-a19e-3a82e6974b23','GET /secrets/resource/184734ea-8be3-4f5a-ba6c-5f4b3c0603e8.json',1,'2022-12-22 22:32:52'),('b7e5e017-0709-4cca-bbbc-6291031fac75',NULL,'bef9f3ca-86ef-5c6a-9b38-320e03ceb5df','GET /settings.json',1,'2022-12-22 22:16:53'),('b8555480-6c04-4359-8596-d5d3a95312e1','61a828cd-768f-4264-80de-326e594526f8','ad71952e-7842-599e-a19e-3a82e6974b23','GET /secrets/resource/184734ea-8be3-4f5a-ba6c-5f4b3c0603e8.json',1,'2022-12-22 22:32:52'),('b85c8d17-6e88-403d-8a22-a0cb1a80d65b','61a828cd-768f-4264-80de-326e594526f8','83bb8bd8-2006-5546-a3bb-9319ae6e8f9d','GET /resources/184734ea-8be3-4f5a-ba6c-5f4b3c0603e8.json',1,'2022-12-22 22:32:33'),('b937c7a1-77ac-4c53-817a-99e5779e1633',NULL,'a3c19ad2-8920-5395-86d0-8567cb34f382','POST /auth/login.json',1,'2022-12-22 22:32:59'),('b991fef7-77de-47a7-9825-65bea3250b54','61a828cd-768f-4264-80de-326e594526f8','c506210f-7866-5691-8fc1-58772e8f49f1','GET /resources.json',1,'2022-12-22 22:33:25'),('ba0ff021-1c92-4332-86c4-ee80505430b6','61a828cd-768f-4264-80de-326e594526f8','d77de180-4626-54dd-80fb-a095ecc22aac','GET /resource-types/a28a04cd-6f53-518a-967c-9963bf9cec51.json',1,'2022-12-22 22:33:01'),('ba19e208-9903-4c5d-b554-7ba94c302c31','61a828cd-768f-4264-80de-326e594526f8','d77de180-4626-54dd-80fb-a095ecc22aac','GET /resource-types/a28a04cd-6f53-518a-967c-9963bf9cec51.json',1,'2023-01-11 08:30:10'),('ba325e5f-5374-44ef-9bc8-c0ba4b560701','61a828cd-768f-4264-80de-326e594526f8','83bb8bd8-2006-5546-a3bb-9319ae6e8f9d','GET /resources/cec328ec-cb1f-48f6-be1e-1ca35fc3c62d.json',1,'2022-12-22 22:33:01'),('bad86e06-28b6-4359-a195-007e5078319d','61a828cd-768f-4264-80de-326e594526f8','ad71952e-7842-599e-a19e-3a82e6974b23','GET /secrets/resource/184734ea-8be3-4f5a-ba6c-5f4b3c0603e8.json',1,'2023-01-11 08:30:11'),('baf1581e-3ced-46c9-aa57-42f895b65850','61a828cd-768f-4264-80de-326e594526f8','83bb8bd8-2006-5546-a3bb-9319ae6e8f9d','GET /resources/cec328ec-cb1f-48f6-be1e-1ca35fc3c62d.json',1,'2022-12-22 22:32:37'),('baf4bc34-43bf-421d-a6d3-21f977cc0ff7',NULL,'a3c19ad2-8920-5395-86d0-8567cb34f382','POST /auth/login.json',1,'2022-12-22 22:32:56'),('bb106939-13ad-48ee-8408-cb4c035c5240','61a828cd-768f-4264-80de-326e594526f8','d77de180-4626-54dd-80fb-a095ecc22aac','GET /resource-types/a28a04cd-6f53-518a-967c-9963bf9cec51.json',1,'2023-01-06 10:22:35'),('bb86b7e0-af9d-4974-bbc4-a2e1958f2903','61a828cd-768f-4264-80de-326e594526f8','ad71952e-7842-599e-a19e-3a82e6974b23','GET /secrets/resource/cec328ec-cb1f-48f6-be1e-1ca35fc3c62d.json',1,'2022-12-22 22:33:11'),('bbae8ff2-0e96-4f3b-9707-01acc29a2cdc','61a828cd-768f-4264-80de-326e594526f8','c506210f-7866-5691-8fc1-58772e8f49f1','GET /resources.json',1,'2022-12-22 22:32:46'),('bbfe6f0f-b201-4014-9811-fc9111054637','61a828cd-768f-4264-80de-326e594526f8','c506210f-7866-5691-8fc1-58772e8f49f1','GET /resources.json',1,'2023-01-06 10:22:34'),('bc456d10-2584-41f7-900e-a2479b99e59a','61a828cd-768f-4264-80de-326e594526f8','83bb8bd8-2006-5546-a3bb-9319ae6e8f9d','GET /resources/184734ea-8be3-4f5a-ba6c-5f4b3c0603e8.json',1,'2022-12-22 22:33:17'),('bc85d9bd-927b-4131-b46b-424f915f8fba','61a828cd-768f-4264-80de-326e594526f8','d77de180-4626-54dd-80fb-a095ecc22aac','GET /resource-types/a28a04cd-6f53-518a-967c-9963bf9cec51.json',1,'2022-12-22 22:32:36'),('bcb18cdf-8c7d-4da6-9cee-5bba4ea3a9e2','61a828cd-768f-4264-80de-326e594526f8','ad71952e-7842-599e-a19e-3a82e6974b23','GET /secrets/resource/184734ea-8be3-4f5a-ba6c-5f4b3c0603e8.json',1,'2022-12-22 22:32:43'),('bcb4618b-1335-46e2-a341-364c85426586',NULL,'bef9f3ca-86ef-5c6a-9b38-320e03ceb5df','GET /settings.json',1,'2023-01-13 11:59:28'),('bda9914c-e7df-485c-971f-ba72aa76d729','61a828cd-768f-4264-80de-326e594526f8','ad71952e-7842-599e-a19e-3a82e6974b23','GET /secrets/resource/cec328ec-cb1f-48f6-be1e-1ca35fc3c62d.json',1,'2022-12-22 22:33:14'),('bdf39819-b294-4a65-ae49-12efb8c8c16a','61a828cd-768f-4264-80de-326e594526f8','ad71952e-7842-599e-a19e-3a82e6974b23','GET /secrets/resource/184734ea-8be3-4f5a-ba6c-5f4b3c0603e8.json',1,'2022-12-22 22:32:36'),('bdf7aa84-3495-478b-b1a3-4bf90dea17e3','61a828cd-768f-4264-80de-326e594526f8','881ab948-e40f-5a72-91aa-54b442270029','GET /users/me.json',1,'2022-12-22 22:33:11'),('bdfc4d2d-5acc-4e88-80ad-832d2a5b89c8','61a828cd-768f-4264-80de-326e594526f8','83bb8bd8-2006-5546-a3bb-9319ae6e8f9d','GET /resources/184734ea-8be3-4f5a-ba6c-5f4b3c0603e8.json',1,'2022-12-22 22:33:08'),('be1e8540-97ce-4d75-a021-2539d0121c9a','61a828cd-768f-4264-80de-326e594526f8','83bb8bd8-2006-5546-a3bb-9319ae6e8f9d','GET /resources/184734ea-8be3-4f5a-ba6c-5f4b3c0603e8.json',1,'2022-12-22 22:32:52'),('be21f9b5-2e21-4310-a4a6-47c44c81755a','61a828cd-768f-4264-80de-326e594526f8','ad71952e-7842-599e-a19e-3a82e6974b23','GET /secrets/resource/cec328ec-cb1f-48f6-be1e-1ca35fc3c62d.json',1,'2022-12-22 22:32:57'),('be4aa34a-ddac-4734-b267-4bc0c41595f3','61a828cd-768f-4264-80de-326e594526f8','a3c19ad2-8920-5395-86d0-8567cb34f382','POST /auth/login.json',1,'2023-01-11 08:28:54'),('bed7a297-4c55-43b8-b1f7-eb9a10b1c70e','61a828cd-768f-4264-80de-326e594526f8','d77de180-4626-54dd-80fb-a095ecc22aac','GET /resource-types/a28a04cd-6f53-518a-967c-9963bf9cec51.json',1,'2022-12-22 22:32:57'),('bedc0166-2da7-4fb7-9033-651f8ffa0135','61a828cd-768f-4264-80de-326e594526f8','ad71952e-7842-599e-a19e-3a82e6974b23','GET /secrets/resource/184734ea-8be3-4f5a-ba6c-5f4b3c0603e8.json',1,'2022-12-22 22:33:31'),('bfe1ac1d-fc20-4f08-ad4e-f2e6551d2f1d','61a828cd-768f-4264-80de-326e594526f8','d77de180-4626-54dd-80fb-a095ecc22aac','GET /resource-types/a28a04cd-6f53-518a-967c-9963bf9cec51.json',1,'2022-12-22 22:33:15'),('bfec35c7-1a5a-4f1b-a2f0-691087b5caed','61a828cd-768f-4264-80de-326e594526f8','83bb8bd8-2006-5546-a3bb-9319ae6e8f9d','GET /resources/184734ea-8be3-4f5a-ba6c-5f4b3c0603e8.json',1,'2023-01-06 10:22:35'),('bff8c7ac-aa18-417c-a20e-742762aff6b2','61a828cd-768f-4264-80de-326e594526f8','d77de180-4626-54dd-80fb-a095ecc22aac','GET /resource-types/a28a04cd-6f53-518a-967c-9963bf9cec51.json',1,'2022-12-22 22:32:59'),('c017e31b-0eeb-4ef8-a602-90ae68f21194','61a828cd-768f-4264-80de-326e594526f8','83bb8bd8-2006-5546-a3bb-9319ae6e8f9d','GET /resources/184734ea-8be3-4f5a-ba6c-5f4b3c0603e8.json',1,'2023-01-11 08:30:11'),('c01aa7df-7296-4abb-b0ea-870012a7a033','61a828cd-768f-4264-80de-326e594526f8','d77de180-4626-54dd-80fb-a095ecc22aac','GET /resource-types/a28a04cd-6f53-518a-967c-9963bf9cec51.json',1,'2022-12-22 22:32:52'),('c067c15c-8772-40c8-989f-8c9cf7bde3ad','61a828cd-768f-4264-80de-326e594526f8','83bb8bd8-2006-5546-a3bb-9319ae6e8f9d','GET /resources/184734ea-8be3-4f5a-ba6c-5f4b3c0603e8.json',1,'2022-12-22 22:33:10'),('c0a8377d-5a63-48b4-b717-9baf524af75e','61a828cd-768f-4264-80de-326e594526f8','83bb8bd8-2006-5546-a3bb-9319ae6e8f9d','GET /resources/184734ea-8be3-4f5a-ba6c-5f4b3c0603e8.json',1,'2022-12-22 22:33:16'),('c0c2516a-542f-4fd1-b519-aae33360e97f','61a828cd-768f-4264-80de-326e594526f8','d77de180-4626-54dd-80fb-a095ecc22aac','GET /resource-types/a28a04cd-6f53-518a-967c-9963bf9cec51.json',1,'2022-12-22 22:32:48'),('c1dd66e0-9da9-4d0b-beee-a5fe08438972','61a828cd-768f-4264-80de-326e594526f8','ad71952e-7842-599e-a19e-3a82e6974b23','GET /secrets/resource/184734ea-8be3-4f5a-ba6c-5f4b3c0603e8.json',1,'2022-12-22 22:33:30'),('c1e4426f-ae4d-43c4-ba33-8bc0727b8950','61a828cd-768f-4264-80de-326e594526f8','ad71952e-7842-599e-a19e-3a82e6974b23','GET /secrets/resource/184734ea-8be3-4f5a-ba6c-5f4b3c0603e8.json',1,'2022-12-22 22:32:46'),('c2494c05-2de3-496b-823b-61dc9d4553f7','61a828cd-768f-4264-80de-326e594526f8','ad71952e-7842-599e-a19e-3a82e6974b23','GET /secrets/resource/cec328ec-cb1f-48f6-be1e-1ca35fc3c62d.json',1,'2022-12-22 22:33:20'),('c254da07-9156-48bc-a018-636d6151f68c','61a828cd-768f-4264-80de-326e594526f8','d77de180-4626-54dd-80fb-a095ecc22aac','GET /resource-types/a28a04cd-6f53-518a-967c-9963bf9cec51.json',1,'2022-12-22 22:33:21'),('c2868e6e-9ee0-452e-8daa-f1af1843a7f4','61a828cd-768f-4264-80de-326e594526f8','ad71952e-7842-599e-a19e-3a82e6974b23','GET /secrets/resource/cec328ec-cb1f-48f6-be1e-1ca35fc3c62d.json',1,'2022-12-22 22:33:09'),('c2afd6fd-3c01-42b1-8a2f-3dd23982e116','61a828cd-768f-4264-80de-326e594526f8','83bb8bd8-2006-5546-a3bb-9319ae6e8f9d','GET /resources/cec328ec-cb1f-48f6-be1e-1ca35fc3c62d.json',1,'2022-12-22 22:32:40'),('c2b20915-da65-4f37-919d-fb5af80c3fb2',NULL,'a3c19ad2-8920-5395-86d0-8567cb34f382','POST /auth/login.json',1,'2023-01-06 10:22:28'),('c2e2b9ad-7dd6-4ae8-a50f-9657362d2b1c','61a828cd-768f-4264-80de-326e594526f8','83bb8bd8-2006-5546-a3bb-9319ae6e8f9d','GET /resources/cec328ec-cb1f-48f6-be1e-1ca35fc3c62d.json',1,'2022-12-22 22:32:41'),('c346f94e-8112-4d01-8d91-d82d3ed6fe05','61a828cd-768f-4264-80de-326e594526f8','ad71952e-7842-599e-a19e-3a82e6974b23','GET /secrets/resource/cec328ec-cb1f-48f6-be1e-1ca35fc3c62d.json',1,'2022-12-22 22:33:24'),('c351962b-6e48-4af7-85d3-95718623c9fe','61a828cd-768f-4264-80de-326e594526f8','c506210f-7866-5691-8fc1-58772e8f49f1','GET /resources.json',1,'2022-12-22 22:32:58'),('c38f7788-9769-46d4-8df7-5fd3a75af4af','61a828cd-768f-4264-80de-326e594526f8','83bb8bd8-2006-5546-a3bb-9319ae6e8f9d','GET /resources/184734ea-8be3-4f5a-ba6c-5f4b3c0603e8.json',1,'2022-12-22 22:33:08'),('c3f01050-e8b4-432c-885e-3cddc5404165','61a828cd-768f-4264-80de-326e594526f8','83bb8bd8-2006-5546-a3bb-9319ae6e8f9d','GET /resources/184734ea-8be3-4f5a-ba6c-5f4b3c0603e8.json',1,'2022-12-22 22:32:40'),('c41eff0d-3abe-4d8f-9ccd-e222a4cdd4ca','61a828cd-768f-4264-80de-326e594526f8','ad71952e-7842-599e-a19e-3a82e6974b23','GET /secrets/resource/184734ea-8be3-4f5a-ba6c-5f4b3c0603e8.json',1,'2022-12-22 22:33:12'),('c44ec290-fd63-4fe4-9dea-051d0d672b1e','61a828cd-768f-4264-80de-326e594526f8','d77de180-4626-54dd-80fb-a095ecc22aac','GET /resource-types/a28a04cd-6f53-518a-967c-9963bf9cec51.json',1,'2022-12-22 22:32:40'),('c49cf2e7-b762-41c1-84ed-caca70161789','61a828cd-768f-4264-80de-326e594526f8','83bb8bd8-2006-5546-a3bb-9319ae6e8f9d','GET /resources/cec328ec-cb1f-48f6-be1e-1ca35fc3c62d.json',1,'2022-12-22 22:32:48'),('c53073d6-bfe7-414d-8744-32ba58210d1e','61a828cd-768f-4264-80de-326e594526f8','ad71952e-7842-599e-a19e-3a82e6974b23','GET /secrets/resource/184734ea-8be3-4f5a-ba6c-5f4b3c0603e8.json',1,'2022-12-22 22:32:50'),('c53a3af3-58d5-41b9-b5c5-ff346c114e8c','61a828cd-768f-4264-80de-326e594526f8','ad71952e-7842-599e-a19e-3a82e6974b23','GET /secrets/resource/184734ea-8be3-4f5a-ba6c-5f4b3c0603e8.json',1,'2022-12-22 22:33:28'),('c544c100-09fd-4e31-b45f-d0194339310f','61a828cd-768f-4264-80de-326e594526f8','ad71952e-7842-599e-a19e-3a82e6974b23','GET /secrets/resource/184734ea-8be3-4f5a-ba6c-5f4b3c0603e8.json',1,'2022-12-22 22:33:05'),('c59bba66-8c5a-478f-9055-4427bdbee499','61a828cd-768f-4264-80de-326e594526f8','d77de180-4626-54dd-80fb-a095ecc22aac','GET /resource-types/a28a04cd-6f53-518a-967c-9963bf9cec51.json',1,'2022-12-22 22:33:15'),('c601da4b-d27a-4d45-a889-cebb3c1bac55','61a828cd-768f-4264-80de-326e594526f8','83bb8bd8-2006-5546-a3bb-9319ae6e8f9d','GET /resources/184734ea-8be3-4f5a-ba6c-5f4b3c0603e8.json',1,'2022-12-22 22:33:21'),('c60a0888-3ace-4704-9510-859ce9c33605','61a828cd-768f-4264-80de-326e594526f8','d77de180-4626-54dd-80fb-a095ecc22aac','GET /resource-types/a28a04cd-6f53-518a-967c-9963bf9cec51.json',1,'2022-12-22 22:33:07'),('c6449a96-c543-4da3-9893-9297c55512b0','61a828cd-768f-4264-80de-326e594526f8','c506210f-7866-5691-8fc1-58772e8f49f1','GET /resources.json',1,'2022-12-22 22:24:45'),('c676e187-cd69-44fd-9682-7c46a2cb342b','61a828cd-768f-4264-80de-326e594526f8','c506210f-7866-5691-8fc1-58772e8f49f1','GET /resources.json',1,'2022-12-22 22:33:18'),('c67fcda9-e902-427b-82a0-d74e7f0f15fc',NULL,'bef9f3ca-86ef-5c6a-9b38-320e03ceb5df','GET /settings.json',1,'2023-01-05 16:21:04'),('c6b51257-cb88-4d58-a6fe-5c726306dbfd','61a828cd-768f-4264-80de-326e594526f8','83bb8bd8-2006-5546-a3bb-9319ae6e8f9d','GET /resources/cec328ec-cb1f-48f6-be1e-1ca35fc3c62d.json',1,'2022-12-22 22:33:02'),('c7892c42-6e62-4b7d-90f9-0b1c582877c3','61a828cd-768f-4264-80de-326e594526f8','ad71952e-7842-599e-a19e-3a82e6974b23','GET /secrets/resource/cec328ec-cb1f-48f6-be1e-1ca35fc3c62d.json',1,'2022-12-22 22:33:05'),('c78c3bc5-4835-437e-a0b1-3499d5141404','61a828cd-768f-4264-80de-326e594526f8','ad71952e-7842-599e-a19e-3a82e6974b23','GET /secrets/resource/184734ea-8be3-4f5a-ba6c-5f4b3c0603e8.json',1,'2022-12-22 22:33:13'),('c7bab923-4a99-48f2-9a83-f2123d5383f0','61a828cd-768f-4264-80de-326e594526f8','d77de180-4626-54dd-80fb-a095ecc22aac','GET /resource-types/a28a04cd-6f53-518a-967c-9963bf9cec51.json',1,'2023-01-11 08:29:01'),('c7c72d6a-8ab7-4a73-ac0b-c33a19536f0d','61a828cd-768f-4264-80de-326e594526f8','ad71952e-7842-599e-a19e-3a82e6974b23','GET /secrets/resource/184734ea-8be3-4f5a-ba6c-5f4b3c0603e8.json',1,'2022-12-22 22:32:44'),('c7dca5ed-130f-44df-bd93-8989f518e743','61a828cd-768f-4264-80de-326e594526f8','ad71952e-7842-599e-a19e-3a82e6974b23','GET /secrets/resource/184734ea-8be3-4f5a-ba6c-5f4b3c0603e8.json',1,'2022-12-22 22:32:47'),('c7f99841-f442-4735-a60e-4e5edc2dcee6','61a828cd-768f-4264-80de-326e594526f8','d77de180-4626-54dd-80fb-a095ecc22aac','GET /resource-types/a28a04cd-6f53-518a-967c-9963bf9cec51.json',1,'2022-12-22 22:33:01'),('c805a37e-c51d-4235-b215-f5b44ec41025','61a828cd-768f-4264-80de-326e594526f8','ad71952e-7842-599e-a19e-3a82e6974b23','GET /secrets/resource/184734ea-8be3-4f5a-ba6c-5f4b3c0603e8.json',1,'2022-12-22 22:33:23'),('c81cc772-2521-4f38-b9b5-a1fda683d017','61a828cd-768f-4264-80de-326e594526f8','a3c19ad2-8920-5395-86d0-8567cb34f382','POST /auth/login.json',1,'2023-01-06 10:22:35'),('c81f2630-a041-4779-9348-06db17c255d8','61a828cd-768f-4264-80de-326e594526f8','ad71952e-7842-599e-a19e-3a82e6974b23','GET /secrets/resource/cec328ec-cb1f-48f6-be1e-1ca35fc3c62d.json',1,'2022-12-22 22:33:15'),('c831b511-f648-4259-ba8b-7bd373f3b103','61a828cd-768f-4264-80de-326e594526f8','83bb8bd8-2006-5546-a3bb-9319ae6e8f9d','GET /resources/184734ea-8be3-4f5a-ba6c-5f4b3c0603e8.json',1,'2023-01-06 10:23:46'),('c94bd62f-420f-4a31-a556-5a3f9a2707ad','61a828cd-768f-4264-80de-326e594526f8','d77de180-4626-54dd-80fb-a095ecc22aac','GET /resource-types/a28a04cd-6f53-518a-967c-9963bf9cec51.json',1,'2022-12-22 22:32:49'),('c960da7b-93cb-4fba-a3fa-b78b88d29265','61a828cd-768f-4264-80de-326e594526f8','ad8bbc35-6435-538e-b1a7-80b87bcedb6a','POST /resources.json',1,'2022-12-22 22:27:17'),('c9a39ddc-475c-422d-a8aa-253deced4bfb','61a828cd-768f-4264-80de-326e594526f8','83bb8bd8-2006-5546-a3bb-9319ae6e8f9d','GET /resources/cec328ec-cb1f-48f6-be1e-1ca35fc3c62d.json',1,'2022-12-22 22:33:30'),('c9ab8fea-eaaf-4a31-9a1a-c398db56bb52','61a828cd-768f-4264-80de-326e594526f8','ad71952e-7842-599e-a19e-3a82e6974b23','GET /secrets/resource/184734ea-8be3-4f5a-ba6c-5f4b3c0603e8.json',1,'2022-12-22 22:33:02'),('c9c5c742-f492-44e0-9982-509bc9461535','61a828cd-768f-4264-80de-326e594526f8','a3c19ad2-8920-5395-86d0-8567cb34f382','POST /auth/login.json',1,'2022-12-22 22:33:27'),('ca68ffc3-9d63-4036-9c15-7b6719187726','61a828cd-768f-4264-80de-326e594526f8','d77de180-4626-54dd-80fb-a095ecc22aac','GET /resource-types/a28a04cd-6f53-518a-967c-9963bf9cec51.json',1,'2022-12-22 22:32:46'),('cabbf8c9-a7bf-458f-afe9-7f6c1d4aefc4','61a828cd-768f-4264-80de-326e594526f8','83bb8bd8-2006-5546-a3bb-9319ae6e8f9d','GET /resources/cec328ec-cb1f-48f6-be1e-1ca35fc3c62d.json',1,'2022-12-22 22:33:11'),('cb17ad0c-6333-4baf-aeeb-59fe3d5e6497','61a828cd-768f-4264-80de-326e594526f8','c506210f-7866-5691-8fc1-58772e8f49f1','GET /resources.json',1,'2022-12-22 22:32:37'),('cb82bb90-7d52-499d-b510-c5bba6156a85','61a828cd-768f-4264-80de-326e594526f8','d77de180-4626-54dd-80fb-a095ecc22aac','GET /resource-types/a28a04cd-6f53-518a-967c-9963bf9cec51.json',1,'2022-12-22 22:32:58'),('cbe3b06a-9c01-48f8-a9fc-988bce17bb68','61a828cd-768f-4264-80de-326e594526f8','ad71952e-7842-599e-a19e-3a82e6974b23','GET /secrets/resource/184734ea-8be3-4f5a-ba6c-5f4b3c0603e8.json',1,'2022-12-22 22:33:17'),('cbe84f6e-227e-40bb-9d01-69a27b1a9d19','61a828cd-768f-4264-80de-326e594526f8','83bb8bd8-2006-5546-a3bb-9319ae6e8f9d','GET /resources/184734ea-8be3-4f5a-ba6c-5f4b3c0603e8.json',1,'2022-12-22 22:33:20'),('cc047770-2acb-4b12-b888-f40789243bcf','61a828cd-768f-4264-80de-326e594526f8','ad71952e-7842-599e-a19e-3a82e6974b23','GET /secrets/resource/184734ea-8be3-4f5a-ba6c-5f4b3c0603e8.json',1,'2022-12-22 22:33:07'),('cc3b867f-34f7-4dea-979d-cca83db7a92b','61a828cd-768f-4264-80de-326e594526f8','ad71952e-7842-599e-a19e-3a82e6974b23','GET /secrets/resource/184734ea-8be3-4f5a-ba6c-5f4b3c0603e8.json',1,'2022-12-22 22:32:41'),('cca6cc7a-b4d1-49d1-aeb5-ee1980190341','61a828cd-768f-4264-80de-326e594526f8','881ab948-e40f-5a72-91aa-54b442270029','GET /users/me.json',1,'2022-12-22 22:32:51'),('ccb74ed5-41bc-4b87-a251-2ecfdd7dd520','61a828cd-768f-4264-80de-326e594526f8','881ab948-e40f-5a72-91aa-54b442270029','GET /users/me.json',1,'2022-12-22 22:33:16'),('ccc43cb8-0784-45f1-a1c4-9feee44ea94d','61a828cd-768f-4264-80de-326e594526f8','d77de180-4626-54dd-80fb-a095ecc22aac','GET /resource-types/a28a04cd-6f53-518a-967c-9963bf9cec51.json',1,'2023-01-11 08:29:00'),('ccd142e4-0581-4aa3-956f-47908bca7bf8','61a828cd-768f-4264-80de-326e594526f8','83bb8bd8-2006-5546-a3bb-9319ae6e8f9d','GET /resources/cec328ec-cb1f-48f6-be1e-1ca35fc3c62d.json',1,'2022-12-22 22:33:24'),('ccf1961b-b97f-4167-96ae-3b09e020b40b','61a828cd-768f-4264-80de-326e594526f8','83bb8bd8-2006-5546-a3bb-9319ae6e8f9d','GET /resources/cec328ec-cb1f-48f6-be1e-1ca35fc3c62d.json',1,'2022-12-22 22:32:49'),('cd0a784a-aa8c-4a2f-8f9e-9519cf555bae','61a828cd-768f-4264-80de-326e594526f8','83bb8bd8-2006-5546-a3bb-9319ae6e8f9d','GET /resources/cec328ec-cb1f-48f6-be1e-1ca35fc3c62d.json',1,'2022-12-22 22:33:07'),('cd6675be-b0ab-45fb-9f08-6a187aeafd00','61a828cd-768f-4264-80de-326e594526f8','83bb8bd8-2006-5546-a3bb-9319ae6e8f9d','GET /resources/cec328ec-cb1f-48f6-be1e-1ca35fc3c62d.json',1,'2022-12-22 22:32:40'),('cd7725ea-2438-4a61-9da6-430b5fb75eed','61a828cd-768f-4264-80de-326e594526f8','881ab948-e40f-5a72-91aa-54b442270029','GET /users/me.json',1,'2022-12-22 22:32:53'),('cd7fe811-6ec2-4338-8322-ebf067ee9453','61a828cd-768f-4264-80de-326e594526f8','83bb8bd8-2006-5546-a3bb-9319ae6e8f9d','GET /resources/184734ea-8be3-4f5a-ba6c-5f4b3c0603e8.json',1,'2022-12-22 22:33:20'),('ce21b66d-5775-4839-8620-7b93676b98dc','61a828cd-768f-4264-80de-326e594526f8','c506210f-7866-5691-8fc1-58772e8f49f1','GET /resources.json',1,'2022-12-22 22:32:34'),('ce40eee7-6e2a-40f0-af73-4b06d8435b4e','61a828cd-768f-4264-80de-326e594526f8','ad71952e-7842-599e-a19e-3a82e6974b23','GET /secrets/resource/184734ea-8be3-4f5a-ba6c-5f4b3c0603e8.json',1,'2023-01-06 10:22:37'),('ce747c2f-3247-4981-826a-0737c8e367d9','61a828cd-768f-4264-80de-326e594526f8','83bb8bd8-2006-5546-a3bb-9319ae6e8f9d','GET /resources/cec328ec-cb1f-48f6-be1e-1ca35fc3c62d.json',1,'2022-12-22 22:32:39'),('cee5f3cc-a84e-4a68-8c6a-5dc9926e26d5','61a828cd-768f-4264-80de-326e594526f8','d77de180-4626-54dd-80fb-a095ecc22aac','GET /resource-types/a28a04cd-6f53-518a-967c-9963bf9cec51.json',1,'2022-12-22 22:32:59'),('cf479255-75c8-4650-807c-5032e1581b63','61a828cd-768f-4264-80de-326e594526f8','c506210f-7866-5691-8fc1-58772e8f49f1','GET /resources.json',1,'2022-12-22 22:32:38'),('cfaa49f1-b9e4-4c4c-a47a-bd1364bbef4f','61a828cd-768f-4264-80de-326e594526f8','d77de180-4626-54dd-80fb-a095ecc22aac','GET /resource-types/a28a04cd-6f53-518a-967c-9963bf9cec51.json',1,'2022-12-22 22:32:41'),('d014075d-e8fb-4552-a19c-e5d9098082cc','61a828cd-768f-4264-80de-326e594526f8','d77de180-4626-54dd-80fb-a095ecc22aac','GET /resource-types/a28a04cd-6f53-518a-967c-9963bf9cec51.json',1,'2022-12-22 22:32:36'),('d0c56a8a-d8e1-4721-a3eb-52d073343a80','61a828cd-768f-4264-80de-326e594526f8','83bb8bd8-2006-5546-a3bb-9319ae6e8f9d','GET /resources/184734ea-8be3-4f5a-ba6c-5f4b3c0603e8.json',1,'2022-12-22 22:32:49'),('d15cf1e6-1e19-4614-8336-1170b4d640bf','61a828cd-768f-4264-80de-326e594526f8','ad71952e-7842-599e-a19e-3a82e6974b23','GET /secrets/resource/184734ea-8be3-4f5a-ba6c-5f4b3c0603e8.json',1,'2023-01-06 10:22:35'),('d1720517-1ad9-486b-ae3c-a94020d17c25','61a828cd-768f-4264-80de-326e594526f8','881ab948-e40f-5a72-91aa-54b442270029','GET /users/me.json',1,'2022-12-22 22:32:33'),('d18a0ce0-2fc0-4b21-b1f5-2ee00c334a34','61a828cd-768f-4264-80de-326e594526f8','83bb8bd8-2006-5546-a3bb-9319ae6e8f9d','GET /resources/cec328ec-cb1f-48f6-be1e-1ca35fc3c62d.json',1,'2022-12-22 22:33:22'),('d2295345-84ec-41ce-a6c8-fa232fbd547a',NULL,'50ca4a19-b782-5842-bd2b-f59e9ff4eef9','GET /setup/install/61a828cd-768f-4264-80de-326e594526f8/e72caff7-25d8-44f6-bdf0-4c70117bf581.json',1,'2022-12-22 22:16:54'),('d285abca-0f7b-4163-afe4-ea4ad9a2608e','61a828cd-768f-4264-80de-326e594526f8','c506210f-7866-5691-8fc1-58772e8f49f1','GET /resources.json',1,'2022-12-22 22:32:51'),('d309be06-2a72-4ee2-83ef-3e3becfbef4b','61a828cd-768f-4264-80de-326e594526f8','d77de180-4626-54dd-80fb-a095ecc22aac','GET /resource-types/a28a04cd-6f53-518a-967c-9963bf9cec51.json',1,'2022-12-22 22:33:18'),('d3266eb7-2cb3-44c1-ac3c-0d052efe4e45','61a828cd-768f-4264-80de-326e594526f8','d77de180-4626-54dd-80fb-a095ecc22aac','GET /resource-types/a28a04cd-6f53-518a-967c-9963bf9cec51.json',1,'2022-12-22 22:33:23'),('d385775b-ea60-4d97-a1f4-0fd1515384c8','61a828cd-768f-4264-80de-326e594526f8','d77de180-4626-54dd-80fb-a095ecc22aac','GET /resource-types/a28a04cd-6f53-518a-967c-9963bf9cec51.json',1,'2022-12-22 22:32:53'),('d41b7519-5e33-4b93-9478-6a8c90289b92','61a828cd-768f-4264-80de-326e594526f8','83bb8bd8-2006-5546-a3bb-9319ae6e8f9d','GET /resources/184734ea-8be3-4f5a-ba6c-5f4b3c0603e8.json',1,'2022-12-22 22:32:37'),('d43cce89-92b0-4050-a755-c64cb43ddf7a',NULL,'a3c19ad2-8920-5395-86d0-8567cb34f382','POST /auth/login.json',1,'2022-12-22 22:33:28'),('d476dccf-f951-407e-bede-4e64f3081355','61a828cd-768f-4264-80de-326e594526f8','d77de180-4626-54dd-80fb-a095ecc22aac','GET /resource-types/a28a04cd-6f53-518a-967c-9963bf9cec51.json',1,'2022-12-22 22:33:29'),('d4fd1f2e-f49a-414b-824f-9740bf4aac6a','61a828cd-768f-4264-80de-326e594526f8','ad71952e-7842-599e-a19e-3a82e6974b23','GET /secrets/resource/184734ea-8be3-4f5a-ba6c-5f4b3c0603e8.json',1,'2022-12-22 22:33:30'),('d50b7567-7dc7-46f6-b96b-c0d9892c07f1','61a828cd-768f-4264-80de-326e594526f8','83bb8bd8-2006-5546-a3bb-9319ae6e8f9d','GET /resources/cec328ec-cb1f-48f6-be1e-1ca35fc3c62d.json',1,'2022-12-22 22:33:16'),('d518e5d2-47e7-48ce-9e11-c00722c89f53','61a828cd-768f-4264-80de-326e594526f8','ad71952e-7842-599e-a19e-3a82e6974b23','GET /secrets/resource/184734ea-8be3-4f5a-ba6c-5f4b3c0603e8.json',1,'2022-12-22 22:33:30'),('d57e2db5-30e6-4a69-875c-2a755dcbccd5','61a828cd-768f-4264-80de-326e594526f8','ad71952e-7842-599e-a19e-3a82e6974b23','GET /secrets/resource/184734ea-8be3-4f5a-ba6c-5f4b3c0603e8.json',1,'2023-01-11 08:30:10'),('d5a02f8f-1890-4390-839a-b6d9ea4e49fa','61a828cd-768f-4264-80de-326e594526f8','d77de180-4626-54dd-80fb-a095ecc22aac','GET /resource-types/a28a04cd-6f53-518a-967c-9963bf9cec51.json',1,'2022-12-22 22:32:52'),('d5fea6e7-cb9e-4246-965f-4cebfd82d3d9','61a828cd-768f-4264-80de-326e594526f8','83bb8bd8-2006-5546-a3bb-9319ae6e8f9d','GET /resources/cec328ec-cb1f-48f6-be1e-1ca35fc3c62d.json',1,'2022-12-22 22:33:05'),('d61996de-6050-4f10-bc71-63db1e510bc0','61a828cd-768f-4264-80de-326e594526f8','a3c19ad2-8920-5395-86d0-8567cb34f382','POST /auth/login.json',1,'2022-12-22 22:33:31'),('d6352d38-ffa3-435b-837b-b64a27f945e3','61a828cd-768f-4264-80de-326e594526f8','d77de180-4626-54dd-80fb-a095ecc22aac','GET /resource-types/a28a04cd-6f53-518a-967c-9963bf9cec51.json',1,'2022-12-22 22:32:58'),('d67cd3e7-474b-47ce-be3c-54bf63f49877','61a828cd-768f-4264-80de-326e594526f8','c506210f-7866-5691-8fc1-58772e8f49f1','GET /resources.json',1,'2022-12-22 22:17:55'),('d69fcb55-797d-437c-a6dd-7eca71deeb3a','61a828cd-768f-4264-80de-326e594526f8','ad71952e-7842-599e-a19e-3a82e6974b23','GET /secrets/resource/cec328ec-cb1f-48f6-be1e-1ca35fc3c62d.json',1,'2022-12-22 22:32:43'),('d7b2a5bc-2d0d-47c8-88f8-76157bdc327d','61a828cd-768f-4264-80de-326e594526f8','83bb8bd8-2006-5546-a3bb-9319ae6e8f9d','GET /resources/cec328ec-cb1f-48f6-be1e-1ca35fc3c62d.json',1,'2022-12-22 22:33:05'),('d7e582b4-a239-430b-96e0-145e8e866c8e','61a828cd-768f-4264-80de-326e594526f8','83bb8bd8-2006-5546-a3bb-9319ae6e8f9d','GET /resources/184734ea-8be3-4f5a-ba6c-5f4b3c0603e8.json',1,'2022-12-22 22:32:33'),('d80d64f6-378a-4632-934e-8d8ec36bda27','61a828cd-768f-4264-80de-326e594526f8','ad71952e-7842-599e-a19e-3a82e6974b23','GET /secrets/resource/184734ea-8be3-4f5a-ba6c-5f4b3c0603e8.json',1,'2022-12-22 22:32:40'),('d810fcf3-af5a-46cf-bd3f-067ac9e724b7','61a828cd-768f-4264-80de-326e594526f8','c506210f-7866-5691-8fc1-58772e8f49f1','GET /resources.json',1,'2023-01-11 08:28:59'),('d83dd52e-e0e2-4e69-9c30-d3e8f02dfec9','61a828cd-768f-4264-80de-326e594526f8','c506210f-7866-5691-8fc1-58772e8f49f1','GET /resources.json',1,'2022-12-22 22:33:30'),('d8575a0a-5d38-472c-8567-2a89509c94e8','61a828cd-768f-4264-80de-326e594526f8','d7bc9044-a64e-5421-a4d7-7a94eaa39d37','GET /users.json',1,'2022-12-22 22:24:45'),('d8817fb1-c346-435b-a3d2-89c2f68b57ba','61a828cd-768f-4264-80de-326e594526f8','d77de180-4626-54dd-80fb-a095ecc22aac','GET /resource-types/a28a04cd-6f53-518a-967c-9963bf9cec51.json',1,'2022-12-22 22:33:28'),('d8cfe644-d3cd-4f1d-b5dc-df99b20907e2','61a828cd-768f-4264-80de-326e594526f8','d77de180-4626-54dd-80fb-a095ecc22aac','GET /resource-types/a28a04cd-6f53-518a-967c-9963bf9cec51.json',1,'2022-12-22 22:32:40'),('d8fa0706-6baa-4fc6-a65a-fe5ef22b5e4f','61a828cd-768f-4264-80de-326e594526f8','881ab948-e40f-5a72-91aa-54b442270029','GET /users/me.json',1,'2023-01-06 10:22:36'),('d8ff0dcb-f61a-4771-b302-f299fb0a5fa9','61a828cd-768f-4264-80de-326e594526f8','83bb8bd8-2006-5546-a3bb-9319ae6e8f9d','GET /resources/184734ea-8be3-4f5a-ba6c-5f4b3c0603e8.json',1,'2022-12-22 22:33:23'),('d90b5ade-4279-4949-abcb-068d84e7c96a','61a828cd-768f-4264-80de-326e594526f8','d77de180-4626-54dd-80fb-a095ecc22aac','GET /resource-types/a28a04cd-6f53-518a-967c-9963bf9cec51.json',1,'2022-12-22 22:32:57'),('d96f531c-5cc0-4b85-86fc-2a95934bbee6','61a828cd-768f-4264-80de-326e594526f8','d77de180-4626-54dd-80fb-a095ecc22aac','GET /resource-types/a28a04cd-6f53-518a-967c-9963bf9cec51.json',1,'2022-12-22 22:32:53'),('d971266d-4f2f-4e02-956b-9d4dc46cfaab',NULL,'17b8a54b-8069-586a-8ca2-7e7569b28e08','GET /img/logo/logo_white.svg',0,'2022-12-22 22:21:33'),('d9770fb6-8584-45ac-8f43-a27783224f5d','61a828cd-768f-4264-80de-326e594526f8','83bb8bd8-2006-5546-a3bb-9319ae6e8f9d','GET /resources/184734ea-8be3-4f5a-ba6c-5f4b3c0603e8.json',1,'2022-12-22 22:32:37'),('d9bed494-29e9-46b6-a01b-eea0b74dc699','61a828cd-768f-4264-80de-326e594526f8','ad71952e-7842-599e-a19e-3a82e6974b23','GET /secrets/resource/184734ea-8be3-4f5a-ba6c-5f4b3c0603e8.json',1,'2022-12-22 22:33:21'),('da77d03b-c229-4ffb-821b-0c02fb13897a','61a828cd-768f-4264-80de-326e594526f8','881ab948-e40f-5a72-91aa-54b442270029','GET /users/me.json',1,'2023-01-11 08:29:00'),('db4bbdf9-a12b-4c23-be46-b167fc79244f',NULL,'a3c19ad2-8920-5395-86d0-8567cb34f382','POST /auth/login.json',1,'2022-12-22 22:33:17'),('dbe74510-a655-415b-92dc-771bfda54e1c','61a828cd-768f-4264-80de-326e594526f8','d77de180-4626-54dd-80fb-a095ecc22aac','GET /resource-types/a28a04cd-6f53-518a-967c-9963bf9cec51.json',1,'2023-01-06 10:23:46'),('dc102066-7b22-4ebb-9c74-47c00a2d80c3','61a828cd-768f-4264-80de-326e594526f8','83bb8bd8-2006-5546-a3bb-9319ae6e8f9d','GET /resources/cec328ec-cb1f-48f6-be1e-1ca35fc3c62d.json',1,'2022-12-22 22:33:15'),('dc196aeb-f531-4caa-8ac8-eef30694c650','61a828cd-768f-4264-80de-326e594526f8','ad71952e-7842-599e-a19e-3a82e6974b23','GET /secrets/resource/cec328ec-cb1f-48f6-be1e-1ca35fc3c62d.json',1,'2022-12-22 22:33:26'),('dc77d689-9741-4cf0-a3af-74beb8164013','61a828cd-768f-4264-80de-326e594526f8','d77de180-4626-54dd-80fb-a095ecc22aac','GET /resource-types/a28a04cd-6f53-518a-967c-9963bf9cec51.json',1,'2022-12-22 22:33:12'),('dcdb80e1-ecb4-4fd3-b572-677ac270c012','61a828cd-768f-4264-80de-326e594526f8','83bb8bd8-2006-5546-a3bb-9319ae6e8f9d','GET /resources/184734ea-8be3-4f5a-ba6c-5f4b3c0603e8.json',1,'2023-01-06 10:22:35'),('dd6518aa-3e6c-4292-bd7e-544e7fa6f673','61a828cd-768f-4264-80de-326e594526f8','d77de180-4626-54dd-80fb-a095ecc22aac','GET /resource-types/a28a04cd-6f53-518a-967c-9963bf9cec51.json',1,'2023-01-11 08:30:10'),('dd69bc7a-fb95-4fd7-beed-cf03ca5c5960','61a828cd-768f-4264-80de-326e594526f8','83bb8bd8-2006-5546-a3bb-9319ae6e8f9d','GET /resources/184734ea-8be3-4f5a-ba6c-5f4b3c0603e8.json',1,'2022-12-22 22:32:55'),('dd6fc7ba-0f5a-4e8a-b3d3-1ef6ad4a828a','61a828cd-768f-4264-80de-326e594526f8','ad71952e-7842-599e-a19e-3a82e6974b23','GET /secrets/resource/184734ea-8be3-4f5a-ba6c-5f4b3c0603e8.json',1,'2022-12-22 22:32:34'),('ddab6f3c-90d1-462f-95e5-a419e51229e5','61a828cd-768f-4264-80de-326e594526f8','a3c19ad2-8920-5395-86d0-8567cb34f382','POST /auth/login.json',1,'2022-12-22 22:32:41'),('ddb01576-70f6-4115-a8ee-c1cc46c48abd','61a828cd-768f-4264-80de-326e594526f8','9b473b19-0e3e-5efb-be19-8a1719843762','GET /account/settings.json',1,'2022-12-22 22:24:54'),('ddd565ef-0822-4993-a421-0de5e52661c4',NULL,'a3c19ad2-8920-5395-86d0-8567cb34f382','POST /auth/login.json',1,'2022-12-22 22:32:42'),('de437efb-c707-4ec8-9524-08fc285e72e4','61a828cd-768f-4264-80de-326e594526f8','d77de180-4626-54dd-80fb-a095ecc22aac','GET /resource-types/a28a04cd-6f53-518a-967c-9963bf9cec51.json',1,'2022-12-22 22:32:47'),('de5deeb2-46c5-48eb-8f82-d258a54dec16','61a828cd-768f-4264-80de-326e594526f8','a3c19ad2-8920-5395-86d0-8567cb34f382','POST /auth/verify.json',1,'2022-12-22 22:17:57'),('de77c80a-23be-4fbf-ba61-4d5bfdc24a6b','61a828cd-768f-4264-80de-326e594526f8','d77de180-4626-54dd-80fb-a095ecc22aac','GET /resource-types/a28a04cd-6f53-518a-967c-9963bf9cec51.json',1,'2022-12-22 22:33:12'),('de89d833-f6cb-44e1-84ad-001d0592b2fc','61a828cd-768f-4264-80de-326e594526f8','a3c19ad2-8920-5395-86d0-8567cb34f382','POST /auth/login.json',1,'2022-12-22 22:32:59'),('dec5a023-e8c2-4e3e-bfe5-8356d9245671',NULL,'bef9f3ca-86ef-5c6a-9b38-320e03ceb5df','GET /settings.json',1,'2022-12-22 22:16:53'),('dedf799c-9e37-44fe-bd38-dc5238be0a00','61a828cd-768f-4264-80de-326e594526f8','d77de180-4626-54dd-80fb-a095ecc22aac','GET /resource-types/a28a04cd-6f53-518a-967c-9963bf9cec51.json',1,'2022-12-22 22:32:48'),('df1f1797-3b3e-4962-a3f6-ac7a7a8cec98','61a828cd-768f-4264-80de-326e594526f8','83bb8bd8-2006-5546-a3bb-9319ae6e8f9d','GET /resources/184734ea-8be3-4f5a-ba6c-5f4b3c0603e8.json',1,'2022-12-22 22:32:34'),('dfa761cd-6756-4ddb-a458-225fb2147c85','61a828cd-768f-4264-80de-326e594526f8','d77de180-4626-54dd-80fb-a095ecc22aac','GET /resource-types/a28a04cd-6f53-518a-967c-9963bf9cec51.json',1,'2022-12-22 22:33:11'),('e0b46789-53cf-4649-b659-3a1136a0015d','61a828cd-768f-4264-80de-326e594526f8','d77de180-4626-54dd-80fb-a095ecc22aac','GET /resource-types/a28a04cd-6f53-518a-967c-9963bf9cec51.json',1,'2022-12-22 22:32:39'),('e0cbd11b-b677-42f6-87ed-df77741bfb3d','61a828cd-768f-4264-80de-326e594526f8','ad71952e-7842-599e-a19e-3a82e6974b23','GET /secrets/resource/184734ea-8be3-4f5a-ba6c-5f4b3c0603e8.json',1,'2022-12-22 22:32:37'),('e0e71b3d-c35b-4d92-8f00-c9f1cb973951','61a828cd-768f-4264-80de-326e594526f8','d77de180-4626-54dd-80fb-a095ecc22aac','GET /resource-types/a28a04cd-6f53-518a-967c-9963bf9cec51.json',1,'2022-12-22 22:32:33'),('e0e7ea8e-ed0f-454d-a53b-049a3e9bd4de','61a828cd-768f-4264-80de-326e594526f8','d77de180-4626-54dd-80fb-a095ecc22aac','GET /resource-types/a28a04cd-6f53-518a-967c-9963bf9cec51.json',1,'2023-01-06 10:23:45'),('e1116f8f-fc84-45a5-96d1-b4f61fbaeeec','61a828cd-768f-4264-80de-326e594526f8','881ab948-e40f-5a72-91aa-54b442270029','GET /users/me.json',1,'2022-12-22 22:33:24'),('e1376aaf-2039-451f-a205-80e14a27f7b3','61a828cd-768f-4264-80de-326e594526f8','83bb8bd8-2006-5546-a3bb-9319ae6e8f9d','GET /resources/cec328ec-cb1f-48f6-be1e-1ca35fc3c62d.json',1,'2022-12-22 22:33:07'),('e18c05ad-3244-456d-82ab-4d0e97f6dc7a','61a828cd-768f-4264-80de-326e594526f8','d77de180-4626-54dd-80fb-a095ecc22aac','GET /resource-types/a28a04cd-6f53-518a-967c-9963bf9cec51.json',1,'2022-12-22 22:33:08'),('e1fa29f4-75cb-4b05-a340-1581ec6d99cf','61a828cd-768f-4264-80de-326e594526f8','d77de180-4626-54dd-80fb-a095ecc22aac','GET /resource-types/a28a04cd-6f53-518a-967c-9963bf9cec51.json',1,'2022-12-22 22:33:10'),('e25aa4d5-7391-4aed-8be2-60d6b9a36003','61a828cd-768f-4264-80de-326e594526f8','d77de180-4626-54dd-80fb-a095ecc22aac','GET /resource-types/a28a04cd-6f53-518a-967c-9963bf9cec51.json',1,'2022-12-22 22:33:25'),('e2de3b02-7e8b-4309-97e3-41064748754c',NULL,'17b8a54b-8069-586a-8ca2-7e7569b28e08','GET /img/logo/logo.svg',0,'2022-12-22 22:16:53'),('e34cd809-0fb2-442f-965f-864d6653dfc6','61a828cd-768f-4264-80de-326e594526f8','ad71952e-7842-599e-a19e-3a82e6974b23','GET /secrets/resource/184734ea-8be3-4f5a-ba6c-5f4b3c0603e8.json',1,'2022-12-22 22:33:00'),('e355b12d-3d67-4a85-a4af-b511702bfaeb','61a828cd-768f-4264-80de-326e594526f8','83bb8bd8-2006-5546-a3bb-9319ae6e8f9d','GET /resources/cec328ec-cb1f-48f6-be1e-1ca35fc3c62d.json',1,'2022-12-22 22:32:59'),('e371ab27-7f86-4055-80d5-04756ef24dc7','61a828cd-768f-4264-80de-326e594526f8','d77de180-4626-54dd-80fb-a095ecc22aac','GET /resource-types/a28a04cd-6f53-518a-967c-9963bf9cec51.json',1,'2022-12-22 22:32:46'),('e38ae9db-d1ea-4a97-8dac-653a6290ae01','61a828cd-768f-4264-80de-326e594526f8','d77de180-4626-54dd-80fb-a095ecc22aac','GET /resource-types/a28a04cd-6f53-518a-967c-9963bf9cec51.json',1,'2023-01-11 08:30:10'),('e3f53e84-146b-423a-91a9-c07453aa421d','61a828cd-768f-4264-80de-326e594526f8','c506210f-7866-5691-8fc1-58772e8f49f1','GET /resources.json',1,'2022-12-22 22:32:50'),('e3f8feaf-97b5-48e7-bb4d-b6471aded7c7','61a828cd-768f-4264-80de-326e594526f8','83bb8bd8-2006-5546-a3bb-9319ae6e8f9d','GET /resources/cec328ec-cb1f-48f6-be1e-1ca35fc3c62d.json',1,'2022-12-22 22:32:58'),('e3fa0f5c-618e-4a4c-8275-09b00a7b7a48','61a828cd-768f-4264-80de-326e594526f8','c506210f-7866-5691-8fc1-58772e8f49f1','GET /resources.json',1,'2022-12-22 22:33:31'),('e44044e7-61f9-44d2-9a31-57968e4b26b5','61a828cd-768f-4264-80de-326e594526f8','881ab948-e40f-5a72-91aa-54b442270029','GET /users/me.json',1,'2023-01-06 10:22:36'),('e451df75-3d29-4284-b6e3-506e7c43b17a','61a828cd-768f-4264-80de-326e594526f8','ad71952e-7842-599e-a19e-3a82e6974b23','GET /secrets/resource/184734ea-8be3-4f5a-ba6c-5f4b3c0603e8.json',1,'2022-12-22 22:32:33'),('e4a3f010-acc1-4ab3-a345-a19198445dbe','61a828cd-768f-4264-80de-326e594526f8','c506210f-7866-5691-8fc1-58772e8f49f1','GET /resources.json',1,'2022-12-22 22:32:41'),('e4c47701-a368-4b02-aa7c-81018584f801','61a828cd-768f-4264-80de-326e594526f8','d77de180-4626-54dd-80fb-a095ecc22aac','GET /resource-types/a28a04cd-6f53-518a-967c-9963bf9cec51.json',1,'2022-12-22 22:32:40'),('e4d0f061-e801-4241-b887-59d9f12d1958','61a828cd-768f-4264-80de-326e594526f8','d77de180-4626-54dd-80fb-a095ecc22aac','GET /resource-types/a28a04cd-6f53-518a-967c-9963bf9cec51.json',1,'2022-12-22 22:32:59'),('e4df5c3e-13f9-4aea-966a-849dc0df8864','61a828cd-768f-4264-80de-326e594526f8','ad71952e-7842-599e-a19e-3a82e6974b23','GET /secrets/resource/184734ea-8be3-4f5a-ba6c-5f4b3c0603e8.json',1,'2022-12-22 22:33:10'),('e551021d-b4e8-4a7a-a7b3-e7cf27088267','61a828cd-768f-4264-80de-326e594526f8','a3c19ad2-8920-5395-86d0-8567cb34f382','POST /auth/login.json',1,'2022-12-22 22:17:55'),('e55b4144-fd61-424b-8c69-42d23d11d348','61a828cd-768f-4264-80de-326e594526f8','a3c19ad2-8920-5395-86d0-8567cb34f382','POST /auth/login.json',1,'2022-12-22 22:33:03'),('e56efbf0-ee95-4a1f-9dba-86bb4e45f52e','61a828cd-768f-4264-80de-326e594526f8','a3c19ad2-8920-5395-86d0-8567cb34f382','POST /auth/login.json',1,'2022-12-22 22:33:04'),('e5ce0ae6-5869-48bf-8f8b-fa338eab9fa0','61a828cd-768f-4264-80de-326e594526f8','c506210f-7866-5691-8fc1-58772e8f49f1','GET /resources.json',1,'2022-12-22 22:32:47'),('e6067640-f8d8-44f3-a335-517b93788988','61a828cd-768f-4264-80de-326e594526f8','881ab948-e40f-5a72-91aa-54b442270029','GET /users/me.json',1,'2022-12-22 22:33:04'),('e684e7bd-84b1-4872-9738-8ff31185e6d7','61a828cd-768f-4264-80de-326e594526f8','c506210f-7866-5691-8fc1-58772e8f49f1','GET /resources.json',1,'2022-12-22 22:32:59'),('e6d835df-d425-4e3b-a411-419f21ff42ee','61a828cd-768f-4264-80de-326e594526f8','83bb8bd8-2006-5546-a3bb-9319ae6e8f9d','GET /resources/184734ea-8be3-4f5a-ba6c-5f4b3c0603e8.json',1,'2022-12-22 22:33:05'),('e7115cab-dfd3-4d39-b1d6-99644423aeb5','61a828cd-768f-4264-80de-326e594526f8','d77de180-4626-54dd-80fb-a095ecc22aac','GET /resource-types/a28a04cd-6f53-518a-967c-9963bf9cec51.json',1,'2022-12-22 22:32:36'),('e73096df-8739-49c4-9057-e86ba63a9a5e','61a828cd-768f-4264-80de-326e594526f8','ad71952e-7842-599e-a19e-3a82e6974b23','GET /secrets/resource/cec328ec-cb1f-48f6-be1e-1ca35fc3c62d.json',1,'2022-12-22 22:33:17'),('e76fa296-52a0-45c6-9e96-678d63a62127','61a828cd-768f-4264-80de-326e594526f8','d77de180-4626-54dd-80fb-a095ecc22aac','GET /resource-types/a28a04cd-6f53-518a-967c-9963bf9cec51.json',1,'2022-12-22 22:33:07'),('e7700d3b-afd6-44ca-987d-1b8bf0cbfea4','61a828cd-768f-4264-80de-326e594526f8','d77de180-4626-54dd-80fb-a095ecc22aac','GET /resource-types/a28a04cd-6f53-518a-967c-9963bf9cec51.json',1,'2022-12-22 22:32:54'),('e77a44c0-67cc-4628-ad5b-1e755db2c6e9','61a828cd-768f-4264-80de-326e594526f8','a3c19ad2-8920-5395-86d0-8567cb34f382','POST /auth/login.json',1,'2022-12-22 22:33:10'),('e84b4040-9f12-4d79-8af9-8877f93c4a6f','61a828cd-768f-4264-80de-326e594526f8','d77de180-4626-54dd-80fb-a095ecc22aac','GET /resource-types/a28a04cd-6f53-518a-967c-9963bf9cec51.json',1,'2022-12-22 22:32:59'),('e8770911-d742-4ccc-b8e7-0b877cbcccc2','61a828cd-768f-4264-80de-326e594526f8','ad71952e-7842-599e-a19e-3a82e6974b23','GET /secrets/resource/184734ea-8be3-4f5a-ba6c-5f4b3c0603e8.json',1,'2023-01-11 08:29:02'),('e8a9803b-a286-4e43-aa9f-57c352458bdf','61a828cd-768f-4264-80de-326e594526f8','d77de180-4626-54dd-80fb-a095ecc22aac','GET /resource-types/a28a04cd-6f53-518a-967c-9963bf9cec51.json',1,'2022-12-22 22:33:06'),('e9674fea-4081-4fdd-a0b8-76ac95c874ad','61a828cd-768f-4264-80de-326e594526f8','d77de180-4626-54dd-80fb-a095ecc22aac','GET /resource-types/a28a04cd-6f53-518a-967c-9963bf9cec51.json',1,'2022-12-22 22:33:27'),('e9ee6e96-64fa-484f-9086-abbc5e33e8cf','61a828cd-768f-4264-80de-326e594526f8','ad71952e-7842-599e-a19e-3a82e6974b23','GET /secrets/resource/184734ea-8be3-4f5a-ba6c-5f4b3c0603e8.json',1,'2022-12-22 22:33:27'),('ea1dc261-09a5-46b0-90b9-9723e869b0a2','61a828cd-768f-4264-80de-326e594526f8','881ab948-e40f-5a72-91aa-54b442270029','GET /users/me.json',1,'2022-12-22 22:32:45'),('ea224730-9cf9-4153-97c8-48bd05664b4f','61a828cd-768f-4264-80de-326e594526f8','ad71952e-7842-599e-a19e-3a82e6974b23','GET /secrets/resource/cec328ec-cb1f-48f6-be1e-1ca35fc3c62d.json',1,'2022-12-22 22:32:43'),('ea29f1f8-1234-4741-8c9f-a29a5ee70659','61a828cd-768f-4264-80de-326e594526f8','a3c19ad2-8920-5395-86d0-8567cb34f382','POST /auth/login.json',1,'2022-12-22 22:33:11'),('ea2b7b50-d5be-464b-b91d-82d91ae7cdee','61a828cd-768f-4264-80de-326e594526f8','d77de180-4626-54dd-80fb-a095ecc22aac','GET /resource-types/a28a04cd-6f53-518a-967c-9963bf9cec51.json',1,'2022-12-22 22:33:10'),('ea5bd5ca-7a40-4991-bce2-9ed733d54c12','61a828cd-768f-4264-80de-326e594526f8','ad71952e-7842-599e-a19e-3a82e6974b23','GET /secrets/resource/184734ea-8be3-4f5a-ba6c-5f4b3c0603e8.json',1,'2022-12-22 22:33:02'),('ea6c525d-77a6-4d19-b234-5f9449f16782','61a828cd-768f-4264-80de-326e594526f8','d77de180-4626-54dd-80fb-a095ecc22aac','GET /resource-types/a28a04cd-6f53-518a-967c-9963bf9cec51.json',1,'2022-12-22 22:32:42'),('ead06864-aa32-41c7-8bd2-01d607d3cee1','61a828cd-768f-4264-80de-326e594526f8','83bb8bd8-2006-5546-a3bb-9319ae6e8f9d','GET /resources/cec328ec-cb1f-48f6-be1e-1ca35fc3c62d.json',1,'2022-12-22 22:33:26'),('ead1ae9f-27f7-497a-9ae7-f384e1eef869','61a828cd-768f-4264-80de-326e594526f8','d77de180-4626-54dd-80fb-a095ecc22aac','GET /resource-types/a28a04cd-6f53-518a-967c-9963bf9cec51.json',1,'2022-12-22 22:32:54'),('eaf4c5c0-0042-46c6-9071-c916a9e1e6c7','61a828cd-768f-4264-80de-326e594526f8','d77de180-4626-54dd-80fb-a095ecc22aac','GET /resource-types/a28a04cd-6f53-518a-967c-9963bf9cec51.json',1,'2022-12-22 22:33:02'),('eb09451f-8097-4ae1-ba17-0f1c9fb2fc3e','61a828cd-768f-4264-80de-326e594526f8','881ab948-e40f-5a72-91aa-54b442270029','GET /users/me.json',1,'2022-12-22 22:32:34'),('eb1e4587-f50d-4167-b6dc-2c16b92de4dc','61a828cd-768f-4264-80de-326e594526f8','ad71952e-7842-599e-a19e-3a82e6974b23','GET /secrets/resource/cec328ec-cb1f-48f6-be1e-1ca35fc3c62d.json',1,'2022-12-22 22:32:35'),('eb3a47b1-0a48-4cea-b54e-fda4da41f896','61a828cd-768f-4264-80de-326e594526f8','d77de180-4626-54dd-80fb-a095ecc22aac','GET /resource-types/a28a04cd-6f53-518a-967c-9963bf9cec51.json',1,'2023-01-11 08:30:11'),('eb43c00b-0acb-4d4d-9d79-bab809683da5','61a828cd-768f-4264-80de-326e594526f8','d77de180-4626-54dd-80fb-a095ecc22aac','GET /resource-types/a28a04cd-6f53-518a-967c-9963bf9cec51.json',1,'2022-12-22 22:33:13'),('eb5d5db1-c30e-4776-8407-951de76a6c90','61a828cd-768f-4264-80de-326e594526f8','d77de180-4626-54dd-80fb-a095ecc22aac','GET /resource-types/a28a04cd-6f53-518a-967c-9963bf9cec51.json',1,'2023-01-11 08:30:10'),('ec50c13f-b5a8-4415-9206-137e7234c217','61a828cd-768f-4264-80de-326e594526f8','ad71952e-7842-599e-a19e-3a82e6974b23','GET /secrets/resource/184734ea-8be3-4f5a-ba6c-5f4b3c0603e8.json',1,'2022-12-22 22:33:15'),('ecb3e75b-5c46-4748-9314-bdd236eff1c5','61a828cd-768f-4264-80de-326e594526f8','ad71952e-7842-599e-a19e-3a82e6974b23','GET /secrets/resource/184734ea-8be3-4f5a-ba6c-5f4b3c0603e8.json',1,'2022-12-22 22:33:05'),('ed27b81d-c301-40eb-a83d-a19ce7858e1e','61a828cd-768f-4264-80de-326e594526f8','d77de180-4626-54dd-80fb-a095ecc22aac','GET /resource-types/a28a04cd-6f53-518a-967c-9963bf9cec51.json',1,'2022-12-22 22:32:33'),('ed3119ae-b2f3-437c-b522-962659656250','61a828cd-768f-4264-80de-326e594526f8','d77de180-4626-54dd-80fb-a095ecc22aac','GET /resource-types/a28a04cd-6f53-518a-967c-9963bf9cec51.json',1,'2022-12-22 22:33:05'),('ed34a375-55c5-4bcb-b2f5-23531d48787d','61a828cd-768f-4264-80de-326e594526f8','ad71952e-7842-599e-a19e-3a82e6974b23','GET /secrets/resource/cec328ec-cb1f-48f6-be1e-1ca35fc3c62d.json',1,'2022-12-22 22:32:51'),('ed3e6fd3-1ee2-47f2-a451-dc324b1e4e6f','61a828cd-768f-4264-80de-326e594526f8','ad71952e-7842-599e-a19e-3a82e6974b23','GET /secrets/resource/184734ea-8be3-4f5a-ba6c-5f4b3c0603e8.json',1,'2022-12-22 22:33:20'),('ed91edec-2df0-4fe8-b78e-a276fe744f5c',NULL,'a3c19ad2-8920-5395-86d0-8567cb34f382','POST /auth/login.json',1,'2023-01-11 08:28:59'),('ed959570-4e4f-4322-b65c-226c0e7a0149','61a828cd-768f-4264-80de-326e594526f8','ad71952e-7842-599e-a19e-3a82e6974b23','GET /secrets/resource/184734ea-8be3-4f5a-ba6c-5f4b3c0603e8.json',1,'2022-12-22 22:32:43'),('eda98c4a-86fc-47e0-8c26-a52523bc4fb6','61a828cd-768f-4264-80de-326e594526f8','a3c19ad2-8920-5395-86d0-8567cb34f382','POST /auth/login.json',1,'2023-01-06 10:22:36'),('edf59e8a-d19f-4936-a152-07db7eb5044d','61a828cd-768f-4264-80de-326e594526f8','d77de180-4626-54dd-80fb-a095ecc22aac','GET /resource-types/a28a04cd-6f53-518a-967c-9963bf9cec51.json',1,'2022-12-22 22:33:02'),('ee33f64e-4071-47a3-a193-20330566d932','61a828cd-768f-4264-80de-326e594526f8','ad71952e-7842-599e-a19e-3a82e6974b23','GET /secrets/resource/184734ea-8be3-4f5a-ba6c-5f4b3c0603e8.json',1,'2022-12-22 22:32:54'),('ee73de92-930b-4de2-95ff-1398f70166f1','61a828cd-768f-4264-80de-326e594526f8','d77de180-4626-54dd-80fb-a095ecc22aac','GET /resource-types/a28a04cd-6f53-518a-967c-9963bf9cec51.json',1,'2022-12-22 22:33:26'),('eeb6a44d-297b-416e-854d-1e5797da1a53','61a828cd-768f-4264-80de-326e594526f8','ad71952e-7842-599e-a19e-3a82e6974b23','GET /secrets/resource/184734ea-8be3-4f5a-ba6c-5f4b3c0603e8.json',1,'2022-12-22 22:33:12'),('ef3297d2-d68d-45a2-8c8c-8066331dac28','61a828cd-768f-4264-80de-326e594526f8','83bb8bd8-2006-5546-a3bb-9319ae6e8f9d','GET /resources/184734ea-8be3-4f5a-ba6c-5f4b3c0603e8.json',1,'2022-12-22 22:32:59'),('ef5e2fe5-2034-4790-aad7-3cb8ee15af4d','61a828cd-768f-4264-80de-326e594526f8','83bb8bd8-2006-5546-a3bb-9319ae6e8f9d','GET /resources/184734ea-8be3-4f5a-ba6c-5f4b3c0603e8.json',1,'2022-12-22 22:33:12'),('ef9072f6-bf55-492f-b0fc-c02bb04fc245','61a828cd-768f-4264-80de-326e594526f8','ad71952e-7842-599e-a19e-3a82e6974b23','GET /secrets/resource/184734ea-8be3-4f5a-ba6c-5f4b3c0603e8.json',1,'2022-12-22 22:33:07'),('efd0bb30-be7c-4e65-940f-961f7c7e3720','61a828cd-768f-4264-80de-326e594526f8','881ab948-e40f-5a72-91aa-54b442270029','GET /users/me.json',1,'2022-12-22 22:32:35'),('effaaaca-ab89-42d0-b33e-ac786496ea90','61a828cd-768f-4264-80de-326e594526f8','d77de180-4626-54dd-80fb-a095ecc22aac','GET /resource-types/a28a04cd-6f53-518a-967c-9963bf9cec51.json',1,'2022-12-22 22:33:16'),('effe7a87-4292-4aa4-a0dc-61671eaefd44','61a828cd-768f-4264-80de-326e594526f8','c506210f-7866-5691-8fc1-58772e8f49f1','GET /resources.json',1,'2022-12-22 22:33:05'),('f006bf19-f10a-4db4-81aa-b1084a8dd143','61a828cd-768f-4264-80de-326e594526f8','83bb8bd8-2006-5546-a3bb-9319ae6e8f9d','GET /resources/184734ea-8be3-4f5a-ba6c-5f4b3c0603e8.json',1,'2023-01-11 08:30:10'),('f0268b4b-87b0-4c68-9573-ffb1bccc7502','61a828cd-768f-4264-80de-326e594526f8','83bb8bd8-2006-5546-a3bb-9319ae6e8f9d','GET /resources/184734ea-8be3-4f5a-ba6c-5f4b3c0603e8.json',1,'2022-12-22 22:32:48'),('f033092d-7a08-4503-b671-00959c3f26d5','61a828cd-768f-4264-80de-326e594526f8','83bb8bd8-2006-5546-a3bb-9319ae6e8f9d','GET /resources/184734ea-8be3-4f5a-ba6c-5f4b3c0603e8.json',1,'2022-12-22 22:33:16'),('f11b397f-f123-4ba7-a634-2f4f4d78840a','61a828cd-768f-4264-80de-326e594526f8','881ab948-e40f-5a72-91aa-54b442270029','GET /users/me.json',1,'2022-12-22 22:33:08'),('f1286dce-570a-4bd3-9996-d45d579f2307','61a828cd-768f-4264-80de-326e594526f8','d77de180-4626-54dd-80fb-a095ecc22aac','GET /resource-types/a28a04cd-6f53-518a-967c-9963bf9cec51.json',1,'2022-12-22 22:33:20'),('f162fd34-9d57-4e84-962b-51fa971a820b','61a828cd-768f-4264-80de-326e594526f8','d77de180-4626-54dd-80fb-a095ecc22aac','GET /resource-types/a28a04cd-6f53-518a-967c-9963bf9cec51.json',1,'2022-12-22 22:32:43'),('f178facb-cf55-4379-8d06-ac614256c476','61a828cd-768f-4264-80de-326e594526f8','ad71952e-7842-599e-a19e-3a82e6974b23','GET /secrets/resource/cec328ec-cb1f-48f6-be1e-1ca35fc3c62d.json',1,'2022-12-22 22:32:48'),('f1c3def1-d016-4370-a4ea-0719115ac499','61a828cd-768f-4264-80de-326e594526f8','d77de180-4626-54dd-80fb-a095ecc22aac','GET /resource-types/a28a04cd-6f53-518a-967c-9963bf9cec51.json',1,'2022-12-22 22:33:11'),('f1f377de-b7c0-45c8-b954-0b1a65955d3d','61a828cd-768f-4264-80de-326e594526f8','ad71952e-7842-599e-a19e-3a82e6974b23','GET /secrets/resource/184734ea-8be3-4f5a-ba6c-5f4b3c0603e8.json',1,'2022-12-22 22:33:08'),('f20103d9-a78f-4c8f-b7fc-674d3697af41','61a828cd-768f-4264-80de-326e594526f8','d77de180-4626-54dd-80fb-a095ecc22aac','GET /resource-types/a28a04cd-6f53-518a-967c-9963bf9cec51.json',1,'2022-12-22 22:32:44'),('f2033cf6-275b-46d1-b8b3-ca438b55739f','61a828cd-768f-4264-80de-326e594526f8','83bb8bd8-2006-5546-a3bb-9319ae6e8f9d','GET /resources/184734ea-8be3-4f5a-ba6c-5f4b3c0603e8.json',1,'2022-12-22 22:32:50'),('f231d0e4-4ffd-45ba-9dc7-ae9ff0cb632e','61a828cd-768f-4264-80de-326e594526f8','83bb8bd8-2006-5546-a3bb-9319ae6e8f9d','GET /resources/184734ea-8be3-4f5a-ba6c-5f4b3c0603e8.json',1,'2023-01-06 10:23:45'),('f24722a7-b042-4be4-97c7-f40ff2f70d0a','61a828cd-768f-4264-80de-326e594526f8','83bb8bd8-2006-5546-a3bb-9319ae6e8f9d','GET /resources/184734ea-8be3-4f5a-ba6c-5f4b3c0603e8.json',1,'2022-12-22 22:33:15'),('f268c31a-7e44-4b97-9ecc-5d530b3ba47f','61a828cd-768f-4264-80de-326e594526f8','83bb8bd8-2006-5546-a3bb-9319ae6e8f9d','GET /resources/184734ea-8be3-4f5a-ba6c-5f4b3c0603e8.json',1,'2022-12-22 22:33:23'),('f271c4ea-d03f-43d4-be8e-9949333098b5','61a828cd-768f-4264-80de-326e594526f8','a3c19ad2-8920-5395-86d0-8567cb34f382','POST /auth/login.json',1,'2023-01-06 10:22:34'),('f278587c-3aea-44d0-9759-e3b1a8790eb1','61a828cd-768f-4264-80de-326e594526f8','ad71952e-7842-599e-a19e-3a82e6974b23','GET /secrets/resource/cec328ec-cb1f-48f6-be1e-1ca35fc3c62d.json',1,'2022-12-22 22:32:38'),('f2a2886f-10d7-4694-a251-80b4c4e317f1',NULL,'bef9f3ca-86ef-5c6a-9b38-320e03ceb5df','GET /settings.json',1,'2023-01-11 08:56:52'),('f2d6d985-0fe9-407d-ac6b-2ac3a821b264','61a828cd-768f-4264-80de-326e594526f8','ad71952e-7842-599e-a19e-3a82e6974b23','GET /secrets/resource/184734ea-8be3-4f5a-ba6c-5f4b3c0603e8.json',1,'2023-01-06 10:23:45'),('f3000294-cd19-46ff-ad64-fca0387b517b',NULL,'a3c19ad2-8920-5395-86d0-8567cb34f382','POST /auth/login.json',1,'2022-12-22 22:33:24'),('f368d064-9e45-4dac-be21-a6e72ebd4ac0','61a828cd-768f-4264-80de-326e594526f8','881ab948-e40f-5a72-91aa-54b442270029','GET /users/me.json',1,'2022-12-22 22:32:42'),('f3ccbdd7-af71-4ca5-8d80-852659e6facb','61a828cd-768f-4264-80de-326e594526f8','83bb8bd8-2006-5546-a3bb-9319ae6e8f9d','GET /resources/184734ea-8be3-4f5a-ba6c-5f4b3c0603e8.json',1,'2022-12-22 22:33:02'),('f3d53b08-20f6-4ae1-a92e-2b2a795055f1','61a828cd-768f-4264-80de-326e594526f8','83bb8bd8-2006-5546-a3bb-9319ae6e8f9d','GET /resources/cec328ec-cb1f-48f6-be1e-1ca35fc3c62d.json',1,'2022-12-22 22:33:22'),('f3e8adaf-2c03-4b8a-b23a-d0df133a993c','61a828cd-768f-4264-80de-326e594526f8','ad71952e-7842-599e-a19e-3a82e6974b23','GET /secrets/resource/184734ea-8be3-4f5a-ba6c-5f4b3c0603e8.json',1,'2022-12-22 22:33:15'),('f3f53d5e-2cfd-4f47-a3cc-64e56be86829','61a828cd-768f-4264-80de-326e594526f8','83bb8bd8-2006-5546-a3bb-9319ae6e8f9d','GET /resources/184734ea-8be3-4f5a-ba6c-5f4b3c0603e8.json',1,'2023-01-06 10:23:46'),('f4040bc5-9f7c-4664-b87e-5be49293c873','61a828cd-768f-4264-80de-326e594526f8','ad71952e-7842-599e-a19e-3a82e6974b23','GET /secrets/resource/cec328ec-cb1f-48f6-be1e-1ca35fc3c62d.json',1,'2022-12-22 22:32:48'),('f4109bd9-2255-45a1-bc17-2c0a91cb77f0','61a828cd-768f-4264-80de-326e594526f8','ad71952e-7842-599e-a19e-3a82e6974b23','GET /secrets/resource/184734ea-8be3-4f5a-ba6c-5f4b3c0603e8.json',1,'2023-01-11 08:30:10'),('f42cf715-c42d-4697-8fd8-e88f292518cd','61a828cd-768f-4264-80de-326e594526f8','83bb8bd8-2006-5546-a3bb-9319ae6e8f9d','GET /resources/184734ea-8be3-4f5a-ba6c-5f4b3c0603e8.json',1,'2023-01-11 08:30:11'),('f4d82523-b2c8-4c19-bb00-9cd816fdd1ed','61a828cd-768f-4264-80de-326e594526f8','d77de180-4626-54dd-80fb-a095ecc22aac','GET /resource-types/a28a04cd-6f53-518a-967c-9963bf9cec51.json',1,'2022-12-22 22:33:27'),('f50c2485-d114-42e0-8887-e5407e8103b8','61a828cd-768f-4264-80de-326e594526f8','ad71952e-7842-599e-a19e-3a82e6974b23','GET /secrets/resource/cec328ec-cb1f-48f6-be1e-1ca35fc3c62d.json',1,'2022-12-22 22:33:19'),('f521ded4-b833-4368-ad76-4af5a8681134','61a828cd-768f-4264-80de-326e594526f8','c506210f-7866-5691-8fc1-58772e8f49f1','GET /resources.json',1,'2022-12-22 22:32:49'),('f53c9d19-bf4f-455f-90f2-8d49e0842b14','61a828cd-768f-4264-80de-326e594526f8','c506210f-7866-5691-8fc1-58772e8f49f1','GET /resources.json',1,'2022-12-22 22:25:19'),('f5903f92-686e-4a61-a773-4d53b8cb0406','61a828cd-768f-4264-80de-326e594526f8','c506210f-7866-5691-8fc1-58772e8f49f1','GET /resources.json',1,'2022-12-22 22:33:06'),('f5efe66c-789f-4f69-a18e-e3e52a6ab5ac','61a828cd-768f-4264-80de-326e594526f8','a3c19ad2-8920-5395-86d0-8567cb34f382','POST /auth/login.json',1,'2022-12-22 22:33:21'),('f61616dc-73c4-4b6e-ba42-06bac7969e77','61a828cd-768f-4264-80de-326e594526f8','83bb8bd8-2006-5546-a3bb-9319ae6e8f9d','GET /resources/184734ea-8be3-4f5a-ba6c-5f4b3c0603e8.json',1,'2023-01-06 10:23:45'),('f62634f0-148e-4235-852f-cf1a346e1f3f','61a828cd-768f-4264-80de-326e594526f8','d77de180-4626-54dd-80fb-a095ecc22aac','GET /resource-types/a28a04cd-6f53-518a-967c-9963bf9cec51.json',1,'2022-12-22 22:32:49'),('f6c7968d-7f9c-4786-85e3-9131c18e1cf7',NULL,'caea12fd-e0f8-5d68-aa19-d7b25119740e','GET /users/csrf-token.json',1,'2023-01-16 15:39:32'),('f6e8bf6f-fd44-4ee0-a88e-49a93ee46e88','61a828cd-768f-4264-80de-326e594526f8','d77de180-4626-54dd-80fb-a095ecc22aac','GET /resource-types/a28a04cd-6f53-518a-967c-9963bf9cec51.json',1,'2022-12-22 22:33:29'),('f6fa505f-d0d9-4424-916c-429a6333a062','61a828cd-768f-4264-80de-326e594526f8','d77de180-4626-54dd-80fb-a095ecc22aac','GET /resource-types/a28a04cd-6f53-518a-967c-9963bf9cec51.json',1,'2022-12-22 22:33:23'),('f7278132-2fc4-4886-850c-4fca10517e4c','61a828cd-768f-4264-80de-326e594526f8','d77de180-4626-54dd-80fb-a095ecc22aac','GET /resource-types/a28a04cd-6f53-518a-967c-9963bf9cec51.json',1,'2022-12-22 22:33:22'),('f73472b8-89aa-476f-bf41-0159ab77cb9b','61a828cd-768f-4264-80de-326e594526f8','d77de180-4626-54dd-80fb-a095ecc22aac','GET /resource-types/a28a04cd-6f53-518a-967c-9963bf9cec51.json',1,'2022-12-22 22:33:02'),('f7389041-6dba-4d69-8941-3a444d337060','61a828cd-768f-4264-80de-326e594526f8','9caaba03-49d2-5273-8097-e278234e71e0','GET /settings/emails/notifications.json',1,'2022-12-22 22:22:46'),('f7e0a657-241a-44fa-80ab-d5be0ac23e3a',NULL,'a3c19ad2-8920-5395-86d0-8567cb34f382','POST /auth/login.json',1,'2023-01-06 10:22:34'),('f7f3903c-47a4-49cf-a6c1-245c5d8a3e49','61a828cd-768f-4264-80de-326e594526f8','83bb8bd8-2006-5546-a3bb-9319ae6e8f9d','GET /resources/184734ea-8be3-4f5a-ba6c-5f4b3c0603e8.json',1,'2022-12-22 22:32:37'),('f81b28df-df5c-4f15-a445-831c7da40b8d','61a828cd-768f-4264-80de-326e594526f8','ad71952e-7842-599e-a19e-3a82e6974b23','GET /secrets/resource/cec328ec-cb1f-48f6-be1e-1ca35fc3c62d.json',1,'2022-12-22 22:33:12'),('f84822d6-cdd1-4d5d-9d2c-b1fea91e4bed','61a828cd-768f-4264-80de-326e594526f8','d77de180-4626-54dd-80fb-a095ecc22aac','GET /resource-types/a28a04cd-6f53-518a-967c-9963bf9cec51.json',1,'2022-12-22 22:32:44'),('f8683664-e918-48a8-969a-4bce0b2b1050','61a828cd-768f-4264-80de-326e594526f8','ad71952e-7842-599e-a19e-3a82e6974b23','GET /secrets/resource/184734ea-8be3-4f5a-ba6c-5f4b3c0603e8.json',1,'2022-12-22 22:33:28'),('f8958dfd-9280-4d4d-a2cd-d0f118bb8b65','61a828cd-768f-4264-80de-326e594526f8','9b473b19-0e3e-5efb-be19-8a1719843762','GET /account/settings.json',1,'2022-12-22 22:24:53'),('f8cdf31e-360f-48b1-9192-adf2c574e68d','61a828cd-768f-4264-80de-326e594526f8','83bb8bd8-2006-5546-a3bb-9319ae6e8f9d','GET /resources/cec328ec-cb1f-48f6-be1e-1ca35fc3c62d.json',1,'2022-12-22 22:33:04'),('f8ec91a2-b151-43ac-b44b-65adac74b58a','61a828cd-768f-4264-80de-326e594526f8','dad1db3f-4fbc-5b3a-9db2-b7413885c30c','GET /app/administration/smtp-settings',1,'2022-12-22 22:24:53'),('f91cef0b-8202-4d11-ac6d-6dfa300245c4','61a828cd-768f-4264-80de-326e594526f8','ad71952e-7842-599e-a19e-3a82e6974b23','GET /secrets/resource/184734ea-8be3-4f5a-ba6c-5f4b3c0603e8.json',1,'2022-12-22 22:32:57'),('f94f4725-0ffd-4930-bb45-18577a6d922e','61a828cd-768f-4264-80de-326e594526f8','ad71952e-7842-599e-a19e-3a82e6974b23','GET /secrets/resource/cec328ec-cb1f-48f6-be1e-1ca35fc3c62d.json',1,'2022-12-22 22:33:17'),('f9859282-af17-482c-8030-b559cb609f2a','61a828cd-768f-4264-80de-326e594526f8','3cffe6ef-ea4c-5bc3-869b-945f26e2601a','GET /groups.json',1,'2022-12-22 22:24:33'),('f98cd328-1b81-452a-913b-2e94196685e8','61a828cd-768f-4264-80de-326e594526f8','d77de180-4626-54dd-80fb-a095ecc22aac','GET /resource-types/a28a04cd-6f53-518a-967c-9963bf9cec51.json',1,'2022-12-22 22:32:46'),('f9ba0c61-9e92-4efd-9c86-9e8dead77106','61a828cd-768f-4264-80de-326e594526f8','d77de180-4626-54dd-80fb-a095ecc22aac','GET /resource-types/a28a04cd-6f53-518a-967c-9963bf9cec51.json',1,'2022-12-22 22:33:17'),('f9ea3cd7-ecae-4708-a71b-67cfe733f18f','61a828cd-768f-4264-80de-326e594526f8','83bb8bd8-2006-5546-a3bb-9319ae6e8f9d','GET /resources/cec328ec-cb1f-48f6-be1e-1ca35fc3c62d.json',1,'2022-12-22 22:33:05'),('f9ed0202-3de3-4db9-babd-7e1ba604e092',NULL,'caea12fd-e0f8-5d68-aa19-d7b25119740e','GET /users/csrf-token.json',1,'2023-01-11 08:56:40'),('fa1e37d5-00b9-4484-aaff-d7a8f1e7d298','61a828cd-768f-4264-80de-326e594526f8','881ab948-e40f-5a72-91aa-54b442270029','GET /users/me.json',1,'2022-12-22 22:33:03'),('faacfd4c-839e-450c-9d28-02d43acfa3a3','61a828cd-768f-4264-80de-326e594526f8','ad71952e-7842-599e-a19e-3a82e6974b23','GET /secrets/resource/184734ea-8be3-4f5a-ba6c-5f4b3c0603e8.json',1,'2023-01-06 10:23:46'),('fb0bf1b1-a8f6-4a1c-b068-6fb4f0890749','61a828cd-768f-4264-80de-326e594526f8','83bb8bd8-2006-5546-a3bb-9319ae6e8f9d','GET /resources/cec328ec-cb1f-48f6-be1e-1ca35fc3c62d.json',1,'2022-12-22 22:32:54'),('fb135d6f-d55c-472a-ba57-20fa4449a774','61a828cd-768f-4264-80de-326e594526f8','d77de180-4626-54dd-80fb-a095ecc22aac','GET /resource-types/a28a04cd-6f53-518a-967c-9963bf9cec51.json',1,'2023-01-06 10:22:35'),('fb459cce-b292-468a-aa03-8f3bc13a3b3d','61a828cd-768f-4264-80de-326e594526f8','881ab948-e40f-5a72-91aa-54b442270029','GET /users/me.json',1,'2022-12-22 22:32:41'),('fb6d8c0e-5b5e-4c0b-9848-dd446ab8e1b2','61a828cd-768f-4264-80de-326e594526f8','d77de180-4626-54dd-80fb-a095ecc22aac','GET /resource-types/a28a04cd-6f53-518a-967c-9963bf9cec51.json',1,'2022-12-22 22:33:02'),('fbbc19c5-7379-4b5e-b9ae-baa7007d4151','61a828cd-768f-4264-80de-326e594526f8','881ab948-e40f-5a72-91aa-54b442270029','GET /users/me.json',1,'2023-01-11 08:28:59'),('fc16d0ef-36fe-46db-ab77-ef7cc0657b70','61a828cd-768f-4264-80de-326e594526f8','83bb8bd8-2006-5546-a3bb-9319ae6e8f9d','GET /resources/cec328ec-cb1f-48f6-be1e-1ca35fc3c62d.json',1,'2022-12-22 22:32:36'),('fc1e606a-71ae-4f4b-950a-7b72bbf09284','61a828cd-768f-4264-80de-326e594526f8','c506210f-7866-5691-8fc1-58772e8f49f1','GET /resources.json',1,'2022-12-22 22:33:16'),('fc224a80-f615-4016-8366-42994e3d999e','61a828cd-768f-4264-80de-326e594526f8','83bb8bd8-2006-5546-a3bb-9319ae6e8f9d','GET /resources/184734ea-8be3-4f5a-ba6c-5f4b3c0603e8.json',1,'2022-12-22 22:32:55'),('fc84d8cc-749b-49c5-938f-ae39e64f1633','61a828cd-768f-4264-80de-326e594526f8','83bb8bd8-2006-5546-a3bb-9319ae6e8f9d','GET /resources/184734ea-8be3-4f5a-ba6c-5f4b3c0603e8.json',1,'2022-12-22 22:33:24'),('fcc04f04-04dd-44b3-a5fa-d6d1407d7e01','61a828cd-768f-4264-80de-326e594526f8','83bb8bd8-2006-5546-a3bb-9319ae6e8f9d','GET /resources/184734ea-8be3-4f5a-ba6c-5f4b3c0603e8.json',1,'2022-12-22 22:33:06'),('fcc2117a-b412-4776-89cb-e6d71ff76f8e','61a828cd-768f-4264-80de-326e594526f8','ad71952e-7842-599e-a19e-3a82e6974b23','GET /secrets/resource/cec328ec-cb1f-48f6-be1e-1ca35fc3c62d.json',1,'2022-12-22 22:32:58'),('fccc6453-6e23-4dd0-9c71-1ed83802f5c0',NULL,'a3c19ad2-8920-5395-86d0-8567cb34f382','POST /auth/login.json',1,'2022-12-22 22:32:50'),('fd0d9683-e081-495c-b863-4c0b834557ec','61a828cd-768f-4264-80de-326e594526f8','83bb8bd8-2006-5546-a3bb-9319ae6e8f9d','GET /resources/cec328ec-cb1f-48f6-be1e-1ca35fc3c62d.json',1,'2022-12-22 22:32:43'),('fd579aa7-b3b0-4cf2-bf7c-51ee4fffa736','61a828cd-768f-4264-80de-326e594526f8','c506210f-7866-5691-8fc1-58772e8f49f1','GET /resources.json',1,'2023-01-06 10:22:36'),('fd7bfd9f-1ddd-4920-b4fe-6db6f67ef70c','61a828cd-768f-4264-80de-326e594526f8','83bb8bd8-2006-5546-a3bb-9319ae6e8f9d','GET /resources/184734ea-8be3-4f5a-ba6c-5f4b3c0603e8.json',1,'2022-12-22 22:33:18'),('fdc7a922-c05f-4f96-b722-f9c485e8cdd9','61a828cd-768f-4264-80de-326e594526f8','ad71952e-7842-599e-a19e-3a82e6974b23','GET /secrets/resource/184734ea-8be3-4f5a-ba6c-5f4b3c0603e8.json',1,'2022-12-22 22:33:27'),('fdd7257a-fa25-40e0-ab67-cbcd8ecb1bd0','61a828cd-768f-4264-80de-326e594526f8','83bb8bd8-2006-5546-a3bb-9319ae6e8f9d','GET /resources/184734ea-8be3-4f5a-ba6c-5f4b3c0603e8.json',1,'2022-12-22 22:33:26'),('fedca4aa-7f99-4503-bd69-f5372f465ecc','61a828cd-768f-4264-80de-326e594526f8','83bb8bd8-2006-5546-a3bb-9319ae6e8f9d','GET /resources/184734ea-8be3-4f5a-ba6c-5f4b3c0603e8.json',1,'2022-12-22 22:33:30'),('ff0324e3-5ec1-4adc-b092-ad0dc280636b','61a828cd-768f-4264-80de-326e594526f8','3cffe6ef-ea4c-5bc3-869b-945f26e2601a','GET /groups.json',1,'2022-12-22 22:24:55'),('ff1dd53a-19a6-462b-b608-0e331f05f7e6','61a828cd-768f-4264-80de-326e594526f8','ad71952e-7842-599e-a19e-3a82e6974b23','GET /secrets/resource/184734ea-8be3-4f5a-ba6c-5f4b3c0603e8.json',1,'2022-12-22 22:33:03'),('ffc65559-5eb2-4298-95ef-c3f43bdce8e8','61a828cd-768f-4264-80de-326e594526f8','ad71952e-7842-599e-a19e-3a82e6974b23','GET /secrets/resource/184734ea-8be3-4f5a-ba6c-5f4b3c0603e8.json',1,'2022-12-22 22:32:37'),('fffeccf4-8d5b-45c6-8197-e8bce16aefae','61a828cd-768f-4264-80de-326e594526f8','881ab948-e40f-5a72-91aa-54b442270029','GET /users/me.json',1,'2023-01-11 08:29:01');
/*!40000 ALTER TABLE `action_logs` ENABLE KEYS */;
UNLOCK TABLES;

--
-- Table structure for table `actions`
--

DROP TABLE IF EXISTS `actions`;
/*!40101 SET @saved_cs_client     = @@character_set_client */;
/*!40101 SET character_set_client = utf8 */;
CREATE TABLE `actions` (
  `id` char(36) CHARACTER SET ascii COLLATE ascii_general_ci NOT NULL,
  `name` varchar(100) NOT NULL,
  PRIMARY KEY (`id`),
  UNIQUE KEY `name` (`name`),
  KEY `id` (`id`)
) ENGINE=InnoDB DEFAULT CHARSET=utf8mb4 COLLATE=utf8mb4_unicode_ci;
/*!40101 SET character_set_client = @saved_cs_client */;

--
-- Dumping data for table `actions`
--

LOCK TABLES `actions` WRITE;
/*!40000 ALTER TABLE `actions` DISABLE KEYS */;
INSERT INTO `actions` VALUES ('9b473b19-0e3e-5efb-be19-8a1719843762','AccountSettingsIndex.index'),('a3c19ad2-8920-5395-86d0-8567cb34f382','AuthLogin.loginPost'),('748dcd10-7d15-5498-9aa6-d26de348ff02','AuthVerify.verifyGet'),('17b8a54b-8069-586a-8ca2-7e7569b28e08','Error.error'),('caea12fd-e0f8-5d68-aa19-d7b25119740e','GetCsrfToken.get'),('3cffe6ef-ea4c-5bc3-869b-945f26e2601a','GroupsIndex.index'),('dad1db3f-4fbc-5b3a-9db2-b7413885c30c','Home.apiApp'),('1035f824-fe76-5a69-b02c-9aa60a31858c','Home.apiExtApp'),('9caaba03-49d2-5273-8097-e278234e71e0','NotificationOrgSettingsGet.get'),('02d9140b-5bee-5093-afa0-70d8fb52e7f1','NotificationOrgSettingsPost.post'),('31f74e04-d9bb-592b-aa45-ba6682d3316d','PasswordGeneratorSettings.index'),('ad8bbc35-6435-538e-b1a7-80b87bcedb6a','ResourcesAdd.add'),('c506210f-7866-5691-8fc1-58772e8f49f1','ResourcesIndex.index'),('83bb8bd8-2006-5546-a3bb-9319ae6e8f9d','ResourcesView.view'),('e2aa01a9-84ec-55f8-aaed-24ee23259339','ResourceTypesIndex.index'),('d77de180-4626-54dd-80fb-a095ecc22aac','ResourceTypesView.view'),('30237a18-fd12-5935-b1be-1e2a62ccb71d','RolesIndex.index'),('ad71952e-7842-599e-a19e-3a82e6974b23','SecretsView.view'),('bef9f3ca-86ef-5c6a-9b38-320e03ceb5df','SettingsIndex.index'),('6f53faec-0c9e-5321-ac78-543e1001f7b1','SetupComplete.complete'),('50ca4a19-b782-5842-bd2b-f59e9ff4eef9','SetupStart.start'),('53da54b1-9576-52ab-a11f-b2265b5aa455','SmtpSettingsGet.get'),('058f384b-6685-55ac-8e82-9b0579a4e210','ThemesIndex.index'),('bbcc91fb-c9fe-5a24-aaf6-0d36b61f9559','ThemesSelect.select'),('d7bc9044-a64e-5421-a4d7-7a94eaa39d37','UsersIndex.index'),('881ab948-e40f-5a72-91aa-54b442270029','UsersView.view');
/*!40000 ALTER TABLE `actions` ENABLE KEYS */;
UNLOCK TABLES;

--
-- Table structure for table `authentication_tokens`
--

DROP TABLE IF EXISTS `authentication_tokens`;
/*!40101 SET @saved_cs_client     = @@character_set_client */;
/*!40101 SET character_set_client = utf8 */;
CREATE TABLE `authentication_tokens` (
  `id` char(36) CHARACTER SET ascii COLLATE ascii_general_ci NOT NULL,
  `token` char(36) CHARACTER SET ascii COLLATE ascii_general_ci NOT NULL,
  `user_id` char(36) CHARACTER SET ascii COLLATE ascii_general_ci NOT NULL,
  `active` tinyint(1) NOT NULL DEFAULT 1,
  `created` datetime NOT NULL,
  `modified` datetime NOT NULL,
  `type` varchar(16) CHARACTER SET ascii COLLATE ascii_general_ci NOT NULL,
  `data` text DEFAULT NULL,
  PRIMARY KEY (`id`)
) ENGINE=InnoDB DEFAULT CHARSET=utf8mb4 COLLATE=utf8mb4_unicode_ci;
/*!40101 SET character_set_client = @saved_cs_client */;

--
-- Dumping data for table `authentication_tokens`
--

LOCK TABLES `authentication_tokens` WRITE;
/*!40000 ALTER TABLE `authentication_tokens` DISABLE KEYS */;
INSERT INTO `authentication_tokens` VALUES ('0200d973-a5d6-4c7c-853c-452fbc067e58','e976c213-411d-4850-94dd-f32b605a6c25','61a828cd-768f-4264-80de-326e594526f8',0,'2022-12-22 22:33:01','2022-12-22 22:33:02','login',NULL),('0555c676-39bb-4349-9351-44f51ef72cf3','d39fc014-949e-4b1d-998f-33aecb9a919f','61a828cd-768f-4264-80de-326e594526f8',0,'2022-12-22 22:33:16','2022-12-22 22:33:16','login',NULL),('08534b1f-eb60-4339-8741-781714ff9da1','a886ad7c-13eb-4228-b0b3-405162f1389e','61a828cd-768f-4264-80de-326e594526f8',0,'2022-12-22 22:32:36','2022-12-22 22:32:37','login',NULL),('0ad4c1e2-1f5f-47d2-8c84-b603c0067b63','dc0d4ce0-ebe0-437d-a9c8-b8e2d59d09a8','61a828cd-768f-4264-80de-326e594526f8',0,'2022-12-22 22:33:21','2022-12-22 22:33:21','login',NULL),('0b539a77-fbbb-4dc8-8a9d-7c21760a1149','5a3fde1a-0708-41f1-9aed-100bddb77db9','61a828cd-768f-4264-80de-326e594526f8',0,'2022-12-22 22:32:35','2022-12-22 22:32:35','login',NULL),('0c7aaae2-a18d-4bce-bc05-d0d68b4d7823','382281d9-9189-42f4-9bdc-99ecb03352a7','61a828cd-768f-4264-80de-326e594526f8',0,'2023-01-06 10:22:35','2023-01-06 10:22:35','login',NULL),('0ead000d-ed1d-4e36-a40f-5aa90988cdca','01693f39-84af-4418-ab68-aca7330e3356','61a828cd-768f-4264-80de-326e594526f8',0,'2022-12-22 22:33:25','2022-12-22 22:33:25','login',NULL),('0fbc177c-85d4-491a-ad22-96eafd9dfad5','198174c4-39a9-4720-9d75-bae54b07a3da','61a828cd-768f-4264-80de-326e594526f8',0,'2022-12-22 22:32:32','2022-12-22 22:32:32','login',NULL),('1202a383-e479-40ba-becf-644e079c335c','768390df-ecb4-4845-a21d-633339a8e0a1','61a828cd-768f-4264-80de-326e594526f8',0,'2022-12-22 22:32:54','2022-12-22 22:32:54','login',NULL),('13dacdb0-2a13-44e5-9bf7-629d8be428a2','7e7d4105-f2ae-4f8d-9971-aaa6a9077301','61a828cd-768f-4264-80de-326e594526f8',0,'2022-12-22 22:32:34','2022-12-22 22:32:34','login',NULL),('16ecdac4-24e4-4120-a036-5d6883284438','7ba0134b-59be-4542-a6a3-ea3d6a289fe9','61a828cd-768f-4264-80de-326e594526f8',0,'2022-12-22 22:32:57','2022-12-22 22:32:57','login',NULL),('1a752adf-8cfb-4f47-92e5-d9c7a301495f','0cfaeaf3-9011-4607-96c3-0d259eeec93c','61a828cd-768f-4264-80de-326e594526f8',0,'2022-12-22 22:32:45','2022-12-22 22:32:45','login',NULL),('1f73144f-8034-42b0-9063-989a8137a159','c2be2af6-8cb7-45c6-ac44-5b4ce094dfc2','61a828cd-768f-4264-80de-326e594526f8',0,'2022-12-22 22:32:56','2022-12-22 22:32:56','login',NULL),('238868d0-a4a2-4e6c-b7cc-aed16d78098a','69c2b5f1-1dfb-490d-97c3-eeff1a53ea34','61a828cd-768f-4264-80de-326e594526f8',0,'2022-12-22 22:32:44','2022-12-22 22:32:44','login',NULL),('23bb16d1-43a3-4876-b447-6b7a5a512fd3','ee3eb2ac-565d-4a30-8f11-bcc05adb8ce8','61a828cd-768f-4264-80de-326e594526f8',0,'2023-01-06 10:22:36','2023-01-06 10:22:36','login',NULL),('2a7b6b61-d64c-4f5b-860a-4d58a9ed6f8c','9b4b6951-9a1f-494d-b9e1-6809f65499d2','61a828cd-768f-4264-80de-326e594526f8',0,'2022-12-22 22:33:19','2022-12-22 22:33:19','login',NULL),('305995fc-dffe-473d-95e5-9365a881285f','bb8485e9-54f2-4709-b326-28e8acd886ea','61a828cd-768f-4264-80de-326e594526f8',0,'2022-12-22 22:33:06','2022-12-22 22:33:06','login',NULL),('3da16619-ffda-4035-8d2a-40136a335e5c','23508817-1316-4a06-8fa0-9d3774c8b3bf','61a828cd-768f-4264-80de-326e594526f8',0,'2022-12-22 22:17:55','2022-12-22 22:17:55','login',NULL),('3f7c9c73-b951-4b3b-b4b4-ce99d63a7e79','a4e29eca-157e-438a-8e56-b22c7352d9f0','61a828cd-768f-4264-80de-326e594526f8',0,'2022-12-22 22:33:17','2022-12-22 22:33:18','login',NULL),('3ffd2d84-d418-497f-a5d7-24ab043c66c1','e72caff7-25d8-44f6-bdf0-4c70117bf581','61a828cd-768f-4264-80de-326e594526f8',0,'2022-12-22 22:16:44','2022-12-22 22:17:54','register',NULL),('4278ef64-2e7e-4960-b7df-76ac8cb72e1e','a1b036bf-41ca-4ed8-b6a5-5b8f7a1bb8c5','61a828cd-768f-4264-80de-326e594526f8',0,'2022-12-22 22:33:08','2022-12-22 22:33:08','login',NULL),('436d82dd-30c5-4335-be64-9cd1fd8b4de3','c07becfa-ca4b-4c02-a0c7-0c6bff722f5d','61a828cd-768f-4264-80de-326e594526f8',0,'2022-12-22 22:33:28','2022-12-22 22:33:28','login',NULL),('472210d4-5867-4a99-a537-cec52316b078','d1634105-6de6-422d-8c37-cd4d796775e1','61a828cd-768f-4264-80de-326e594526f8',0,'2022-12-22 22:32:51','2022-12-22 22:32:51','login',NULL),('596913f6-6021-4d0c-b68c-7b87ca08e0a5','3a178127-fbb9-424f-a79e-944420310ff4','61a828cd-768f-4264-80de-326e594526f8',0,'2022-12-22 22:32:41','2022-12-22 22:32:41','login',NULL),('5fd27a08-880e-40b5-951d-4f35c6383171','8930f4d0-5d80-4acd-a356-aad8afd7ad48','61a828cd-768f-4264-80de-326e594526f8',0,'2022-12-22 22:32:59','2022-12-22 22:32:59','login',NULL),('61697d01-55bf-41bf-9c8c-6a2ba8555276','6bedab13-6874-4dc4-8823-df5f5d7cb678','61a828cd-768f-4264-80de-326e594526f8',0,'2022-12-22 22:33:00','2022-12-22 22:33:00','login',NULL),('68ac5562-15b3-4198-8da3-875548c80b17','a9d4d7a2-39c4-4de5-8ab0-88ff4b9b4122','61a828cd-768f-4264-80de-326e594526f8',0,'2022-12-22 22:33:31','2022-12-22 22:33:31','login',NULL),('71fe0c40-a0f4-4bc1-b679-042e3eb30e42','259d8df7-4378-42f4-b0d9-6468d4136892','61a828cd-768f-4264-80de-326e594526f8',0,'2022-12-22 22:32:39','2022-12-22 22:32:39','login',NULL),('724ff4b9-a607-4913-875b-efa019f77564','73b35ea0-9fdb-413d-9b8d-cee015ed663e','61a828cd-768f-4264-80de-326e594526f8',0,'2023-01-06 10:22:29','2023-01-06 10:22:29','login',NULL),('761b3727-c216-46fe-84ba-abeb6b183595','25e0c0e1-4b13-4e2d-904b-3c5be8d1ac37','61a828cd-768f-4264-80de-326e594526f8',0,'2022-12-22 22:33:24','2022-12-22 22:33:24','login',NULL),('78f01d52-5f87-419b-bc1d-5963de3b81b9','84285da8-8271-4130-a44e-6ba36c9f52a2','61a828cd-768f-4264-80de-326e594526f8',0,'2023-01-06 10:22:34','2023-01-06 10:22:34','login',NULL),('7b7b38c0-5809-40fb-934b-493b28255006','323c0c8f-d401-44ac-a881-a9ad819ec6ee','61a828cd-768f-4264-80de-326e594526f8',0,'2022-12-22 22:33:10','2022-12-22 22:33:10','login',NULL),('7e0a8a62-2e53-45e2-b1b2-a8c09b06dee9','e3af0f90-1626-4a81-b513-6737e438bcc5','61a828cd-768f-4264-80de-326e594526f8',0,'2022-12-22 22:33:29','2022-12-22 22:33:29','login',NULL),('83a12fd4-d795-45c1-8809-5411d58b865b','cd3f2f2c-c8b5-44aa-97ab-44534d0e5081','61a828cd-768f-4264-80de-326e594526f8',0,'2022-12-22 22:32:47','2022-12-22 22:32:47','login',NULL),('886d38d7-912d-4ae8-ae72-a211576a2eb6','c9efb528-dac8-4807-95c2-4464dbbadeb8','61a828cd-768f-4264-80de-326e594526f8',0,'2022-12-22 22:32:48','2022-12-22 22:32:48','login',NULL),('97010594-8eea-4335-9c38-a6d45d395a69','9482d87b-0b67-4846-9c0a-66dee5d59c0d','61a828cd-768f-4264-80de-326e594526f8',0,'2022-12-22 22:33:13','2022-12-22 22:33:13','login',NULL),('97bae947-8e46-44e2-8954-aa4581a5faa7','97aa8d47-caaf-4f33-b655-bed9ad223094','61a828cd-768f-4264-80de-326e594526f8',0,'2022-12-22 22:33:03','2022-12-22 22:33:03','login',NULL),('98115705-58e6-4b28-96d6-f03c4a9cc082','6f699d1f-cb31-43c8-8536-e2ca203fe716','61a828cd-768f-4264-80de-326e594526f8',0,'2023-01-06 10:22:28','2023-01-06 10:22:28','login',NULL),('9c20b875-66fb-4512-b291-c797b83be037','8b66f842-ce15-4eb4-9aa8-890cad5c9479','61a828cd-768f-4264-80de-326e594526f8',0,'2023-01-11 08:29:00','2023-01-11 08:29:00','login',NULL),('ac61e774-794d-4c42-91cc-0305f792eac9','46aaec8b-7909-480e-9984-5e5fb78b1b64','61a828cd-768f-4264-80de-326e594526f8',0,'2023-01-11 08:28:53','2023-01-11 08:28:54','login',NULL),('b253394c-647c-4052-9dc6-3a8dddd09bb9','8c8dd503-11c2-4df9-88ee-838943685328','61a828cd-768f-4264-80de-326e594526f8',0,'2022-12-22 22:32:53','2022-12-22 22:32:53','login',NULL),('bda1ba3e-afd4-488e-aaea-d24c9b9ae1bb','c6a4d4dd-edf3-4d9c-bf04-73752a4662df','61a828cd-768f-4264-80de-326e594526f8',0,'2022-12-22 22:33:04','2022-12-22 22:33:04','login',NULL),('c4fd1993-3a69-4148-8957-04043b11e05b','8032f1f2-00ef-45a9-a36e-7fdb2172ffa6','61a828cd-768f-4264-80de-326e594526f8',0,'2022-12-22 22:33:26','2022-12-22 22:33:27','login',NULL),('c6b8ae3f-faef-468f-b2e8-ce866e336333','8e8b8a66-7eaf-4332-8c38-41905de0a49f','61a828cd-768f-4264-80de-326e594526f8',0,'2023-01-06 10:22:35','2023-01-06 10:22:35','login',NULL),('cef8daa5-1439-46d7-8eae-96bf7e7bcf9e','357f7808-fd93-4e5d-a3ea-b854d1418c33','61a828cd-768f-4264-80de-326e594526f8',0,'2023-01-06 10:22:34','2023-01-06 10:22:34','login',NULL),('d21e4ab9-aa04-4d4b-b65e-82bc2ec9b04f','09bc6b33-1498-4791-b3a7-1d27b1b6219e','61a828cd-768f-4264-80de-326e594526f8',0,'2022-12-22 22:33:14','2022-12-22 22:33:15','login',NULL),('dab30f18-26ae-4dca-bc35-98c1c3ea66fc','5d4d9698-32c6-4f47-97a9-7f16fcc11f47','61a828cd-768f-4264-80de-326e594526f8',0,'2023-01-11 08:29:00','2023-01-11 08:29:00','login',NULL),('dc52f0e5-dbb4-4517-a7ed-1d4548a1eef4','41bb2fc5-237c-4fd6-8c51-dea9885d296a','61a828cd-768f-4264-80de-326e594526f8',0,'2023-01-06 10:22:36','2023-01-06 10:22:36','login',NULL),('df18d635-7c46-4569-a73f-42a2bc134cca','6d527287-bd4c-4f8d-aa40-120f6dc7242d','61a828cd-768f-4264-80de-326e594526f8',0,'2022-12-22 22:32:42','2022-12-22 22:32:42','login',NULL),('e007f429-3142-41b3-804f-a6a37502a42b','b1433ff8-d9e3-4282-958a-c6237343f8fd','61a828cd-768f-4264-80de-326e594526f8',0,'2023-01-11 08:29:01','2023-01-11 08:29:01','login',NULL),('e3ff03b0-138a-4b74-8599-4b39e2467434','29167c87-fd91-46e8-83c7-a90d142c55fe','61a828cd-768f-4264-80de-326e594526f8',0,'2023-01-11 08:28:54','2023-01-11 08:28:54','login',NULL),('e98ad188-5f46-4794-8657-851912533402','db19184d-a712-47ae-9af6-fcb93e812f5c','61a828cd-768f-4264-80de-326e594526f8',0,'2023-01-11 08:28:59','2023-01-11 08:29:00','login',NULL),('ebc4eae1-b39e-4482-966b-a5060709af84','2a13489d-11ff-4b42-aacb-6f24458fbf3c','61a828cd-768f-4264-80de-326e594526f8',0,'2022-12-22 22:33:11','2022-12-22 22:33:11','login',NULL),('efb13c2d-00f8-4bdd-b707-aaba179df68f','155636ac-282f-4fdf-939d-858d1055fd59','61a828cd-768f-4264-80de-326e594526f8',0,'2022-12-22 22:33:22','2022-12-22 22:33:22','login',NULL),('f4128316-71e9-4349-af4d-176445283c0c','ea7c80a2-28e7-4ecf-a7e0-339a18b43db8','61a828cd-768f-4264-80de-326e594526f8',0,'2023-01-11 08:28:59','2023-01-11 08:28:59','login',NULL),('f63311d3-dac1-496d-8b53-6f6a33ac3a60','f97ff201-43cc-4807-9f1d-356a4e68d724','61a828cd-768f-4264-80de-326e594526f8',0,'2022-12-22 22:32:50','2022-12-22 22:32:50','login',NULL),('f6e20af7-4e34-4f17-9a13-2b8befb6bfaa','2ab7ae66-d350-4f79-b767-dc1bfb55532a','61a828cd-768f-4264-80de-326e594526f8',0,'2022-12-22 22:32:38','2022-12-22 22:32:38','login',NULL),('f863c2e6-0a62-47fa-8824-ccec76fcb7ef','996ed95c-5c1c-4c50-af16-912c56549d01','61a828cd-768f-4264-80de-326e594526f8',0,'2023-01-11 08:29:01','2023-01-11 08:29:01','login',NULL);
/*!40000 ALTER TABLE `authentication_tokens` ENABLE KEYS */;
UNLOCK TABLES;

--
-- Table structure for table `avatars`
--

DROP TABLE IF EXISTS `avatars`;
/*!40101 SET @saved_cs_client     = @@character_set_client */;
/*!40101 SET character_set_client = utf8 */;
CREATE TABLE `avatars` (
  `id` char(36) CHARACTER SET ascii COLLATE ascii_general_ci NOT NULL,
  `data` blob DEFAULT NULL,
  `profile_id` char(36) CHARACTER SET ascii COLLATE ascii_general_ci NOT NULL,
  `created` datetime NOT NULL,
  `modified` datetime NOT NULL,
  PRIMARY KEY (`id`),
  KEY `profile_id` (`profile_id`)
) ENGINE=InnoDB DEFAULT CHARSET=utf8mb4 COLLATE=utf8mb4_unicode_ci;
/*!40101 SET character_set_client = @saved_cs_client */;

--
-- Dumping data for table `avatars`
--

LOCK TABLES `avatars` WRITE;
/*!40000 ALTER TABLE `avatars` DISABLE KEYS */;
/*!40000 ALTER TABLE `avatars` ENABLE KEYS */;
UNLOCK TABLES;

--
-- Table structure for table `comments`
--

DROP TABLE IF EXISTS `comments`;
/*!40101 SET @saved_cs_client     = @@character_set_client */;
/*!40101 SET character_set_client = utf8 */;
CREATE TABLE `comments` (
  `id` char(36) CHARACTER SET ascii COLLATE ascii_general_ci NOT NULL,
  `parent_id` char(36) CHARACTER SET ascii COLLATE ascii_general_ci DEFAULT NULL,
  `foreign_key` char(36) CHARACTER SET ascii COLLATE ascii_general_ci NOT NULL,
  `foreign_model` varchar(36) CHARACTER SET ascii COLLATE ascii_general_ci NOT NULL,
  `content` varchar(256) NOT NULL,
  `created` datetime NOT NULL,
  `modified` datetime NOT NULL,
  `created_by` char(36) CHARACTER SET ascii COLLATE ascii_general_ci NOT NULL,
  `modified_by` char(36) CHARACTER SET ascii COLLATE ascii_general_ci NOT NULL,
  `user_id` char(36) CHARACTER SET ascii COLLATE ascii_general_ci NOT NULL,
  PRIMARY KEY (`id`)
) ENGINE=InnoDB DEFAULT CHARSET=utf8mb4 COLLATE=utf8mb4_unicode_ci;
/*!40101 SET character_set_client = @saved_cs_client */;

--
-- Dumping data for table `comments`
--

LOCK TABLES `comments` WRITE;
/*!40000 ALTER TABLE `comments` DISABLE KEYS */;
/*!40000 ALTER TABLE `comments` ENABLE KEYS */;
UNLOCK TABLES;

--
-- Table structure for table `email_queue`
--

DROP TABLE IF EXISTS `email_queue`;
/*!40101 SET @saved_cs_client     = @@character_set_client */;
/*!40101 SET character_set_client = utf8 */;
CREATE TABLE `email_queue` (
  `id` int(11) NOT NULL AUTO_INCREMENT,
  `email` varchar(129) NOT NULL,
  `from_name` varchar(255) DEFAULT NULL,
  `from_email` varchar(255) DEFAULT NULL,
  `subject` varchar(255) NOT NULL,
  `config` varchar(30) NOT NULL,
  `template` varchar(100) NOT NULL,
  `layout` varchar(50) NOT NULL,
  `theme` varchar(50) NOT NULL,
  `format` varchar(5) NOT NULL,
  `template_vars` longtext NOT NULL,
  `headers` text DEFAULT NULL,
  `sent` tinyint(1) NOT NULL DEFAULT 0,
  `locked` tinyint(1) NOT NULL DEFAULT 0,
  `send_tries` int(2) NOT NULL DEFAULT 0,
  `send_at` datetime DEFAULT NULL,
  `created` datetime NOT NULL,
  `modified` datetime DEFAULT NULL,
  `attachments` text DEFAULT NULL,
  `error` text DEFAULT NULL,
  PRIMARY KEY (`id`)
) ENGINE=InnoDB AUTO_INCREMENT=3 DEFAULT CHARSET=utf8mb4 COLLATE=utf8mb4_unicode_ci;
/*!40101 SET character_set_client = @saved_cs_client */;

--
-- Dumping data for table `email_queue`
--

LOCK TABLES `email_queue` WRITE;
/*!40000 ALTER TABLE `email_queue` DISABLE KEYS */;
INSERT INTO `email_queue` VALUES (1,'user.example@mydomain.local',NULL,NULL,'Welcome to passbolt, User!','default','AN/user_register_self','default','','html','{\"body\":{\"user\":{\"id\":\"61a828cd-768f-4264-80de-326e594526f8\",\"role_id\":\"b663cbac-19b1-4142-bf60-9910a8c4ca1f\",\"username\":\"user.example@mydomain.local\",\"active\":false,\"deleted\":false,\"created\":\"2022-12-22T22:16:44+00:00\",\"modified\":\"2022-12-22T22:16:44+00:00\",\"role\":{\"id\":\"b663cbac-19b1-4142-bf60-9910a8c4ca1f\",\"name\":\"admin\",\"description\":\"Organization administrator\",\"created\":\"2012-07-04T13:39:25+00:00\",\"modified\":\"2012-07-04T13:39:25+00:00\"},\"profile\":{\"id\":\"eab9e59e-4f01-4c59-94ef-c1236f7b42f0\",\"user_id\":\"61a828cd-768f-4264-80de-326e594526f8\",\"first_name\":\"User\",\"last_name\":\"Example\",\"created\":\"2022-12-22T22:16:44+00:00\",\"modified\":\"2022-12-22T22:16:44+00:00\",\"avatar\":{\"url\":{\"medium\":\"http:\\/\\/localhost:8088\\/img\\/avatar\\/user_medium.png\",\"small\":\"http:\\/\\/localhost:8088\\/img\\/avatar\\/user.png\"}}},\"locale\":\"en-UK\",\"last_logged_in\":null},\"token\":{\"user_id\":\"61a828cd-768f-4264-80de-326e594526f8\",\"token\":\"e72caff7-25d8-44f6-bdf0-4c70117bf581\",\"active\":true,\"type\":\"register\",\"data\":null,\"created\":\"2022-12-22T22:16:44+00:00\",\"modified\":\"2022-12-22T22:16:44+00:00\",\"id\":\"3ffd2d84-d418-497f-a5d7-24ab043c66c1\"},\"fullBaseUrl\":\"http:\\/\\/localhost:8088\"},\"title\":\"Welcome to passbolt, User!\",\"locale\":\"en-UK\"}','{\"Auto-Submitted\":\"auto-generated\"}',0,0,4,'2022-12-22 22:16:44','2022-12-22 22:16:44','2022-12-22 22:16:44','[]','stream_socket_client(): unable to connect to tcp://localhost:25 (Cannot assign requested address)'),(2,'user.example@mydomain.local',NULL,NULL,'User just activated their account on passbolt','default','LU/user_setup_complete','default','','html','{\"title\":\"User just activated their account on passbolt\",\"body\":{\"user\":{\"id\":\"61a828cd-768f-4264-80de-326e594526f8\",\"role_id\":\"b663cbac-19b1-4142-bf60-9910a8c4ca1f\",\"username\":\"user.example@mydomain.local\",\"active\":true,\"deleted\":false,\"created\":\"2022-12-22T22:16:44+00:00\",\"modified\":\"2022-12-22T22:17:54+00:00\",\"profile\":{\"id\":\"eab9e59e-4f01-4c59-94ef-c1236f7b42f0\",\"user_id\":\"61a828cd-768f-4264-80de-326e594526f8\",\"first_name\":\"User\",\"last_name\":\"Example\",\"created\":\"2022-12-22T22:16:44+00:00\",\"modified\":\"2022-12-22T22:16:44+00:00\"},\"role\":{\"id\":\"b663cbac-19b1-4142-bf60-9910a8c4ca1f\",\"name\":\"admin\",\"description\":\"Organization administrator\",\"created\":\"2012-07-04T13:39:25+00:00\",\"modified\":\"2012-07-04T13:39:25+00:00\"},\"locale\":\"en-UK\",\"authentication_tokens\":[{\"id\":\"3ffd2d84-d418-497f-a5d7-24ab043c66c1\",\"token\":\"e72caff7-25d8-44f6-bdf0-4c70117bf581\",\"user_id\":\"61a828cd-768f-4264-80de-326e594526f8\",\"active\":false,\"created\":\"2022-12-22T22:16:44+00:00\",\"modified\":\"2022-12-22T22:17:54+00:00\",\"type\":\"register\",\"data\":null}],\"gpgkey\":{\"user_id\":\"61a828cd-768f-4264-80de-326e594526f8\",\"fingerprint\":\"0655D28D675108A539BDAE4FC11C1C706A83ACB6\",\"bits\":3072,\"type\":\"RSA\",\"key_id\":\"C11C1C706A83ACB6\",\"uid\":\"User Example <user.example@mydomain.local>\",\"armored_key\":\"-----BEGIN PGP PUBLIC KEY BLOCK-----\\n\\nxsDNBGOk118BDACpb7iRZP8WcZsUxUKVLmYWnx1yLtm47R1xhMkWqUL7FL2+\\n\\/\\/v0vyFlCzzALWffH1ki3ss8KlIKqysXjS2dhyz5XkLBoh3mYO9ejubbuVDr\\n\\/bP4C+x67yzMz95w90gAz3cQqMeE0Ewx7gOKjbc6OQVkPIlJt2jPoVrD+z1F\\nXrfqccmztyU3wdrtzyn\\/YukzQJY9K+brloDh3S+j8p1S0Xn8Qu+yHtl+xSGM\\np+96hjurO5xjE19rDlVTa4ZsIq8nvV4E4cAgQxV+BDA1MvSsJJEnRSfqtqL9\\nQGdhM0mX65EFTJcSN+XZjB75\\/mH3b4bE0GiDDr4STVNFQ8J5irSHeljoc3lw\\nLo\\/lTGt3pMisTjFJFRUQHqTLWqDuJ++yAWENxCa\\/wZI5gZVIQpt8r801KwuI\\ncYH1ApNm5iHz2PAMMdNAHwpRJ3rFzoPwZBzvpZN4PcdX0keWy9\\/mYBFP4+fu\\n0kiuA58wI8770s1dlRmydfiP7cnItKR2jnl6gOuM5Aj+3DcAEQEAAc0qVXNl\\nciBFeGFtcGxlIDx1c2VyLmV4YW1wbGVAbXlkb21haW4ubG9jYWw+wsEKBBAB\\nCAAdBQJjpNdfBAsJBwgDFQgKBBYAAgECGQECGwMCHgEAIQkQwRwccGqDrLYW\\nIQQGVdKNZ1EIpTm9rk\\/BHBxwaoOstseMC\\/9gBU0\\/u9hrCWlMIM+Ya8kWirOM\\nrgUlp\\/33mTHecAjhwE\\/QNeLhqrDlpkALEhcj9KBTNF7FgAECE0BTQ6Wg3TkZ\\nl8wxAyHjJ9GisRQaNoS6mcatcyxyAzPnoA3L1\\/PVB0oHszAl0Z6BS6kF28U7\\nL9w3jE5UPlHan4ovCbAqix97Uh6x++SmoB3GOc+tl1lOsPb4xTtaYYOAbmiL\\nCFnftkoJ64GnayBfhd2FKnGiZwAFJxzY2uwGsellge9A2C0ECrAyC0Yk0brs\\nipEM3S5ntFCmyrg8RV4y6\\/WK0SLQfPwL66Jm1FM5zNYoxOAhbsUbg0HmIvHA\\nXPo3G6M6MqIhFZwdMQl2zYuLBhG\\/NhziXdled7oNGqk2jgIbXgI8qojDJQcf\\nDnfobsbdnkEi+v8uD167pLpL7x0P7Bbbwwu68hT9eE6oJ+P63m0UOKZg60nw\\noccdVNvwNBMHx2Y3Ps4R+VOBjfJPb250jAJ6W9I90WXuvu0tr17A56xJ5GcH\\nBeDs4EfOwM0EY6TXXwEMALcoLXS9CmzlsmViDQCMRf+VqvXwJeiAOQh48y2w\\nRbPdnvxHKjsBNsuJjAEH2yKMVrJ4\\/2DWPFNym0kmq2EKiyo03CnwLP03rrmM\\n4opWJ2wPEYVk38PZZBXQE0NEa2js1gkZvzrPv8d7yhU1X5+oV1IAyUyOuPnj\\n4a+vMFjM+VpkOPnQOxgiIc86kqGg2rvzZbnM+ew5EXKnlEn6MlwPi6FVVrd1\\ntwfWeZ2KC5itsabn1k9fYtayh7+r0O3ELAJPdW7TW+EGLjHwd0QNS5r6\\/QiA\\nctCqlg\\/xmLnp8NE9tu3+l32sPXwN4ecc1SyPIZOC3CT9LZHYSavaz7ihn26G\\n2ngX8etp\\/g7xUFBKnM7KuYhQp7pCympIbbiBIc6hYKsFzdqoIAQsUMNsV9Fk\\n7nbJEDSt+2hRF+t1sNxOhkwPH5LWhruo1D+lyLWCdI\\/Qm5xu5DHvxPdtWEHT\\nJ6iYhDvfZDxs2jaofbGr0tSoUKYhOTm1pv3lxI+TCBgjotOz3xKHBQARAQAB\\nwsD2BBgBCAAJBQJjpNdfAhsMACEJEMEcHHBqg6y2FiEEBlXSjWdRCKU5va5P\\nwRwccGqDrLbZewwAk0drqvk+Ueh\\/3bapz42DBf11Dez+fUQSciUTveLL6vng\\nDClOkwtD8YOl1YWlycOmwgv+Uu4cVtzVHZIPJ2hvalZ6TuD4SnJxdKk74Awn\\nVrNXZpV31tl0OpRLreISd2\\/9I18hH06SZnRn\\/ViNoOiLIX5hLkWM32LTkE2X\\nGjLcpnI4O2SR4B7l7ewVF5Lwo+ZIzyyadWSiJ3qm+lHUQX2p3MaiMpEsnfym\\nxBZon7GiyD+AxPgzG3m05V5QFJanXglEoTeE5XILqjFFOGsFwBMS765ffSIH\\n6YLFh7cxv07s4d6Dhx3QovvhxSPGTsDAnqIYOWQx5uvHkJRNWYKeqpp78QEl\\n8XCTOBMmOZduLFiUJ+9ZFKeErLurlkoyrymnL+xSaBuTa\\/V03D92Agr\\/QisY\\nN+4o1Mb+0wMQeiONBqFRGNi4tEvXYMKM0\\/LF4U68aDkVVS2IhsyXBbUvHYeS\\nbmxi1mixsT7ry3UDZkqvnr0I0CDsIt33L\\/LbJ15pxKJJgBgf\\n=JBzQ\\n-----END PGP PUBLIC KEY BLOCK-----\\n\",\"deleted\":false,\"key_created\":\"2022-12-22T22:17:03+00:00\",\"expires\":null,\"created\":\"2022-12-22T22:17:54+00:00\",\"modified\":\"2022-12-22T22:17:54+00:00\",\"id\":\"d46e4f0c-6843-4bdd-bb92-bd0118aca677\"},\"entities_history\":[],\"last_logged_in\":null},\"admin\":{\"id\":\"61a828cd-768f-4264-80de-326e594526f8\",\"role_id\":\"b663cbac-19b1-4142-bf60-9910a8c4ca1f\",\"username\":\"user.example@mydomain.local\",\"active\":true,\"deleted\":false,\"created\":\"2022-12-22T22:16:44+00:00\",\"modified\":\"2022-12-22T22:17:54+00:00\",\"locale\":\"en-UK\",\"role\":{\"id\":\"b663cbac-19b1-4142-bf60-9910a8c4ca1f\",\"name\":\"admin\",\"description\":\"Organization administrator\",\"created\":\"2012-07-04T13:39:25+00:00\",\"modified\":\"2012-07-04T13:39:25+00:00\"},\"last_logged_in\":null},\"invitedBy\":{\"id\":\"61a828cd-768f-4264-80de-326e594526f8\",\"role_id\":\"b663cbac-19b1-4142-bf60-9910a8c4ca1f\",\"username\":\"user.example@mydomain.local\",\"active\":true,\"deleted\":false,\"created\":\"2022-12-22T22:16:44+00:00\",\"modified\":\"2022-12-22T22:17:54+00:00\",\"profile\":{\"id\":\"eab9e59e-4f01-4c59-94ef-c1236f7b42f0\",\"user_id\":\"61a828cd-768f-4264-80de-326e594526f8\",\"first_name\":\"User\",\"last_name\":\"Example\",\"created\":\"2022-12-22T22:16:44+00:00\",\"modified\":\"2022-12-22T22:16:44+00:00\"},\"role\":{\"id\":\"b663cbac-19b1-4142-bf60-9910a8c4ca1f\",\"name\":\"admin\",\"description\":\"Organization administrator\",\"created\":\"2012-07-04T13:39:25+00:00\",\"modified\":\"2012-07-04T13:39:25+00:00\"},\"locale\":\"en-UK\",\"authentication_tokens\":[{\"id\":\"3ffd2d84-d418-497f-a5d7-24ab043c66c1\",\"token\":\"e72caff7-25d8-44f6-bdf0-4c70117bf581\",\"user_id\":\"61a828cd-768f-4264-80de-326e594526f8\",\"active\":false,\"created\":\"2022-12-22T22:16:44+00:00\",\"modified\":\"2022-12-22T22:17:54+00:00\",\"type\":\"register\",\"data\":null}],\"gpgkey\":{\"user_id\":\"61a828cd-768f-4264-80de-326e594526f8\",\"fingerprint\":\"0655D28D675108A539BDAE4FC11C1C706A83ACB6\",\"bits\":3072,\"type\":\"RSA\",\"key_id\":\"C11C1C706A83ACB6\",\"uid\":\"User Example <user.example@mydomain.local>\",\"armored_key\":\"-----BEGIN PGP PUBLIC KEY BLOCK-----\\n\\nxsDNBGOk118BDACpb7iRZP8WcZsUxUKVLmYWnx1yLtm47R1xhMkWqUL7FL2+\\n\\/\\/v0vyFlCzzALWffH1ki3ss8KlIKqysXjS2dhyz5XkLBoh3mYO9ejubbuVDr\\n\\/bP4C+x67yzMz95w90gAz3cQqMeE0Ewx7gOKjbc6OQVkPIlJt2jPoVrD+z1F\\nXrfqccmztyU3wdrtzyn\\/YukzQJY9K+brloDh3S+j8p1S0Xn8Qu+yHtl+xSGM\\np+96hjurO5xjE19rDlVTa4ZsIq8nvV4E4cAgQxV+BDA1MvSsJJEnRSfqtqL9\\nQGdhM0mX65EFTJcSN+XZjB75\\/mH3b4bE0GiDDr4STVNFQ8J5irSHeljoc3lw\\nLo\\/lTGt3pMisTjFJFRUQHqTLWqDuJ++yAWENxCa\\/wZI5gZVIQpt8r801KwuI\\ncYH1ApNm5iHz2PAMMdNAHwpRJ3rFzoPwZBzvpZN4PcdX0keWy9\\/mYBFP4+fu\\n0kiuA58wI8770s1dlRmydfiP7cnItKR2jnl6gOuM5Aj+3DcAEQEAAc0qVXNl\\nciBFeGFtcGxlIDx1c2VyLmV4YW1wbGVAbXlkb21haW4ubG9jYWw+wsEKBBAB\\nCAAdBQJjpNdfBAsJBwgDFQgKBBYAAgECGQECGwMCHgEAIQkQwRwccGqDrLYW\\nIQQGVdKNZ1EIpTm9rk\\/BHBxwaoOstseMC\\/9gBU0\\/u9hrCWlMIM+Ya8kWirOM\\nrgUlp\\/33mTHecAjhwE\\/QNeLhqrDlpkALEhcj9KBTNF7FgAECE0BTQ6Wg3TkZ\\nl8wxAyHjJ9GisRQaNoS6mcatcyxyAzPnoA3L1\\/PVB0oHszAl0Z6BS6kF28U7\\nL9w3jE5UPlHan4ovCbAqix97Uh6x++SmoB3GOc+tl1lOsPb4xTtaYYOAbmiL\\nCFnftkoJ64GnayBfhd2FKnGiZwAFJxzY2uwGsellge9A2C0ECrAyC0Yk0brs\\nipEM3S5ntFCmyrg8RV4y6\\/WK0SLQfPwL66Jm1FM5zNYoxOAhbsUbg0HmIvHA\\nXPo3G6M6MqIhFZwdMQl2zYuLBhG\\/NhziXdled7oNGqk2jgIbXgI8qojDJQcf\\nDnfobsbdnkEi+v8uD167pLpL7x0P7Bbbwwu68hT9eE6oJ+P63m0UOKZg60nw\\noccdVNvwNBMHx2Y3Ps4R+VOBjfJPb250jAJ6W9I90WXuvu0tr17A56xJ5GcH\\nBeDs4EfOwM0EY6TXXwEMALcoLXS9CmzlsmViDQCMRf+VqvXwJeiAOQh48y2w\\nRbPdnvxHKjsBNsuJjAEH2yKMVrJ4\\/2DWPFNym0kmq2EKiyo03CnwLP03rrmM\\n4opWJ2wPEYVk38PZZBXQE0NEa2js1gkZvzrPv8d7yhU1X5+oV1IAyUyOuPnj\\n4a+vMFjM+VpkOPnQOxgiIc86kqGg2rvzZbnM+ew5EXKnlEn6MlwPi6FVVrd1\\ntwfWeZ2KC5itsabn1k9fYtayh7+r0O3ELAJPdW7TW+EGLjHwd0QNS5r6\\/QiA\\nctCqlg\\/xmLnp8NE9tu3+l32sPXwN4ecc1SyPIZOC3CT9LZHYSavaz7ihn26G\\n2ngX8etp\\/g7xUFBKnM7KuYhQp7pCympIbbiBIc6hYKsFzdqoIAQsUMNsV9Fk\\n7nbJEDSt+2hRF+t1sNxOhkwPH5LWhruo1D+lyLWCdI\\/Qm5xu5DHvxPdtWEHT\\nJ6iYhDvfZDxs2jaofbGr0tSoUKYhOTm1pv3lxI+TCBgjotOz3xKHBQARAQAB\\nwsD2BBgBCAAJBQJjpNdfAhsMACEJEMEcHHBqg6y2FiEEBlXSjWdRCKU5va5P\\nwRwccGqDrLbZewwAk0drqvk+Ueh\\/3bapz42DBf11Dez+fUQSciUTveLL6vng\\nDClOkwtD8YOl1YWlycOmwgv+Uu4cVtzVHZIPJ2hvalZ6TuD4SnJxdKk74Awn\\nVrNXZpV31tl0OpRLreISd2\\/9I18hH06SZnRn\\/ViNoOiLIX5hLkWM32LTkE2X\\nGjLcpnI4O2SR4B7l7ewVF5Lwo+ZIzyyadWSiJ3qm+lHUQX2p3MaiMpEsnfym\\nxBZon7GiyD+AxPgzG3m05V5QFJanXglEoTeE5XILqjFFOGsFwBMS765ffSIH\\n6YLFh7cxv07s4d6Dhx3QovvhxSPGTsDAnqIYOWQx5uvHkJRNWYKeqpp78QEl\\n8XCTOBMmOZduLFiUJ+9ZFKeErLurlkoyrymnL+xSaBuTa\\/V03D92Agr\\/QisY\\nN+4o1Mb+0wMQeiONBqFRGNi4tEvXYMKM0\\/LF4U68aDkVVS2IhsyXBbUvHYeS\\nbmxi1mixsT7ry3UDZkqvnr0I0CDsIt33L\\/LbJ15pxKJJgBgf\\n=JBzQ\\n-----END PGP PUBLIC KEY BLOCK-----\\n\",\"deleted\":false,\"key_created\":\"2022-12-22T22:17:03+00:00\",\"expires\":null,\"created\":\"2022-12-22T22:17:54+00:00\",\"modified\":\"2022-12-22T22:17:54+00:00\",\"id\":\"d46e4f0c-6843-4bdd-bb92-bd0118aca677\"},\"entities_history\":[],\"last_logged_in\":null},\"invitedWhen\":\"just now\",\"invitedByYou\":true,\"fullBaseUrl\":\"http:\\/\\/localhost:8088\"},\"locale\":\"en-UK\"}','{\"Auto-Submitted\":\"auto-generated\"}',0,0,4,'2022-12-22 22:17:54','2022-12-22 22:17:54','2022-12-22 22:17:54','[]','stream_socket_client(): unable to connect to tcp://localhost:25 (Cannot assign requested address)');
/*!40000 ALTER TABLE `email_queue` ENABLE KEYS */;
UNLOCK TABLES;

--
-- Table structure for table `entities_history`
--

DROP TABLE IF EXISTS `entities_history`;
/*!40101 SET @saved_cs_client     = @@character_set_client */;
/*!40101 SET character_set_client = utf8 */;
CREATE TABLE `entities_history` (
  `id` char(36) CHARACTER SET ascii COLLATE ascii_general_ci NOT NULL,
  `action_log_id` char(36) CHARACTER SET ascii COLLATE ascii_general_ci NOT NULL,
  `foreign_model` varchar(36) CHARACTER SET ascii COLLATE ascii_general_ci NOT NULL,
  `foreign_key` char(36) CHARACTER SET ascii COLLATE ascii_general_ci NOT NULL,
  `crud` char(1) CHARACTER SET ascii COLLATE ascii_general_ci NOT NULL,
  `created` datetime NOT NULL,
  PRIMARY KEY (`id`),
  KEY `id` (`id`),
  KEY `action_log_id` (`action_log_id`,`foreign_model`,`foreign_key`,`crud`),
  KEY `foreign_key` (`foreign_key`)
) ENGINE=InnoDB DEFAULT CHARSET=utf8mb4 COLLATE=utf8mb4_unicode_ci;
/*!40101 SET character_set_client = @saved_cs_client */;

--
-- Dumping data for table `entities_history`
--

LOCK TABLES `entities_history` WRITE;
/*!40000 ALTER TABLE `entities_history` DISABLE KEYS */;
INSERT INTO `entities_history` VALUES ('00650ef4-6f03-4d21-872c-eb514df83e8f','07345bd9-487a-4997-9868-86f31610c873','SecretAccesses','df991dcc-fc4b-4e7d-b18d-f6da713a3d29','c','2022-12-22 22:32:40'),('00bc26ad-28a2-42a8-a55f-0ac21676c946','5e1bd19a-0099-48a8-9710-4ae71bc9f7ca','SecretAccesses','11e4b1ff-dd4b-4e22-a6ce-1634209233e2','c','2022-12-22 22:33:18'),('011eefaf-20de-4d91-85e1-bc8d0e4ecdd1','175f7cf1-fdbf-4813-8513-a5b84cebd427','SecretAccesses','9ae0e295-53e8-4440-9ded-12064cb9518b','c','2022-12-22 22:32:36'),('025f4f80-c8d1-454e-a318-f0d874a5892f','eeb6a44d-297b-416e-854d-1e5797da1a53','SecretAccesses','822169fe-f3a0-42e9-9b75-3309f9ac42eb','c','2022-12-22 22:33:12'),('037eb2b2-876c-4056-b5e6-d9ce836060e2','1a427dd5-1c55-475b-ba0f-0874cdf240ae','SecretAccesses','42c5383c-9903-437d-8ff5-1515dcf93d01','c','2022-12-22 22:28:08'),('0395c6e2-23d2-4910-9ce0-a9cd40a04772','9f3e35f8-ec87-4084-867a-6621fc9d4f4b','SecretAccesses','0bc1a206-a45d-44a2-a965-5283f5185a3b','c','2022-12-22 22:32:53'),('03cca74d-5baa-4491-853d-a987427237a8','80d6af25-d299-4872-99f6-0bf0cd3f847f','SecretAccesses','53f9c453-e103-4020-8102-562e53bd9c76','c','2022-12-22 22:33:03'),('04f40e16-0879-48e4-8c7a-4a36183256bc','ea5bd5ca-7a40-4991-bce2-9ed733d54c12','SecretAccesses','db631d19-cc0b-4b7d-aabb-a1777f110363','c','2022-12-22 22:33:02'),('05c992b3-7c6b-4623-bf77-427939b90a70','e451df75-3d29-4284-b6e3-506e7c43b17a','SecretAccesses','33a933de-8e46-4501-8b0e-a940d6a7fa69','c','2022-12-22 22:32:33'),('05ff6393-dab3-4c3d-9581-120c6ae32bc8','10f9c52b-16f4-4169-9f50-6977a81531f3','SecretAccesses','0002904f-aa27-4754-b76a-330c96b20bb3','c','2022-12-22 22:33:23'),('076386b5-f3d9-4ca0-befa-8d2b7c68921e','765b58c3-4926-41df-9918-692d8a20a2a2','SecretAccesses','f69d9c15-f763-4f1a-b84d-8bc206dcd886','c','2022-12-22 22:32:50'),('0848cfb5-01ff-4bcd-9203-ea8a98a10a94','c7892c42-6e62-4b7d-90f9-0b1c582877c3','SecretAccesses','ce57d2c6-ad22-4dc0-81b2-4febd69cb2d7','c','2022-12-22 22:33:05'),('0924682c-2b98-4048-b7df-a8a00580670c','a8b1f93c-412a-4e77-9838-c36b21f347d9','SecretAccesses','b66b125f-99eb-4f36-b29b-db1cd8d07cd7','c','2022-12-22 22:33:23'),('099acd43-52d7-4109-ab68-e62d5ef72f29','8537b100-c238-4be2-aa0c-982ea2ef2bae','SecretAccesses','5156e21e-67da-42e1-b1bf-997e8c0925ee','c','2022-12-22 22:33:01'),('09e76e6f-ddfa-4a6e-8f93-04a71523dca5','8cf4c9b8-ccb9-4c0b-943e-ebd00cf307fb','SecretAccesses','2057c502-f311-4319-8c3c-6983b893e97f','c','2022-12-22 22:28:14'),('0a39806e-7e52-4356-ac16-f8bcd02a4a47','475b9154-7789-43f1-ad3a-e4ee77e6d54e','SecretAccesses','e8e58de7-4e88-456f-8b6b-026a5c11e732','c','2022-12-22 22:32:46'),('0b1a2512-fcd6-42db-98de-e9b952ac3b4d','cc3b867f-34f7-4dea-979d-cca83db7a92b','SecretAccesses','71aedd43-f0f7-4d79-8e1e-9e43ff24b10f','c','2022-12-22 22:32:41'),('0bd4d817-766a-4b91-8bc7-2128ab814dbe','e73096df-8739-49c4-9057-e86ba63a9a5e','SecretAccesses','cd7f0628-1148-4df0-bbb1-568304852726','c','2022-12-22 22:33:17'),('0be12233-659a-4734-a02c-9c986d4d792a','05893b87-5767-4b3b-bcb1-060e8159d364','SecretAccesses','42d53379-27ce-4544-b231-6095c3a80dac','c','2022-12-22 22:32:55'),('0c8a687e-b020-4a86-a825-e69431427b47','9ec95d17-6ee7-4f82-9344-e0ef67853344','SecretAccesses','848a3eac-43d1-44a7-83a3-998249386871','c','2022-12-22 22:32:34'),('0de76068-4974-4179-961e-59041c8b24e6','5e364ebb-6226-43b0-b474-95199cec59c7','SecretAccesses','58059c63-59db-4141-9b40-66279d12a79b','c','2022-12-22 22:33:07'),('0f1570ce-c463-4ee9-9371-aef811836592','f4040bc5-9f7c-4664-b87e-5be49293c873','SecretAccesses','8664848c-1070-4bf0-9723-25f99738daca','c','2022-12-22 22:32:48'),('13cf2dc0-67ed-48ef-8d68-1d9bba28fee3','1ce15e05-c540-41e0-9267-9f94ebcfc18e','SecretAccesses','57273db7-6be3-4c1d-ba46-c545d6ceca3f','c','2023-01-06 10:22:35'),('14d69136-aba7-4bef-ae73-2ae66f716361','d4fd1f2e-f49a-414b-824f-9740bf4aac6a','SecretAccesses','17bcb244-7b8f-4b30-becd-e893d4991a0d','c','2022-12-22 22:33:30'),('14fd4698-e1ff-42a1-86c7-919c6b4dbdde','bb86b7e0-af9d-4974-bbc4-a2e1958f2903','SecretAccesses','7923bb58-895b-4a86-b7c7-458b772f563c','c','2022-12-22 22:33:11'),('164c1664-a040-452a-a9e4-efaaa3d9091e','c544c100-09fd-4e31-b45f-d0194339310f','SecretAccesses','9cf430cb-e3fa-481c-b369-37824945d09f','c','2022-12-22 22:33:05'),('166b2094-ad20-4091-a932-9811bc17933c','369594e8-0c80-4faf-99e4-359977fbf6ae','SecretAccesses','a368c86c-d5bd-4e8c-b6e1-561499848b9f','c','2022-12-22 22:33:18'),('1a7b92bf-e7e0-476e-84d3-d36ba6ce42f3','bedc0166-2da7-4fb7-9033-651f8ffa0135','SecretAccesses','ad0e9f29-8539-4e72-ac93-80c75e278da9','c','2022-12-22 22:33:31'),('1b8c8c32-48b0-4c38-a5ff-d5fcd3c58cb0','d57e2db5-30e6-4a69-875c-2a755dcbccd5','SecretAccesses','1997611e-c651-4835-a6bf-886ea20af81d','c','2023-01-11 08:30:10'),('1be085a7-3035-4321-beef-d09dcc0daf7b','32ccff26-e2d5-48a5-b55f-feb5066a87fe','SecretAccesses','ef4e4920-98df-4332-b6b8-907fd1ec151e','c','2022-12-22 22:32:52'),('1cc7874e-6ad5-48cb-90fa-db9c2989febb','ce40eee7-6e2a-40f0-af73-4b06d8435b4e','SecretAccesses','447335a1-7b3f-4261-b876-f45cb6b0b761','c','2023-01-06 10:22:37'),('1d37663f-eca2-46a6-861c-5a1f0552aa50','19241f91-28ea-4084-ace1-9c97ea7c6bbc','SecretAccesses','9bd16a65-31f6-4e5e-b4fa-a17b1d8393c8','c','2022-12-22 22:33:22'),('1d812631-ef3e-49ca-b1a9-70ff501f739b','815648c4-dc8b-4e4f-97b6-57f967146414','SecretAccesses','b0463cab-0243-453d-9e59-3e1acd3e6add','c','2022-12-22 22:32:45'),('1e022cb4-db55-48a3-8c33-811e00eda064','3e39935a-ffa1-4550-9605-91661bacbbd7','SecretAccesses','74c96fec-1a98-47e6-bfc1-c7702bf9a234','c','2022-12-22 22:32:38'),('1ebeed5d-4c49-4453-9155-7b475036cbd7','3f9c167e-3cbb-4c10-900e-2404b2edf0f1','SecretAccesses','df600ff4-5ecd-46b8-bea5-7a8c42607474','c','2022-12-22 22:33:23'),('212cef71-2052-4320-a171-0da20e88e2bb','a6051631-45d2-4b10-8181-6a3ee7bc201a','SecretAccesses','82569567-11df-4ae7-840a-71596f75c656','c','2022-12-22 22:32:56'),('23b4b4c9-b59d-464a-867d-763508bc8985','8a2e957e-5b3a-4ad1-9af1-347640aaecd6','SecretAccesses','f882dba0-25c4-4839-ba6b-fb549685314f','c','2022-12-22 22:32:51'),('24030ee5-2f12-4ba7-a71c-d6283eee524b','a3f1943d-9b78-47c0-8362-cf8594a35e53','SecretAccesses','9611af90-4781-44fb-81e6-ac9f6ecb9ac2','c','2022-12-22 22:33:16'),('265f7816-ccb6-46e0-ad18-f84db17c07d9','6d93c4c9-a35c-499b-b489-08493639ae89','SecretAccesses','2bdb3910-78c3-44b3-a725-ec68063551ca','c','2022-12-22 22:32:55'),('267a574b-ffdf-41fb-b39b-0f512b1e9953','0cd16e5d-2dde-489c-a00a-cdeb071d3024','SecretAccesses','8f60a743-f814-45d6-b364-079f1778e0a4','c','2022-12-22 22:33:20'),('26c9ecf1-5542-404e-bdd3-911dc0981fca','8aa33e7c-5d59-4c51-a25d-4c97896253c9','SecretAccesses','c9078fdf-d8f0-4110-83de-bd962699b1ff','c','2022-12-22 22:32:39'),('273e6f09-ee76-4523-9097-a2d354ca1520','c1dd66e0-9da9-4d0b-beee-a5fe08438972','SecretAccesses','d20e3d4d-cc21-4a4c-a22b-cf8d4984d731','c','2022-12-22 22:33:30'),('27b629a5-a7f2-4745-87b0-af290a7427e3','534795fd-d606-407d-8b9c-1f5a509c3292','SecretAccesses','0d2b29d2-141b-4a47-805d-1c6475b0ddb0','c','2023-01-11 08:30:10'),('27c42708-4242-435f-aa8d-08075532fb5c','c7dca5ed-130f-44df-bd93-8989f518e743','SecretAccesses','3ca5ac38-cee7-4b29-95ec-e0a031ef0199','c','2022-12-22 22:32:47'),('27e59981-91c2-4f34-994d-ca2ea4e96eec','c346f94e-8112-4d01-8d91-d82d3ed6fe05','SecretAccesses','3ca83a5e-9a1c-4d62-b515-44a799d1a684','c','2022-12-22 22:33:24'),('2854db48-bbce-4684-bd98-73b945780d24','886866d5-5497-4784-ae7d-464481c2877e','SecretAccesses','0711a5dd-cba6-43c7-ba57-bfacfc2d64ea','c','2023-01-11 08:30:10'),('2998b6db-224b-41b7-89f8-2291baca0153','f94f4725-0ffd-4930-bb45-18577a6d922e','SecretAccesses','24990f78-f079-41fa-bfbf-ead4c900a12e','c','2022-12-22 22:33:17'),('2a41b057-76c1-4712-b56a-879c42b18dfe','ea224730-9cf9-4153-97c8-48bd05664b4f','SecretAccesses','d33f8bc7-31af-47fa-a12f-0e39eb43e044','c','2022-12-22 22:32:43'),('2b1ddd10-6ec3-4e88-8000-f5307caab09d','b8555480-6c04-4359-8596-d5d3a95312e1','SecretAccesses','428bd623-dc34-4bfe-a68e-bf2ca87d0d15','c','2022-12-22 22:32:52'),('2ceccf3d-f320-4ce2-b1e1-3a6cb76f0a4d','285ae05d-5041-4af6-9565-6bbb492171a7','SecretAccesses','bda15503-5700-4524-8b41-bf34efb05df5','c','2022-12-22 22:32:33'),('2cfd67c0-45f3-4ab7-bebd-dfec03117ab5','a82b7876-a590-4e90-b349-a37dca91aa4e','SecretAccesses','4b5b91f5-299d-443c-8bf9-2a86363f6370','c','2022-12-22 22:33:31'),('2d2930e8-e380-4a11-99da-e38b3f5120b0','bcb18cdf-8c7d-4da6-9cee-5bba4ea3a9e2','SecretAccesses','d3f80226-f791-4f7f-bda4-06e2129b795b','c','2022-12-22 22:32:43'),('2e582265-575f-4d83-9761-78ccb85246de','7f9e977f-4668-4780-b823-d55c11940200','SecretAccesses','431fd159-abc4-4cc3-8d91-f4246175c49d','c','2022-12-22 22:32:43'),('2ed6bb5b-49c0-42d0-ae29-f797b3a5d64d','36f46194-c982-429a-a66a-8f09bd81cd1c','SecretAccesses','ce9017bb-73d5-4ca4-9953-4b14c1f4ffb9','c','2023-01-06 10:22:35'),('2f335814-4e25-47ae-aea3-c94f4baaa54f','4c5f1d62-5266-470c-af9f-1a41f6f67d00','SecretAccesses','0231660f-a40d-4c0f-8fb0-a2fc84f6572c','c','2022-12-22 22:33:22'),('2fe009b8-6fea-48d6-9859-1ef311963fdc','4ea7f797-e41c-4cff-bc16-cd34cdda6ab8','SecretAccesses','bf176b3f-8528-42d1-a195-b07f44c69874','c','2022-12-22 22:32:56'),('35227985-d8dc-4934-b20f-5ff4ba201af9','f8683664-e918-48a8-969a-4bce0b2b1050','SecretAccesses','fe2f16d7-1ccb-4c14-a3ef-1713ef948cc3','c','2022-12-22 22:33:28'),('3597ab9c-2bde-4d32-8bc1-1f53a9b00b74','93155042-c36f-4fef-815b-9b1e240a4a66','SecretAccesses','99bcafc4-d8d5-4af4-820c-4069a6117faf','c','2022-12-22 22:33:01'),('359f12ba-0b53-472e-ab6e-6c8bceceba1e','a80a6eb2-405a-48a6-b30e-f940b893e89a','SecretAccesses','d1ff4141-94a1-4b6d-9120-f92aaae135ca','c','2022-12-22 22:33:13'),('3601bda9-1987-42c2-928a-7a6cf4bbdad8','7ec41829-2ad5-4458-8614-d626171ff5b9','SecretAccesses','0d565884-0d0a-497c-8601-9fed5493f2b4','c','2022-12-22 22:32:46'),('3707c284-b425-4631-83ba-bdebc54eeb0d','cc047770-2acb-4b12-b888-f40789243bcf','SecretAccesses','b1667706-1c92-4a10-af1a-68a8e111c772','c','2022-12-22 22:33:07'),('391c6d95-557a-4a53-9d18-49229a7cdeac','593d3bf6-476c-4751-b13e-8f3613c699bc','SecretAccesses','db47492c-393a-49ba-968e-e4f2325afb65','c','2022-12-22 22:33:27'),('392b63ed-fc66-449a-9811-62a44024f56d','ec50c13f-b5a8-4415-9206-137e7234c217','SecretAccesses','a99d2cc9-74b0-474e-9a4f-cab887dec93a','c','2022-12-22 22:33:15'),('399d4891-36ba-40ff-b33e-0d747763120e','a3d1639f-0ede-4b1d-bf9f-fb76d1fdcb3b','SecretAccesses','2571b334-4ee7-4849-9703-c15118d5f4e0','c','2022-12-22 22:33:29'),('3ae45547-1dd7-4cf4-9a89-a57e40344246','72d0bf81-19ac-4505-9baa-be22a7551392','SecretAccesses','8996f67c-159d-4aa6-8bc8-1e5390dfbc73','c','2022-12-22 22:32:34'),('3b16d533-bf14-494d-a95a-3556d52246fc','ad59d53f-25eb-47ae-86e7-3608de849fee','SecretAccesses','c4c12c91-c0bf-49e6-b892-fc3661089caf','c','2022-12-22 22:32:36'),('3e42adc7-792d-4f64-8594-163c2fb82142','4dc829f7-43d5-45fb-b39f-4d2b40ed9c12','SecretAccesses','d95e386a-d14d-418e-8056-dd436322a250','c','2022-12-22 22:32:33'),('3e5287ce-84e9-4feb-8464-323c55e9c1c7','faacfd4c-839e-450c-9d28-02d43acfa3a3','SecretAccesses','37abb3cb-364a-4da3-98e5-00512a5560e4','c','2023-01-06 10:23:46'),('3f679185-5889-4b96-bb0c-f84a429733d0','4098ed6a-4fa5-4e79-874f-fc161a29347a','SecretAccesses','1a3ab5f8-588f-485b-863f-1602fcee9e57','c','2022-12-22 22:33:05'),('3fc34b46-1d26-424b-b489-bde0c752ce60','746b123b-e968-46cf-9ea8-84b1bed414ec','SecretAccesses','82e79ff2-6631-4767-95cd-96540bb7e2a2','c','2022-12-22 22:33:09'),('40c90256-a4e2-402e-adc0-cb0e896d7dfe','a03e3e10-79cc-4d4c-8d74-356737643f2f','SecretAccesses','ef8a2c67-7888-44e3-9629-4d07ed35a4ae','c','2022-12-22 22:32:48'),('42372e2a-284f-462d-aad1-2111f909881a','77b52061-b458-40c6-b61c-cba35fdbff9c','SecretAccesses','e4e3e783-64a7-497a-991c-428639f6cecb','c','2022-12-22 22:33:00'),('42960550-71a4-4d8f-b9fd-fa59efb99eda','007c23b5-6674-4303-ae83-b20c4f14499e','SecretAccesses','51a3408a-71c1-411a-a632-2bead2296123','c','2023-01-06 10:23:45'),('42a31c11-6b63-44aa-b222-33f44b033eef','e8770911-d742-4ccc-b8e7-0b877cbcccc2','SecretAccesses','cdb921e1-1ac8-468b-8dc6-9f76744ad8e3','c','2023-01-11 08:29:02'),('45b137b5-ebf8-43c0-a8f2-c2318f5c0ced','f1f377de-b7c0-45c8-b954-0b1a65955d3d','SecretAccesses','8e130e94-c86f-4f36-9dbd-552b8976d14f','c','2022-12-22 22:33:08'),('461386b9-6d2a-4fb1-8f5c-b78d6571199e','3bfa4af2-869e-4dfd-8efa-a39be0404090','SecretAccesses','8b9eeb13-c50e-4cc5-b948-7ddddf9c99ac','c','2022-12-22 22:32:57'),('4639a809-3ffb-471a-8b0f-e1d0c7fdf741','0adcca8b-e025-47a4-9f72-1ccdbb332a24','SecretAccesses','265e9344-71da-47b1-a3c9-e20d9734735a','c','2023-01-11 08:29:01'),('46b1b176-15d5-4865-8bf8-61cda43a6329','214388f9-2ac4-4070-83ba-c777f78186a8','SecretAccesses','f40b212d-32bf-4bb6-93a3-8177be7d79bb','c','2022-12-22 22:33:24'),('50171d00-364e-4f4e-832c-de0367c6c379','337e95e2-590c-4401-8151-0a619bc020bd','SecretAccesses','535c4961-800d-4e32-8c41-ebe9c96868f5','c','2022-12-22 22:32:46'),('50477828-1bfe-4472-b248-5492c18c7b1d','4575cec2-acd2-4a9e-a81d-be17c4cfd956','SecretAccesses','5ba6b5ba-c189-401a-aaf3-ae8c0af0b3d1','c','2022-12-22 22:32:51'),('50d26410-45b7-4b25-a185-49756ee74977','338e5d0b-4456-49e7-a26b-9a1ca70c81b8','SecretAccesses','3bfa9d48-8bd5-45e6-921d-94a00ff3ca30','c','2022-12-22 22:33:28'),('52478be1-67fa-4abc-a894-1f6424620917','b7a71fc1-4995-4cde-ad40-6eb221db54c7','SecretAccesses','472cd9d1-3292-4c81-be2a-5ee3fee270fb','c','2022-12-22 22:32:52'),('528cd7c0-7d08-4cf4-ac58-7b8cf4e70c08','0bbc0253-7f9d-40b7-a09a-ca938b15516c','SecretAccesses','87d2e1d7-3bac-45d0-96b6-fe508ea6bdec','c','2022-12-22 22:33:26'),('53e0a819-d9e1-460a-9d53-708210e596a8','fdc7a922-c05f-4f96-b722-f9c485e8cdd9','SecretAccesses','a120972f-a910-41bc-8437-a9e165b993a3','c','2022-12-22 22:33:27'),('54b4b4b6-9416-45ed-bcd8-f14a3191586f','09521849-7fd9-4743-b7c6-c4c58a0bdf4c','SecretAccesses','1d2eadd0-c4d0-4be0-a220-814d1266d6fa','c','2022-12-22 22:33:30'),('5684f719-6b56-4c84-9468-28e834d5fabe','9e2c0e71-259d-4f5d-837a-daad58dcfb1e','SecretAccesses','42f27e31-e788-479d-9c27-12245b302808','c','2022-12-22 22:32:49'),('56adc226-74ff-4ec4-ab86-c010f8705da1','11b48ef5-3c67-4d8f-8dad-3b41da33cf72','SecretAccesses','d0b14e07-b809-4419-855a-05dfacd7a458','c','2022-12-22 22:32:45'),('576e03f2-9c50-4b2b-8869-e6641790fe1c','abc60580-f0a8-4458-a884-f4c7f83a048b','SecretAccesses','c666f904-b879-41d5-92c8-313287f1b7ff','c','2022-12-22 22:32:52'),('57c4c606-f50e-4d8c-b279-8141e00efdd6','bdf39819-b294-4a65-ae49-12efb8c8c16a','SecretAccesses','3101eceb-4e71-481b-9de6-577d9b895cf5','c','2022-12-22 22:32:36'),('5800e1d0-df63-4159-9616-53b2a2688753','81e058ae-2edc-4502-8974-5ffe216f0ff3','SecretAccesses','70fb9a33-8579-4414-8292-f374d013d3bf','c','2022-12-22 22:33:26'),('587d477f-5f6d-4d93-b118-738ebd29cad3','4f9845af-e704-407f-9a16-59e35f3235eb','SecretAccesses','bcb027f3-99da-41b5-9d28-f53ae3e05a2c','c','2022-12-22 22:33:08'),('5ba87365-a327-4e66-b8b0-920218cf3aad','a18bed91-a019-4061-bd5a-af5b41b17f85','SecretAccesses','36cb3eef-792e-4fbb-af58-daeccbd6886d','c','2023-01-11 08:30:10'),('5ce2fff7-1d98-4b06-8aba-30f024c9733e','781c6e15-40fa-40f0-9822-d3ae87a06086','SecretAccesses','cfa9ffe1-f3a4-431a-80b6-0df80c3cbfab','c','2022-12-22 22:32:48'),('5d4b435d-0893-4249-9b35-1803d96cc7f5','78f66ad6-a921-4b63-9e32-b6f2b3f121d3','SecretAccesses','4983e97d-05b3-49b7-852e-2bc98ea2d5b8','c','2022-12-22 22:32:41'),('5d63645c-180e-4bbf-be15-fb89ba9b18d7','82821e4f-54f5-4a6b-9096-19e303ac4170','SecretAccesses','3d84f717-b272-4373-bb0f-d2c73885f6c9','c','2022-12-22 22:32:35'),('5e46917d-1171-43d0-b651-37b633368daf','a345f5a9-6a85-4999-b984-1057b4346411','SecretAccesses','b89841d1-42ce-4e01-b0ac-50d616dc433b','c','2022-12-22 22:33:10'),('5e78b671-51a1-4a6e-a2ab-9a5434f773d5','41a6b5ba-1680-49f5-9813-67683e6dbc59','SecretAccesses','3e5847ae-995a-44f8-882e-9f4cb9b03f3c','c','2023-01-06 10:22:36'),('60670e05-f999-4973-99c2-fa385621c82d','f50c2485-d114-42e0-8887-e5407e8103b8','SecretAccesses','b5d4361a-0eff-48b0-9cc7-af9ff45327f9','c','2022-12-22 22:33:19'),('62247a1a-c66a-4b72-8305-2c6f75ac79ab','3e8cedd6-c529-4630-b786-223dc0ed92a9','SecretAccesses','8f70e189-1339-4717-9718-b035f2ac27f8','c','2022-12-22 22:33:04'),('622d5a0c-457c-4250-a80d-82b12a5221b2','2ef149fe-7d0e-4cc1-8287-3382c847b85f','SecretAccesses','7160094a-f966-4544-a6ae-1d268974add5','c','2022-12-22 22:33:26'),('62ae2a5b-ce27-4717-99ba-a659d9f12c3b','b0962cbf-ca67-4726-bb49-01802755bb06','SecretAccesses','6ea98175-36e6-4ede-917c-73450d7fa841','c','2022-12-22 22:32:59'),('63135cd9-0b17-45c3-ac6c-75ef71ba1ea8','42cf314d-5701-41aa-8243-4d584978c56a','SecretAccesses','14f716cd-3467-4cfc-8e52-c8963d5dc1b0','c','2022-12-22 22:33:15'),('631742b4-2258-4af0-a170-8e02657115d8','92a7f26b-076e-4d0e-8c70-d6dde33f2a37','SecretAccesses','6c18393d-ceda-4f34-a6af-2a98020a98fb','c','2022-12-22 22:32:58'),('63ad561e-8ebf-48aa-8da9-624c812f5676','4b995f7d-04e7-44fc-add9-846c34518354','SecretAccesses','16bc161e-d41a-457e-aa2b-10245e76dcab','c','2023-01-11 08:30:10'),('63cee3ae-4dc3-4abe-a174-6e1cddde0e46','5fca72dd-a84c-4f3c-b68e-76d11409ede6','SecretAccesses','c3d7052b-7983-4b89-88a4-93a69173d473','c','2022-12-22 22:33:21'),('6483fc0f-7fbc-49bf-8537-edf932e68389','3615b14d-f803-49c9-a59b-065a75c442b7','SecretAccesses','501b206f-5b68-4405-a1e9-669c0ed29eaf','c','2022-12-22 22:32:37'),('64fa0f71-481e-4809-a3fe-4e44600bc59f','522053f7-666d-4789-a9ab-9b2a192b6385','SecretAccesses','7b3db457-32dc-4aa5-abdb-ad0796f9c218','c','2022-12-22 22:32:58'),('6553ec9f-15e0-4cf6-b95f-14ac82e3a380','f278587c-3aea-44d0-9759-e3b1a8790eb1','SecretAccesses','df014273-c364-44c7-af52-b4e3096d068d','c','2022-12-22 22:32:38'),('66640118-9e01-4f4c-9a9e-7ed28f5f6bed','0e0eac4d-305a-4b18-9d68-8a39e9c65efd','SecretAccesses','a4ca4665-7337-4ea9-9a35-e8585815e898','c','2022-12-22 22:33:14'),('67f426a3-0717-4889-90bc-007df046c61a','0b968dc9-aaf7-4d0e-b3c5-6c7582265cf1','SecretAccesses','9382a5ee-582a-40af-95f7-30a202bfc8d5','c','2022-12-22 22:33:00'),('69a5938d-9794-4d07-9c28-00e850baebdb','ad3ebb43-d7fc-429b-8626-3924901b2b0d','SecretAccesses','9ab5e018-24c1-4eb7-ac51-4a7b9f62fcba','c','2022-12-22 22:32:55'),('69bba3cb-e130-4159-a869-c2f2133a8650','75a7b3f6-bada-4525-8e97-578312e90420','SecretAccesses','d4fc365c-6220-44f2-b708-e538bb3f8840','c','2022-12-22 22:33:06'),('6b12f53d-799e-4e96-a8f3-7021c591b7d3','eb1e4587-f50d-4167-b6dc-2c16b92de4dc','SecretAccesses','fed97d43-63d2-4ef5-aa4d-bcd77b47b8a9','c','2022-12-22 22:32:35'),('6b311aa6-c332-4c82-976f-f72ab1ced906','ac0e574d-5b8e-4517-816c-640dfe2971b4','SecretAccesses','0b5f6b22-5e5b-41bc-9510-67b287ecc0fa','c','2022-12-22 22:32:57'),('6bbe1ef2-3a5f-4e5e-8803-f7f91328e49e','ee33f64e-4071-47a3-a193-20330566d932','SecretAccesses','0bb85e52-9bbb-4b3d-a1d2-4f8583598c1c','c','2022-12-22 22:32:54'),('6cc5592f-2db4-41e5-bb15-1355079e4736','78cf4f57-63ff-46b9-9159-7a1d7c09bd68','SecretAccesses','27c68eca-55b7-4c0a-ad88-fd165c6d235f','c','2022-12-22 22:32:42'),('6dadab16-b993-464b-9e90-6f158faacfbc','e9ee6e96-64fa-484f-9086-abbc5e33e8cf','SecretAccesses','671cd737-0b57-4439-a9fa-64848ef69fa9','c','2022-12-22 22:33:27'),('6ddad9de-bb1e-4178-8d94-85d46f8c2779','2e11fe2c-22c4-4797-aa45-4d8a0ddacea2','SecretAccesses','e3e10001-7b2a-46ec-9a8a-fb3ee1dc029c','c','2022-12-22 22:33:27'),('6e075afb-251d-4a85-9f10-2ae3e4e9b462','535e24ee-e313-463b-8abe-c6b56572d746','SecretAccesses','ab4ba428-81b1-4d1f-84d4-43f0d8707531','c','2022-12-22 22:32:47'),('6eb72ce6-f51b-4441-a6ba-d97a5c906d3a','249f8f78-e863-420b-9180-c49fe7ffc25d','SecretAccesses','260f8d4e-295d-41e9-9975-70f83199f051','c','2023-01-06 10:23:45'),('6ec318db-cb4d-444c-b215-47b9ea459f75','6a41c571-d8e7-4da2-ac59-5d483af4cd40','SecretAccesses','c5c1ec32-fd55-48c7-ab9a-022a6b2eef63','c','2022-12-22 22:33:09'),('6ee68b75-feb0-47e5-9fd8-797ee8c3d670','9dd82c63-7b06-4a05-989e-e7ad089b36f9','SecretAccesses','c15eb51c-0cae-4abc-b87f-9b58f1e42b63','c','2022-12-22 22:33:15'),('6f41bbe3-74cf-4e2b-8136-d01461ca25ae','8b3555e0-0eac-4179-864f-1691b509b0bb','SecretAccesses','d979d8c1-3168-4b62-bd4f-88a8ffccce1b','c','2022-12-22 22:33:20'),('6faebb94-d19a-45a2-a04f-b47d6b0ed06f','c960da7b-93cb-4fba-a3fa-b78b88d29265','Resources','184734ea-8be3-4f5a-ba6c-5f4b3c0603e8','c','2022-12-22 22:27:17'),('7059e5fe-f7e4-4b6f-9d38-043c809b6003','36c90d5e-44b0-4698-8622-9e5c816d2321','SecretAccesses','a799d8d7-cd98-4452-96fa-6e12e0af0372','c','2022-12-22 22:32:49'),('732deb76-5f95-44c3-93c1-fb7878a9847b','65b99ba0-85f7-4a0b-99e7-7d21b72d0d22','SecretAccesses','5494f7c2-b710-4ddc-90dc-9600b7a2520a','c','2022-12-22 22:33:27'),('73dea8dd-b9a4-40dd-baec-a683d0fa770c','c41eff0d-3abe-4d8f-9ccd-e222a4cdd4ca','SecretAccesses','07d89d8d-300b-47f0-b180-b673c3820ab4','c','2022-12-22 22:33:12'),('73f7fc59-f7e0-4554-ab75-dafae2b73245','a031b991-a79d-416b-a210-c7956b6ae534','SecretAccesses','732dbe7f-34c9-4d54-8401-71891da67c72','c','2022-12-22 22:33:00'),('745055ee-6f2f-4126-874f-8181d46e97f0','27031e4b-5d02-475a-b3f2-406034a971ae','SecretAccesses','5321760b-97d3-4274-9496-b6410eeb52b6','c','2022-12-22 22:33:12'),('757d50e9-3d01-46e3-bd0c-4fc69f71a4f7','01dc2dae-c4ae-4384-9c12-ec1ab5db078f','SecretAccesses','e3dc6998-86dd-489c-ac86-e8afe82ab404','c','2022-12-22 22:32:55'),('776b9781-e7ef-4b98-9f50-2eba1ee2c47d','062734d7-2396-495b-a88b-52981f8b8ac4','SecretAccesses','e5c133f2-8752-4225-b72e-62779c728f41','c','2022-12-22 22:32:52'),('78739164-147f-4f24-9d0d-a88adb3f2a1b','0304ab3d-d564-45dc-a30d-41fe95477abc','SecretAccesses','ffe48a5e-fb35-43d7-9908-27431ea8678f','c','2022-12-22 22:32:40'),('789152d7-1232-415a-8fb2-f297ffe17e5d','16ec0968-bf6b-4f98-bbc5-da65d2b8cda0','SecretAccesses','1ac7daef-85ae-4935-b00e-7baf22b3a573','c','2022-12-22 22:33:17'),('78b5fc10-f1cb-47e7-827f-9201f554f8d3','419770bd-041e-4d16-94e8-d6c805593e66','SecretAccesses','6346f789-302d-4462-bb70-861a670c3cc0','c','2022-12-22 22:33:22'),('795969ae-8361-4beb-953f-8b451c126be0','fcc2117a-b412-4776-89cb-e6d71ff76f8e','SecretAccesses','a81de334-519e-4705-aaff-ab1395818c84','c','2022-12-22 22:32:58'),('7a2af6f4-7119-46cb-ac39-2748ff51819d','771d51a1-42f9-47a2-8476-dc41ba69ac77','SecretAccesses','2b8d85cb-7bbe-48dc-86a2-9a27746c00ea','c','2022-12-22 22:32:58'),('7dd15bd0-b5fa-44bf-9a9b-5a056d498fb2','0d55f01e-42cf-499d-b852-74111ec2a6c4','SecretAccesses','708e1e87-b905-4ffc-b749-ec6c26a2d867','c','2022-12-22 22:33:11'),('7e6858b7-2733-4d90-b3c7-89516059a83b','b6957497-9102-479e-b813-e5a2d6fc7871','SecretAccesses','ef2f8770-131e-41fa-aa15-3c263886a139','c','2022-12-22 22:32:42'),('7fdd5121-f038-474f-9ad5-74f5ad71bcab','acc5c3e4-06ca-49af-ad4a-f1649f40be8c','SecretAccesses','e0ff4d47-7a6b-42f4-815d-6f3717788e08','c','2022-12-22 22:33:17'),('800ddc82-0085-430b-85d4-34d3cbd04f4b','64e99038-9160-4a67-89c2-2e3294a6f0f1','SecretAccesses','7acddbcd-efea-4683-affb-5107593713e9','c','2022-12-22 22:32:39'),('809e96de-f8ab-4c15-829d-1c8d87117a76','833173ae-61e1-489c-83c6-ac7892329b28','SecretAccesses','7a1ca182-2667-4264-bafe-63791ae1351b','c','2022-12-22 22:33:24'),('80aba99b-9903-4784-9a90-c93af0f0a5c0','738f2af5-6281-4481-800e-743ff214d28f','Resources','cec328ec-cb1f-48f6-be1e-1ca35fc3c62d','c','2022-12-22 22:28:43'),('80ac88d1-f8e5-4447-9413-b63e4f083201','a195fb56-275d-4959-bdf7-b92d33e86a83','SecretAccesses','b2871fb8-43d3-4308-ba19-f070a33f87bb','c','2022-12-22 22:33:14'),('80ed2e7a-3acc-453a-ad34-7057bfaaa13a','b087d5da-95f2-4e4c-af3b-c84403a2e64f','SecretAccesses','4996abe2-da5a-4f3c-bd13-c6074937357d','c','2022-12-22 22:32:58'),('81db45bb-17c8-4a75-a26d-d7bfd69bcfee','2b6d9587-dfde-4a12-94d4-cc788e03bc97','SecretAccesses','6845fbaf-4781-482c-a8f0-0a6cc07c2989','c','2022-12-22 22:33:30'),('82197c34-9eff-47db-a8e7-b84d197dfd5e','9b82addf-edd9-4453-9e76-0d64440b689f','SecretAccesses','f397ac45-ecc3-4535-a4db-d60295894511','c','2022-12-22 22:33:02'),('8261c13c-0fd9-4a6f-8552-b73fe2740e1b','2b768481-acec-4153-b421-9b1e824c8279','SecretAccesses','03c17ac6-c6f0-4d3e-aa9e-9cd361950f54','c','2022-12-22 22:33:07'),('82cccd24-bcba-4da4-b823-106d37ef41d1','475e1e1e-b27c-4c68-b584-a66259cf3aaf','SecretAccesses','b7efa1af-b6b7-49dd-bc61-db817e57d6c4','c','2022-12-22 22:32:52'),('82ef8f13-2c1e-438b-bf99-76088268f6a8','1fb5dc35-3054-4620-97a9-1e59b371fa77','SecretAccesses','2ff96b8f-8d7f-485b-ae75-657a954d2935','c','2022-12-22 22:32:59'),('8312bdef-d56a-4717-a92d-9341820789c1','e34cd809-0fb2-442f-965f-864d6653dfc6','SecretAccesses','4741c3d7-691f-4c24-86cf-3ff727d26ccd','c','2022-12-22 22:33:00'),('85715e5d-74c3-4d01-a13a-622605a4497a','3c57155b-e0bb-48ce-883b-9d1b85800eb5','SecretAccesses','a1fb2299-6017-4ae6-b7a6-86d4dd5831bb','c','2022-12-22 22:32:41'),('858fcfc7-2f2e-45ba-8a04-3c965f916db0','d518e5d2-47e7-48ce-9e11-c00722c89f53','SecretAccesses','c72a4b3a-3464-4ebb-aac8-b1ab04e499a2','c','2022-12-22 22:33:30'),('85afb524-3776-49ce-b195-b936ecf04ff8','734892ec-8832-43c6-83ef-b50657bdf917','SecretAccesses','6ec5ced1-de57-49dc-bc2e-939ad6a98998','c','2022-12-22 22:32:46'),('85f9b0b1-90db-42ae-97f8-248ea4855fc9','c53073d6-bfe7-414d-8744-32ba58210d1e','SecretAccesses','de1bd182-3ebf-4c1b-87a8-ebaab6923fd3','c','2022-12-22 22:32:50'),('87128164-22f1-40f0-ade8-3d2004701856','62bb4fce-7874-4b90-9060-e0bce4dc80f5','SecretAccesses','aab88c5d-ab2b-4294-a5b2-bf3f84c0ebe8','c','2022-12-22 22:33:11'),('872a9ce4-17e7-43d7-8d96-138e9df79232','f3e8adaf-2c03-4b8a-b23a-d0df133a993c','SecretAccesses','3c7d0caa-8ccd-4cf9-b28a-121c7c3f757c','c','2022-12-22 22:33:15'),('88b46c44-bc0c-44bb-a065-5b2f6067ab2a','8ca2dbfd-6d39-4cf5-9b3c-b7ad623632a0','SecretAccesses','543fe41d-91d1-405d-a54b-45d2dc63f1a5','c','2022-12-22 22:32:55'),('896798dc-8d79-41ad-89ce-7ac0f03f8bf2','5e8acab7-39f9-4567-b399-8b9e87dd88a2','SecretAccesses','78b35ac3-a023-45d1-9267-0f358ecc8960','c','2022-12-22 22:33:30'),('89bab4b1-7917-4cd6-a424-8cbd31767718','a2768cdd-887a-4da9-8c9a-70214966ee0c','SecretAccesses','ecd25ef0-de3e-4225-a22d-4e5b1d9e681d','c','2022-12-22 22:33:13'),('8afdcdaa-5823-42c4-a242-486751e5b5bf','be21f9b5-2e21-4310-a4a6-47c44c81755a','SecretAccesses','1ea7b3f3-bf07-4fd5-bff6-49a4666001cb','c','2022-12-22 22:32:57'),('8e407b8d-9689-4020-b92e-7ad6d502eb87','2e318b02-411a-4b2c-ae0d-67e313b2c1d3','SecretAccesses','41ec2b95-9f62-4f5c-9ee4-b12281aec4cd','c','2022-12-22 22:32:46'),('8f034c70-c802-494f-a92a-6544ce7f670f','0390572f-0245-48c8-829b-5705e6f5ba1e','SecretAccesses','8a282dc6-f72a-4257-8f18-7ac370089150','c','2022-12-22 22:32:53'),('906b4217-2f19-4f88-8079-3ce117fd7e49','f2d6d985-0fe9-407d-ac6b-2ac3a821b264','SecretAccesses','272df549-fea2-4a33-bfb9-0647dbcf7a5e','c','2023-01-06 10:23:45'),('920e6662-042e-4681-9a92-ffd0fc802834','d15cf1e6-1e19-4614-8336-1170b4d640bf','SecretAccesses','f9f73fd5-43d2-4c1d-ae95-de69d5a61f9d','c','2023-01-06 10:22:35'),('92cc1cd0-3ac7-44ef-92b4-c7acd02ea01c','89a0912f-2ad2-4a31-bc8e-e63b1007f941','SecretAccesses','b7407d13-6fe5-4911-b9e1-4e06e1084492','c','2022-12-22 22:32:40'),('978d247d-56aa-49e7-a996-277d51377567','80333a2b-b2ac-4b2f-b2ee-a2198638fcc6','SecretAccesses','3e0fc720-68da-4d02-932c-cd3dd7b07f3f','c','2023-01-06 10:23:46'),('985e0afc-241e-4376-aba4-e0d9690c4732','893fa546-6883-43f9-8414-9ec408326768','SecretAccesses','c14b872c-306c-44e6-b98b-a4b6ad3d5e4d','c','2022-12-22 22:33:25'),('9b5817f8-ae7e-4294-bd22-46aaf4195017','957af0fa-51d0-4f9c-a6a4-da2b4e416cb5','SecretAccesses','12ca1b70-c86e-4743-8942-89c635b2778a','c','2022-12-22 22:33:19'),('9cf8b58e-6872-4c22-ae41-083de1753cae','65be6c88-5e0a-41c9-8491-1c5600ac7d9d','SecretAccesses','94b42ec6-6dd1-4101-93c7-8f88d882ffc4','c','2022-12-22 22:32:43'),('9e4519f6-cee7-4ff8-9b50-f5f1e693053b','bda9914c-e7df-485c-971f-ba72aa76d729','SecretAccesses','ae175df3-85bd-4f9d-90c7-dd58bf40b929','c','2022-12-22 22:33:14'),('9e6a6167-3d2b-45a0-9c2e-59449271931e','cbe3b06a-9c01-48f8-a9fc-988bce17bb68','SecretAccesses','4dc34ccd-5dc5-478e-abd8-b157237c435c','c','2022-12-22 22:33:17'),('9e8f246f-6b6a-4d33-9894-7a414a486c0c','ed959570-4e4f-4322-b65c-226c0e7a0149','SecretAccesses','9de23238-f28b-4c26-a688-ea8125405d62','c','2022-12-22 22:32:43'),('9e98bc40-278b-4130-ab18-4d727e40a9da','6f289836-a531-4503-b908-29beb83a6cc5','SecretAccesses','33c8fb3a-d5e0-4de1-9188-1b0b61c0267d','c','2022-12-22 22:33:24'),('9f6b92bc-5576-4901-8205-7be787ce7428','e4df5c3e-13f9-4aea-966a-849dc0df8864','SecretAccesses','da5bc105-068f-4281-ad37-5f0c689e79fc','c','2022-12-22 22:33:10'),('9fc5f1f2-1fa4-427d-a154-dc24c890bf10','197f6eb4-30ee-4a9f-9702-b5db1b4188fa','SecretAccesses','d98efd5f-9323-48d7-8f7b-56d5b409b5fc','c','2022-12-22 22:32:54'),('a0731ae8-320c-40ac-ac23-232179fdbd0a','c2494c05-2de3-496b-823b-61dc9d4553f7','SecretAccesses','1982e914-0fcb-4f45-991a-7e798b222f97','c','2022-12-22 22:33:20'),('a075cf5f-a9c9-4ad5-9945-14d1f00b8d82','7e252992-9153-4ec9-9cfc-b2762b426741','SecretAccesses','dab63e70-44aa-4764-afe2-15e7f344f5ea','c','2022-12-22 22:32:49'),('a12e014f-6c6b-4a6b-b40e-dbbfa99f2337','9b3f61a2-d90c-4ccf-8be8-d2b97c310397','SecretAccesses','ecacb539-1842-4e4c-96e9-99edbb4b75d7','c','2022-12-22 22:32:54'),('a1827198-0aad-4728-96e9-e4a5c8173a18','a1c74d85-0f86-4436-838d-ba9287876212','SecretAccesses','8231f151-d721-4df2-a67d-5d7d0a1fc6d6','c','2022-12-22 22:32:49'),('a19004dc-d35a-46ef-978f-816e09deb306','ae523d8f-586f-4f19-b19f-250b399791ca','SecretAccesses','44da2136-e143-49ea-8803-ccca5ebeff47','c','2022-12-22 22:32:40'),('a1bd058f-525c-43f8-91fc-33cb3d5f6b1f','58f08429-56a4-408a-bac1-56b9cb9b8eb9','SecretAccesses','33f3ab77-54b5-48f1-9092-390381509cc9','c','2023-01-11 08:29:02'),('a1e02535-b533-4dbd-86e9-22ce9de4417d','ed3e6fd3-1ee2-47f2-a451-dc324b1e4e6f','SecretAccesses','1e601c1a-c493-4b1d-9963-55cd3e802141','c','2022-12-22 22:33:20'),('a3e376c4-bb10-4b87-803f-12309ca2944d','91d24b8c-1bfb-462f-9ed5-27ae44d5043a','SecretAccesses','ec43b0dd-8c69-43a4-a0bd-7cb5082644be','c','2022-12-22 22:32:59'),('a4b56692-dbb3-4fb7-878c-155b9d67ee19','ef9072f6-bf55-492f-b0fc-c02bb04fc245','SecretAccesses','ae9f5080-d45d-4d30-af8e-dad398a85a30','c','2022-12-22 22:33:07'),('a55c367f-6f90-4770-b2ee-998a5c197088','1e27c1c9-a07b-46dc-af92-e12de1b52f93','SecretAccesses','5d6168e4-e070-4274-8fad-2ab15dd99d26','c','2022-12-22 22:32:50'),('a5bf8848-1a86-487b-ad4c-57e3bc62e02a','0e6618ab-cf85-4254-9214-18e89ccd42db','SecretAccesses','d5d53c5a-c299-42f0-aa80-60298bb33cf7','c','2022-12-22 22:33:29'),('a5e9e90d-7f8f-4d99-9f72-5f65bb91ab75','7795f531-1f80-41e1-877d-1c20600ecdc8','SecretAccesses','bd357b3c-2a97-4354-9035-420e8f72b690','c','2022-12-22 22:33:02'),('a618dc82-4890-46fc-abba-450f332ff314','c805a37e-c51d-4235-b215-f5b44ec41025','SecretAccesses','882f81fc-df30-4e6d-8d11-db2cd0759485','c','2022-12-22 22:33:23'),('a6375efd-07ec-42e5-a1db-fe0d656e1f61','c53a3af3-58d5-41b9-b5c5-ff346c114e8c','SecretAccesses','ee25c55b-9951-44d5-abc8-800453e849be','c','2022-12-22 22:33:28'),('a83d1d18-ce23-44c0-8f94-be8e14f02454','020f923b-913a-4b27-a300-afe1ffea4cf9','SecretAccesses','467b5952-5a0a-483b-892e-5fd63e61231a','c','2022-12-22 22:33:04'),('a880e64b-31fd-4d87-9653-daa4b0ef3eb5','95f79963-e6ae-4574-8ee4-feeca74c30b9','SecretAccesses','0f281233-e74b-4bde-9063-4343372cec25','c','2022-12-22 22:33:05'),('a8aba7f3-dbf8-49ce-a497-55401d84c2c2','4fe49d88-a63e-488a-a4e7-883ff18f62ea','SecretAccesses','970da4e2-03a9-4137-ae33-7d249f1a2e0a','c','2022-12-22 22:32:36'),('a939608a-1c1f-4b30-abfb-b78f3986df7f','35b9b3f0-29fd-467d-a17b-6575c1a91e96','SecretAccesses','f6b1e332-e9b2-4f08-b0ad-61b9bed18ac7','c','2022-12-22 22:33:20'),('aa1aaf1c-3a1e-4201-a5a4-f4c02836ade9','72feacd1-5a89-4255-986d-b99702f6d83d','SecretAccesses','dcf5b41d-160d-4859-a7b6-b6befe21ad07','c','2023-01-06 10:23:46'),('ab52d97f-7ee9-4abf-81ae-79e2e475109a','c9ab8fea-eaaf-4a31-9a1a-c398db56bb52','SecretAccesses','3a1d1c61-24b0-4f48-ac3b-20820f212a11','c','2022-12-22 22:33:02'),('ae319ebc-dab7-4440-9e87-47430480d85f','8efab231-0614-459b-93fd-6901b22ba550','SecretAccesses','7a8bb271-7830-4048-ac60-1daa7fd6bb09','c','2023-01-06 10:22:36'),('aef63688-8921-4e75-b00f-af9ead2243cf','4094f5a9-af82-46ab-944b-a1b79c596cb0','SecretAccesses','4a6e8324-df9b-42fa-8d96-934128d47706','c','2022-12-22 22:32:44'),('af9cd43c-6348-4e6c-961f-1aa4964338d7','f4109bd9-2255-45a1-bc17-2c0a91cb77f0','SecretAccesses','53bce3a1-a03a-4cb6-aef2-9d77fd676880','c','2023-01-11 08:30:10'),('b0631adf-8675-4bf5-ac39-b44a9367b843','c81f2630-a041-4779-9348-06db17c255d8','SecretAccesses','34bff02a-62e6-4039-bf5c-d88578c73540','c','2022-12-22 22:33:15'),('b34292e9-787d-46ee-b1c5-c512077fae25','ecb3e75b-5c46-4748-9314-bdd236eff1c5','SecretAccesses','78155ef5-83e6-4d97-a7ed-f192e31c1829','c','2022-12-22 22:33:05'),('b3ad808b-1ec7-4490-94fe-c887da6c0231','b0cca441-f2f3-46cb-b0d4-8d44da4a0262','SecretAccesses','23833f3e-f9f7-4780-aba5-f9065c0435d1','c','2022-12-22 22:32:36'),('b3ba551a-7c3a-4091-800c-1683aac11b60','87a757e0-978e-45c5-a465-a2565f84c926','SecretAccesses','72da5140-35c9-4c96-9bfb-1e47aa4933ca','c','2022-12-22 22:32:45'),('b44b7e14-ef74-46d8-b06d-a9e89651a9b6','1ba6b1ac-605f-4d12-a178-eabd6c4c33c8','SecretAccesses','1980a6fe-771e-49e8-9b7a-f90b23cb0c22','c','2022-12-22 22:32:44'),('b675478b-5560-49f6-8a31-f11ee200123b','6727994c-c4ea-492a-88fd-e9d8545b4713','SecretAccesses','465e7cef-40c8-4736-bdba-a31124a9ce10','c','2023-01-11 08:29:00'),('b7c6f128-009a-408d-958a-f486b7020caa','e0cbd11b-b677-42f6-87ed-df77741bfb3d','SecretAccesses','dfd12edd-23dd-4860-96dc-d93ec7e81774','c','2022-12-22 22:32:37'),('b828c452-f929-4eaa-8ef4-f4fd8e556bc5','27d9f7c6-e846-4a08-a42a-86e9e2808480','SecretAccesses','7412aa73-6366-4b61-ac1e-7c270b1a979e','c','2022-12-22 22:33:01'),('b9252ce9-8e8f-4014-ae16-3a351a357637','f91cef0b-8202-4d11-ac6d-6dfa300245c4','SecretAccesses','234dcc28-cee3-4c27-895e-d29dc6600163','c','2022-12-22 22:32:57'),('babd8938-29e8-4c70-9eba-6c0812b6625c','37487200-92b3-4bc7-8cca-7fe2dcdbc012','SecretAccesses','00228e46-ed71-4081-ade1-ad6bf3e1b66e','c','2022-12-22 22:33:02'),('bb3a58d9-e914-450f-aeca-a83103f4efda','4a40e588-cdf2-47f0-91a7-89cff20e336a','SecretAccesses','f1ee80ff-4544-49fc-ae58-4c517df24ba3','c','2022-12-22 22:32:39'),('bc966579-b850-4587-8cac-05192ea61a42','016ad80a-700f-4f14-993a-538608658a1e','SecretAccesses','26557694-e3f6-4dd0-8e03-1dfcadc682f2','c','2022-12-22 22:33:25'),('bd4b8adf-2c6a-4664-9ac3-059a77f42273','045e4526-62ac-437b-9d56-d02f11810b69','SecretAccesses','1817fa7d-7c3b-4632-a35a-55d0d83196ad','c','2022-12-22 22:33:21'),('befcecd4-01d7-4e32-a8bf-1949159ff6cc','45cdfe2e-5aee-434f-9e9b-d1e7a75e5b76','SecretAccesses','053f45b3-45b6-4874-b7ac-634964c739c2','c','2022-12-22 22:32:54'),('bfa67ac6-952b-4db8-afe7-fb4fba8509fe','535db31a-9692-4c52-b083-c257e8d5894a','SecretAccesses','a76bcf15-f3da-4075-aae1-cd0d5fb6699f','c','2022-12-22 22:33:02'),('bfc76d72-61d0-4866-972c-8ded3713ac55','51453923-646b-4689-bfdb-822fb3078108','SecretAccesses','355063ab-f05c-4ed2-b330-e8c9803d47c4','c','2022-12-22 22:33:07'),('c0267b38-26db-43c4-8359-27d5c1932123','8f3173bd-9e98-4710-9e43-d01b45fbbb09','SecretAccesses','27b1229a-8b12-461d-a0f0-d282c39cbe8d','c','2023-01-11 08:29:00'),('c02bf845-47d7-461b-84d3-c0f7933e8f37','0edcebaf-f1f9-4586-8bdf-8d0f9fa1aafb','SecretAccesses','1f0df1fb-3da5-4c76-b2e8-b08fbfc0117b','c','2022-12-22 22:32:42'),('c0a540b5-b0f0-4f9c-8935-1bc43013eac7','527a3789-e7b1-4aac-aa88-246a7c4f4376','SecretAccesses','5d6bf70d-9c87-4945-ae49-5139e36414a8','c','2022-12-22 22:32:36'),('c119b30b-eaa6-4439-9def-ce36645b7302','f81b28df-df5c-4f15-a445-831c7da40b8d','SecretAccesses','bcf916b8-23ed-43c8-947b-5daeb6d8fcb1','c','2022-12-22 22:33:12'),('c2a72495-bc69-4d2f-8df6-d972858bc7a1','a760043a-1b9a-4413-af09-bbde4e8c367f','SecretAccesses','33dea876-1dbf-4ec9-be7a-ec5f600ecee1','c','2022-12-22 22:32:58'),('c2cb5d03-8db3-4f51-8910-d8aa9e1dadab','c78c3bc5-4835-437e-a0b1-3499d5141404','SecretAccesses','81122fb4-dffb-47cc-9a65-c093a21fbfc5','c','2022-12-22 22:33:13'),('c42366bc-1d51-4024-915d-c64b9dd2e7a7','39fb3b7c-08e4-4479-83a4-45f43749b05c','SecretAccesses','493c0866-0a24-4d4a-afc7-9ba589fd9387','c','2023-01-11 08:30:11'),('c4f92275-ee45-41f4-aa1f-6c8ec9140580','d80d64f6-378a-4632-934e-8d8ec36bda27','SecretAccesses','436f04bc-921d-4371-85c5-e1fd397db3fd','c','2022-12-22 22:32:40'),('c6e65c61-a437-4949-b984-0223cd8b3dc8','525e2b2c-5b07-415a-a789-f9b0b172c82b','SecretAccesses','fcc998f6-256e-4a8c-90d3-7dfb9ff12f85','c','2022-12-22 22:32:49'),('c84a9970-b5df-4882-839a-55ec2febc2df','82e93a16-4ff7-44da-893a-23d720d44eea','SecretAccesses','eca4d650-ed76-4f78-b8da-61cb0e6e27f0','c','2022-12-22 22:33:04'),('cad2f014-6467-4334-a05f-93bbc775075d','99e1677f-6d37-421a-8851-877ee7cf3998','SecretAccesses','1319980f-f88b-41d6-af4a-10f71a0be60d','c','2022-12-22 22:33:18'),('cb1cf4fd-6a8d-4638-9a41-3242137acef0','9a18191b-8b84-464a-a66d-0622707fc214','SecretAccesses','a388019b-c1a8-459a-9f56-45b91be5a5fd','c','2022-12-22 22:33:16'),('cc07d3cf-693c-48ce-aed8-d55f88deabc6','8a05c594-e8f2-4601-a12e-85b146099f31','SecretAccesses','da704b70-dd45-432b-91dc-6fa8a7a4c56d','c','2022-12-22 22:32:35'),('cc8ef456-6521-40b9-9ae0-136e51f551a9','4aaed197-d688-4b0d-a7c4-84c3af31ae3d','SecretAccesses','377078ac-a436-410f-8a2c-5d0e3b433a7e','c','2023-01-06 10:23:46'),('cdc1e8da-6224-4f11-888d-5778ce9b2330','c2868e6e-9ee0-452e-8daa-f1af1843a7f4','SecretAccesses','b9bb055d-7ddb-4803-a013-2a8e076af87b','c','2022-12-22 22:33:09'),('cddb7126-2d4f-4be2-97ca-253fb15e5c5b','b49a78d6-3b44-427e-b3cc-40041bf6357c','SecretAccesses','f8af1816-6ab5-4a44-a9ab-92217bbd72b8','c','2022-12-22 22:33:18'),('ce4507ed-0526-49a1-9a58-40ff0b5df777','70f4e6de-e12a-4eea-b914-3ecf47127ae1','SecretAccesses','9050537f-4a38-4f82-8415-a09915509c48','c','2022-12-22 22:32:40'),('ce7876f8-1524-4749-94c3-efd6b65fc529','0365efbe-8897-4162-897f-5ae98f0547db','SecretAccesses','c1882916-e423-4709-b2f9-e60b846d8cc6','c','2022-12-22 22:32:38'),('cef1a6eb-4619-4ea5-9f30-3563c3cd79f1','3f32167a-7298-4fd4-b4c0-1cae1598ad40','SecretAccesses','62aed7ac-f7bf-4b3f-8b73-e6c9d158302a','c','2022-12-22 22:33:12'),('d1630156-1b31-41bd-932d-f91190b29c69','4f27d71e-2d90-4f44-b6b3-88e7b145dad1','SecretAccesses','5f658ef4-f606-4f63-b9d5-f7821cfcb06f','c','2022-12-22 22:32:33'),('d29f324c-a61a-482d-a258-f7a31c0b2b38','9f59699d-6995-440a-b369-b64f470f9e13','SecretAccesses','4e751477-559e-4ef6-bfec-c0d8997778a6','c','2023-01-11 08:30:11'),('d47dfb8a-c2b6-48b8-9747-80b2663b240c','f178facb-cf55-4379-8d06-ac614256c476','SecretAccesses','e94a751c-d97b-4bbf-b449-d8ba3a309057','c','2022-12-22 22:32:48'),('d5a5a115-d200-41a3-918c-be43c24f5f36','77ececff-7751-4dca-b925-3e4b672c672b','SecretAccesses','c74bc19e-bf10-4783-bb45-529f6ca2ca1a','c','2022-12-22 22:33:25'),('d7f0f7e9-630b-406b-8263-a234deb8a989','a538be1f-0486-46be-b6ab-84b4ab3efe8b','SecretAccesses','9d643d7b-4761-40f5-b11c-77e4dd866030','c','2022-12-22 22:32:39'),('d97475eb-6fd6-4052-ae44-55c17f632acc','4c583656-5aaf-425b-a0b0-2445b6b71775','SecretAccesses','e06686ec-5048-4f10-be04-9ea7ae654f76','c','2023-01-06 10:23:45'),('dac28c9a-3e26-4daf-b0bf-fd0a34917ba1','016ae9e6-6d42-4866-9ad7-d02ea2143ef3','SecretAccesses','5811c559-aefa-4e8f-8df4-4c565d302917','c','2022-12-22 22:32:34'),('db1f2bbb-b635-437f-b158-2168e4dbb7a6','513d86f9-74b8-4998-9d4c-81684969cc6e','SecretAccesses','6244c6cb-682c-49e8-b19f-621857d6f391','c','2022-12-22 22:32:55'),('ddf03f4f-fd5d-42fb-818b-7c80a1154843','b46ba1ed-94a2-43fd-a393-bf656b310733','SecretAccesses','58b77e92-cf11-4622-b6b8-65b4bbddd188','c','2022-12-22 22:32:37'),('dfbf702a-f7a0-4b8d-b410-87ae22291a86','2470870a-507a-4f9c-8fc8-e14ca97680a6','SecretAccesses','7d796ae2-14ec-4f32-9f62-a5c4a231bda3','c','2022-12-22 22:33:29'),('e2be1c5f-293b-473e-b5b0-d004891ecfe0','762827b7-e81b-4154-ade7-a4d0cbacf483','SecretAccesses','34365a2f-efb2-4fa3-b9e7-f8fb1a4f2f2a','c','2022-12-22 22:32:59'),('e862fbc2-e593-4daf-9236-f63f87f4a3f1','bad86e06-28b6-4359-a195-007e5078319d','SecretAccesses','53e89904-a2a1-4779-887f-fb665eecb4c5','c','2023-01-11 08:30:11'),('e8692574-baaf-4a23-9d81-6b0a21e40e5d','05d14a25-36be-4dd2-9222-1e7280fee5be','SecretAccesses','e1ff7c50-866a-4ced-bb48-b083ff65d228','c','2022-12-22 22:33:23'),('e8b73cbe-0608-4221-80b1-02b6db0ea035','c1e4426f-ae4d-43c4-ba33-8bc0727b8950','SecretAccesses','59852cd7-e4d1-4456-8925-cb41a709f831','c','2022-12-22 22:32:46'),('e8c0a379-3f4a-4111-b0d0-9d69c92d6cc3','ed34a375-55c5-4bcb-b2f5-23531d48787d','SecretAccesses','82ac9162-a3ed-4f4d-b059-a4ab494e0a55','c','2022-12-22 22:32:51'),('e9413702-7f25-406a-a1dc-77bc778d45f3','5a65af35-2e8e-4817-a5d8-e06a09a20336','SecretAccesses','8dfb4994-ff45-43fb-bcfc-f77578df0771','c','2022-12-22 22:33:23'),('e9777f79-3bd3-4ef0-9bbf-0fcf7bdbe286','ff1dd53a-19a6-462b-b608-0e331f05f7e6','SecretAccesses','e77d3025-572c-4204-b9ff-8df9936f8676','c','2022-12-22 22:33:03'),('ebc3e7bf-ae6d-466d-ac8e-ebeef1b11066','938ce63b-396b-4ae2-a261-4bbec57a6966','SecretAccesses','7eb62645-b4ad-4686-9fcd-4b8820e301c2','c','2022-12-22 22:33:05'),('ecbf4ca3-df3e-4be5-978b-899ee50cef29','c7c72d6a-8ab7-4a73-ac0b-c33a19536f0d','SecretAccesses','4e781ef4-873f-485a-8b5f-7691a819180b','c','2022-12-22 22:32:44'),('eeac6953-6c32-4423-8fe2-7886ecfc7f53','d69fcb55-797d-437c-a6dd-7eca71deeb3a','SecretAccesses','3af0133a-959c-429d-95f9-6632c235d6cd','c','2022-12-22 22:32:43'),('f0c0cd49-18e7-4f7c-bcff-326cfd875e86','dc196aeb-f531-4caa-8ac8-eef30694c650','SecretAccesses','c35555af-27ee-46a2-bf58-84642be2ab7c','c','2022-12-22 22:33:26'),('f17af250-c737-4598-8b7f-c235c9fe585a','73e685ba-0faf-4b0a-888e-c40e1aa1e985','SecretAccesses','13296fbd-fd4f-408c-8699-60feb32a20ca','c','2023-01-11 08:29:00'),('f2893c07-560a-4c30-9c57-4fae185c8f8b','642a37c4-7cd9-4512-b824-75317d083c64','SecretAccesses','21682a10-71e4-4b9b-88a9-113aae1dd162','c','2022-12-22 22:33:10'),('f3a86303-7bd7-40fd-b66f-68189a9dca31','10e3c9bf-e878-4f1d-bf23-6a85d3e35f55','SecretAccesses','781d82f8-e26e-4da7-b51e-695e2b61f675','c','2022-12-22 22:33:01'),('f5dc3e4f-02ec-4cc9-bc7e-1c9538b6a1cd','1a503fb7-d5e2-4992-833b-45c048287c3e','SecretAccesses','89ecca4e-e455-4f7a-84b1-772af8104f36','c','2022-12-22 22:32:49'),('f61a7435-efc0-4109-8da2-5a683f52001c','ffc65559-5eb2-4298-95ef-c3f43bdce8e8','SecretAccesses','8d7d5247-7f48-4394-b5e5-f38d2bad2b77','c','2022-12-22 22:32:37'),('f63d409c-25a6-4d08-98d5-fa6021200053','54a5965e-8fb1-474f-9a8a-61506a0627b9','SecretAccesses','40983ac0-f837-4d36-a4ca-7d03ec0eb1ca','c','2022-12-22 22:33:03'),('f745ba84-a4fb-4c79-9bbd-036d41793647','317d432a-6ae5-4c4f-9260-633c0484c824','SecretAccesses','d308d94f-415d-4b75-b7fd-abd4238b8415','c','2023-01-06 10:23:46'),('f78c0970-b4f3-41d3-ae3c-e70ba0f6fd3a','d9bed494-29e9-46b6-a01b-eea0b74dc699','SecretAccesses','1b49be53-1abc-40bf-b9a1-200331a49b97','c','2022-12-22 22:33:21'),('f795931f-12c6-4724-819d-5c31c414881d','a17f1a76-114c-46ff-9c92-61803797f5da','SecretAccesses','9d11a3cc-7844-4d70-bf47-fbda14d9ca6b','c','2022-12-22 22:33:29'),('f7da7520-ea59-4287-9379-85822c392a54','302c8c38-5deb-4ec8-82f7-edd9b81fffa4','SecretAccesses','98dc45be-ade8-400e-bf53-ad9e0c28ca25','c','2022-12-22 22:32:37'),('f7f7d182-ecd5-40be-a1b0-71a1ddcb5b17','96694f4f-3718-49dd-85de-31ffece323c6','SecretAccesses','42f3587d-4ad9-41b6-bb6e-0030ed2cd616','c','2022-12-22 22:33:31'),('f8042824-5b62-4ec8-8f24-74abf0d3df21','8e6f7bdf-860a-4334-a451-53d05a0197d5','SecretAccesses','5e9387d1-dd2c-47e2-ac99-4bf983efd235','c','2022-12-22 22:32:35'),('fb61b3bc-bdf1-4893-bdbd-1816cc3cd08a','76372073-72cc-45e7-872e-15d1f5e22287','SecretAccesses','6ee5dc64-1ae9-4918-aca5-644526074d9b','c','2022-12-22 22:33:26'),('fdc4da62-eb07-4009-9590-5989de5537f9','41c1d564-a19c-4b69-a1b4-84cbd6e3df3a','SecretAccesses','1ecef13c-9f0b-4824-84cd-81f00d9729ad','c','2022-12-22 22:33:14'),('fe3b8332-c231-4263-bd35-3c1b379936c0','5e078c93-6ade-4f4a-83aa-9ac057094e86','SecretAccesses','240463b1-9e90-45c8-9519-b81d3ab76797','c','2022-12-22 22:33:20'),('ff11591b-80f4-4e38-8b34-1cd3ce686f8d','29ef99dd-8d5e-4c4e-b698-28baaa43ac63','SecretAccesses','10575d9d-d016-48ca-99cc-db29cf538e29','c','2022-12-22 22:33:08'),('ff870e95-6996-48bd-a64f-73adfddaff5b','dd6fc7ba-0f5a-4e8a-b3d3-1ef6ad4a828a','SecretAccesses','fe86c690-e1cf-4761-a4a0-610000f8e7aa','c','2022-12-22 22:32:34');
/*!40000 ALTER TABLE `entities_history` ENABLE KEYS */;
UNLOCK TABLES;

--
-- Table structure for table `favorites`
--

DROP TABLE IF EXISTS `favorites`;
/*!40101 SET @saved_cs_client     = @@character_set_client */;
/*!40101 SET character_set_client = utf8 */;
CREATE TABLE `favorites` (
  `id` char(36) CHARACTER SET ascii COLLATE ascii_general_ci NOT NULL,
  `user_id` char(36) CHARACTER SET ascii COLLATE ascii_general_ci DEFAULT NULL,
  `foreign_key` char(36) CHARACTER SET ascii COLLATE ascii_general_ci NOT NULL,
  `foreign_model` varchar(36) CHARACTER SET ascii COLLATE ascii_general_ci NOT NULL,
  `created` datetime NOT NULL,
  `modified` datetime DEFAULT NULL,
  PRIMARY KEY (`id`),
  KEY `foreign_key` (`foreign_key`,`user_id`)
) ENGINE=InnoDB DEFAULT CHARSET=utf8mb4 COLLATE=utf8mb4_unicode_ci;
/*!40101 SET character_set_client = @saved_cs_client */;

--
-- Dumping data for table `favorites`
--

LOCK TABLES `favorites` WRITE;
/*!40000 ALTER TABLE `favorites` DISABLE KEYS */;
/*!40000 ALTER TABLE `favorites` ENABLE KEYS */;
UNLOCK TABLES;

--
-- Table structure for table `gpgkeys`
--

DROP TABLE IF EXISTS `gpgkeys`;
/*!40101 SET @saved_cs_client     = @@character_set_client */;
/*!40101 SET character_set_client = utf8 */;
CREATE TABLE `gpgkeys` (
  `id` char(36) CHARACTER SET ascii COLLATE ascii_general_ci NOT NULL,
  `user_id` char(36) CHARACTER SET ascii COLLATE ascii_general_ci NOT NULL,
  `armored_key` text NOT NULL,
  `bits` int(11) DEFAULT 2048,
  `uid` varchar(128) NOT NULL,
  `key_id` varchar(16) NOT NULL,
  `fingerprint` varchar(51) NOT NULL,
  `type` varchar(16) DEFAULT NULL,
  `expires` datetime DEFAULT NULL,
  `key_created` datetime DEFAULT NULL,
  `deleted` tinyint(1) NOT NULL DEFAULT 0,
  `created` datetime NOT NULL,
  `modified` datetime NOT NULL,
  PRIMARY KEY (`id`),
  KEY `fingerprint` (`fingerprint`)
) ENGINE=InnoDB DEFAULT CHARSET=utf8mb4 COLLATE=utf8mb4_unicode_ci;
/*!40101 SET character_set_client = @saved_cs_client */;

--
-- Dumping data for table `gpgkeys`
--

LOCK TABLES `gpgkeys` WRITE;
/*!40000 ALTER TABLE `gpgkeys` DISABLE KEYS */;
INSERT INTO `gpgkeys` VALUES ('d46e4f0c-6843-4bdd-bb92-bd0118aca677','61a828cd-768f-4264-80de-326e594526f8','-----BEGIN PGP PUBLIC KEY BLOCK-----\n\nxsDNBGOk118BDACpb7iRZP8WcZsUxUKVLmYWnx1yLtm47R1xhMkWqUL7FL2+\n//v0vyFlCzzALWffH1ki3ss8KlIKqysXjS2dhyz5XkLBoh3mYO9ejubbuVDr\n/bP4C+x67yzMz95w90gAz3cQqMeE0Ewx7gOKjbc6OQVkPIlJt2jPoVrD+z1F\nXrfqccmztyU3wdrtzyn/YukzQJY9K+brloDh3S+j8p1S0Xn8Qu+yHtl+xSGM\np+96hjurO5xjE19rDlVTa4ZsIq8nvV4E4cAgQxV+BDA1MvSsJJEnRSfqtqL9\nQGdhM0mX65EFTJcSN+XZjB75/mH3b4bE0GiDDr4STVNFQ8J5irSHeljoc3lw\nLo/lTGt3pMisTjFJFRUQHqTLWqDuJ++yAWENxCa/wZI5gZVIQpt8r801KwuI\ncYH1ApNm5iHz2PAMMdNAHwpRJ3rFzoPwZBzvpZN4PcdX0keWy9/mYBFP4+fu\n0kiuA58wI8770s1dlRmydfiP7cnItKR2jnl6gOuM5Aj+3DcAEQEAAc0qVXNl\nciBFeGFtcGxlIDx1c2VyLmV4YW1wbGVAbXlkb21haW4ubG9jYWw+wsEKBBAB\nCAAdBQJjpNdfBAsJBwgDFQgKBBYAAgECGQECGwMCHgEAIQkQwRwccGqDrLYW\nIQQGVdKNZ1EIpTm9rk/BHBxwaoOstseMC/9gBU0/u9hrCWlMIM+Ya8kWirOM\nrgUlp/33mTHecAjhwE/QNeLhqrDlpkALEhcj9KBTNF7FgAECE0BTQ6Wg3TkZ\nl8wxAyHjJ9GisRQaNoS6mcatcyxyAzPnoA3L1/PVB0oHszAl0Z6BS6kF28U7\nL9w3jE5UPlHan4ovCbAqix97Uh6x++SmoB3GOc+tl1lOsPb4xTtaYYOAbmiL\nCFnftkoJ64GnayBfhd2FKnGiZwAFJxzY2uwGsellge9A2C0ECrAyC0Yk0brs\nipEM3S5ntFCmyrg8RV4y6/WK0SLQfPwL66Jm1FM5zNYoxOAhbsUbg0HmIvHA\nXPo3G6M6MqIhFZwdMQl2zYuLBhG/NhziXdled7oNGqk2jgIbXgI8qojDJQcf\nDnfobsbdnkEi+v8uD167pLpL7x0P7Bbbwwu68hT9eE6oJ+P63m0UOKZg60nw\noccdVNvwNBMHx2Y3Ps4R+VOBjfJPb250jAJ6W9I90WXuvu0tr17A56xJ5GcH\nBeDs4EfOwM0EY6TXXwEMALcoLXS9CmzlsmViDQCMRf+VqvXwJeiAOQh48y2w\nRbPdnvxHKjsBNsuJjAEH2yKMVrJ4/2DWPFNym0kmq2EKiyo03CnwLP03rrmM\n4opWJ2wPEYVk38PZZBXQE0NEa2js1gkZvzrPv8d7yhU1X5+oV1IAyUyOuPnj\n4a+vMFjM+VpkOPnQOxgiIc86kqGg2rvzZbnM+ew5EXKnlEn6MlwPi6FVVrd1\ntwfWeZ2KC5itsabn1k9fYtayh7+r0O3ELAJPdW7TW+EGLjHwd0QNS5r6/QiA\nctCqlg/xmLnp8NE9tu3+l32sPXwN4ecc1SyPIZOC3CT9LZHYSavaz7ihn26G\n2ngX8etp/g7xUFBKnM7KuYhQp7pCympIbbiBIc6hYKsFzdqoIAQsUMNsV9Fk\n7nbJEDSt+2hRF+t1sNxOhkwPH5LWhruo1D+lyLWCdI/Qm5xu5DHvxPdtWEHT\nJ6iYhDvfZDxs2jaofbGr0tSoUKYhOTm1pv3lxI+TCBgjotOz3xKHBQARAQAB\nwsD2BBgBCAAJBQJjpNdfAhsMACEJEMEcHHBqg6y2FiEEBlXSjWdRCKU5va5P\nwRwccGqDrLbZewwAk0drqvk+Ueh/3bapz42DBf11Dez+fUQSciUTveLL6vng\nDClOkwtD8YOl1YWlycOmwgv+Uu4cVtzVHZIPJ2hvalZ6TuD4SnJxdKk74Awn\nVrNXZpV31tl0OpRLreISd2/9I18hH06SZnRn/ViNoOiLIX5hLkWM32LTkE2X\nGjLcpnI4O2SR4B7l7ewVF5Lwo+ZIzyyadWSiJ3qm+lHUQX2p3MaiMpEsnfym\nxBZon7GiyD+AxPgzG3m05V5QFJanXglEoTeE5XILqjFFOGsFwBMS765ffSIH\n6YLFh7cxv07s4d6Dhx3QovvhxSPGTsDAnqIYOWQx5uvHkJRNWYKeqpp78QEl\n8XCTOBMmOZduLFiUJ+9ZFKeErLurlkoyrymnL+xSaBuTa/V03D92Agr/QisY\nN+4o1Mb+0wMQeiONBqFRGNi4tEvXYMKM0/LF4U68aDkVVS2IhsyXBbUvHYeS\nbmxi1mixsT7ry3UDZkqvnr0I0CDsIt33L/LbJ15pxKJJgBgf\n=JBzQ\n-----END PGP PUBLIC KEY BLOCK-----\n',3072,'User Example <user.example@mydomain.local>','C11C1C706A83ACB6','0655D28D675108A539BDAE4FC11C1C706A83ACB6','RSA',NULL,'2022-12-22 22:17:03',0,'2022-12-22 22:17:54','2022-12-22 22:17:54');
/*!40000 ALTER TABLE `gpgkeys` ENABLE KEYS */;
UNLOCK TABLES;

--
-- Table structure for table `groups`
--

DROP TABLE IF EXISTS `groups`;
/*!40101 SET @saved_cs_client     = @@character_set_client */;
/*!40101 SET character_set_client = utf8 */;
CREATE TABLE `groups` (
  `id` char(36) CHARACTER SET ascii COLLATE ascii_general_ci NOT NULL,
  `name` varchar(255) DEFAULT NULL,
  `deleted` tinyint(1) NOT NULL DEFAULT 0,
  `created` datetime NOT NULL,
  `modified` datetime NOT NULL,
  `created_by` char(36) CHARACTER SET ascii COLLATE ascii_general_ci NOT NULL,
  `modified_by` char(36) CHARACTER SET ascii COLLATE ascii_general_ci NOT NULL,
  PRIMARY KEY (`id`),
  KEY `deleted` (`deleted`)
) ENGINE=InnoDB DEFAULT CHARSET=utf8mb4 COLLATE=utf8mb4_unicode_ci;
/*!40101 SET character_set_client = @saved_cs_client */;

--
-- Dumping data for table `groups`
--

LOCK TABLES `groups` WRITE;
/*!40000 ALTER TABLE `groups` DISABLE KEYS */;
/*!40000 ALTER TABLE `groups` ENABLE KEYS */;
UNLOCK TABLES;

--
-- Table structure for table `groups_users`
--

DROP TABLE IF EXISTS `groups_users`;
/*!40101 SET @saved_cs_client     = @@character_set_client */;
/*!40101 SET character_set_client = utf8 */;
CREATE TABLE `groups_users` (
  `id` char(36) CHARACTER SET ascii COLLATE ascii_general_ci NOT NULL,
  `group_id` char(36) CHARACTER SET ascii COLLATE ascii_general_ci DEFAULT NULL,
  `user_id` char(36) CHARACTER SET ascii COLLATE ascii_general_ci DEFAULT NULL,
  `is_admin` tinyint(1) NOT NULL DEFAULT 0,
  `created` datetime NOT NULL,
  PRIMARY KEY (`id`),
  KEY `user_id` (`user_id`,`group_id`),
  KEY `group_id` (`group_id`),
  KEY `user_id_2` (`user_id`)
) ENGINE=InnoDB DEFAULT CHARSET=utf8mb4 COLLATE=utf8mb4_unicode_ci;
/*!40101 SET character_set_client = @saved_cs_client */;

--
-- Dumping data for table `groups_users`
--

LOCK TABLES `groups_users` WRITE;
/*!40000 ALTER TABLE `groups_users` DISABLE KEYS */;
/*!40000 ALTER TABLE `groups_users` ENABLE KEYS */;
UNLOCK TABLES;

--
-- Table structure for table `organization_settings`
--

DROP TABLE IF EXISTS `organization_settings`;
/*!40101 SET @saved_cs_client     = @@character_set_client */;
/*!40101 SET character_set_client = utf8 */;
CREATE TABLE `organization_settings` (
  `id` char(36) CHARACTER SET ascii COLLATE ascii_general_ci NOT NULL,
  `property_id` char(36) CHARACTER SET ascii COLLATE ascii_general_ci NOT NULL,
  `property` varchar(256) NOT NULL,
  `value` text NOT NULL,
  `created` datetime NOT NULL,
  `modified` datetime NOT NULL,
  `created_by` char(36) CHARACTER SET ascii COLLATE ascii_general_ci NOT NULL,
  `modified_by` char(36) CHARACTER SET ascii COLLATE ascii_general_ci NOT NULL,
  PRIMARY KEY (`id`),
  KEY `property_id` (`property_id`)
) ENGINE=InnoDB DEFAULT CHARSET=utf8mb4 COLLATE=utf8mb4_unicode_ci;
/*!40101 SET character_set_client = @saved_cs_client */;

--
-- Dumping data for table `organization_settings`
--

LOCK TABLES `organization_settings` WRITE;
/*!40000 ALTER TABLE `organization_settings` DISABLE KEYS */;
INSERT INTO `organization_settings` VALUES ('46acb5cb-7a75-4634-b7bd-698bd5d7b53b','641b4dc0-035d-546a-a9fc-713b3987227f','emailNotification','{\"purify\":{\"subject\":false},\"show\":{\"comment\":false,\"description\":false,\"secret\":false,\"uri\":false,\"username\":false},\"send\":{\"comment\":{\"add\":false},\"password\":{\"create\":false,\"share\":false,\"update\":false,\"delete\":false},\"user\":{\"create\":false,\"recover\":false,\"recoverComplete\":false},\"admin\":{\"user\":{\"setup\":{\"completed\":false},\"recover\":{\"abort\":false,\"complete\":false}}},\"group\":{\"delete\":false,\"user\":{\"add\":false,\"delete\":false,\"update\":false},\"manager\":{\"update\":false}}}}','2022-12-22 22:24:19','2022-12-22 22:24:19','61a828cd-768f-4264-80de-326e594526f8','61a828cd-768f-4264-80de-326e594526f8');
/*!40000 ALTER TABLE `organization_settings` ENABLE KEYS */;
UNLOCK TABLES;

--
-- Table structure for table `permissions`
--

DROP TABLE IF EXISTS `permissions`;
/*!40101 SET @saved_cs_client     = @@character_set_client */;
/*!40101 SET character_set_client = utf8 */;
CREATE TABLE `permissions` (
  `id` char(36) CHARACTER SET ascii COLLATE ascii_general_ci NOT NULL,
  `aco` varchar(30) CHARACTER SET ascii COLLATE ascii_general_ci NOT NULL,
  `aco_foreign_key` char(36) CHARACTER SET ascii COLLATE ascii_general_ci NOT NULL,
  `aro` varchar(30) CHARACTER SET ascii COLLATE ascii_general_ci NOT NULL,
  `aro_foreign_key` char(36) CHARACTER SET ascii COLLATE ascii_general_ci DEFAULT NULL,
  `type` int(11) NOT NULL,
  `created` datetime NOT NULL,
  `modified` datetime NOT NULL,
  PRIMARY KEY (`id`),
  KEY `aco_foreign_key` (`aco_foreign_key`),
  KEY `aro_foreign_key` (`aro_foreign_key`),
  KEY `aco` (`aco`,`aro`),
  KEY `aco_foreign_key_2` (`aco_foreign_key`,`aro_foreign_key`,`aco`,`type`)
) ENGINE=InnoDB DEFAULT CHARSET=utf8mb4 COLLATE=utf8mb4_unicode_ci;
/*!40101 SET character_set_client = @saved_cs_client */;

--
-- Dumping data for table `permissions`
--

LOCK TABLES `permissions` WRITE;
/*!40000 ALTER TABLE `permissions` DISABLE KEYS */;
INSERT INTO `permissions` VALUES ('3b7d90ac-2218-4ce1-9a2f-e3135f57a0d9','Resource','184734ea-8be3-4f5a-ba6c-5f4b3c0603e8','User','61a828cd-768f-4264-80de-326e594526f8',15,'2022-12-22 22:27:17','2022-12-22 22:27:17'),('e7ca91cd-9fe6-4649-bceb-2113fdf43e81','Resource','cec328ec-cb1f-48f6-be1e-1ca35fc3c62d','User','61a828cd-768f-4264-80de-326e594526f8',15,'2022-12-22 22:28:43','2022-12-22 22:28:43');
/*!40000 ALTER TABLE `permissions` ENABLE KEYS */;
UNLOCK TABLES;

--
-- Table structure for table `permissions_history`
--

DROP TABLE IF EXISTS `permissions_history`;
/*!40101 SET @saved_cs_client     = @@character_set_client */;
/*!40101 SET character_set_client = utf8 */;
CREATE TABLE `permissions_history` (
  `id` char(36) CHARACTER SET ascii COLLATE ascii_general_ci NOT NULL,
  `aco` varchar(30) CHARACTER SET ascii COLLATE ascii_general_ci NOT NULL,
  `aco_foreign_key` char(36) CHARACTER SET ascii COLLATE ascii_general_ci NOT NULL,
  `aro` varchar(30) CHARACTER SET ascii COLLATE ascii_general_ci NOT NULL,
  `aro_foreign_key` char(36) CHARACTER SET ascii COLLATE ascii_general_ci NOT NULL,
  `type` int(11) NOT NULL,
  PRIMARY KEY (`id`),
  KEY `aco_foreign_key` (`aco_foreign_key`),
  KEY `aro_foreign_key` (`aro_foreign_key`),
  KEY `aco` (`aco`,`aro`),
  KEY `type` (`type`)
) ENGINE=InnoDB DEFAULT CHARSET=utf8mb4 COLLATE=utf8mb4_unicode_ci;
/*!40101 SET character_set_client = @saved_cs_client */;

--
-- Dumping data for table `permissions_history`
--

LOCK TABLES `permissions_history` WRITE;
/*!40000 ALTER TABLE `permissions_history` DISABLE KEYS */;
/*!40000 ALTER TABLE `permissions_history` ENABLE KEYS */;
UNLOCK TABLES;

--
-- Table structure for table `phinxlog`
--

DROP TABLE IF EXISTS `phinxlog`;
/*!40101 SET @saved_cs_client     = @@character_set_client */;
/*!40101 SET character_set_client = utf8 */;
CREATE TABLE `phinxlog` (
  `version` bigint(20) NOT NULL,
  `migration_name` varchar(100) DEFAULT NULL,
  `start_time` timestamp NULL DEFAULT NULL,
  `end_time` timestamp NULL DEFAULT NULL,
  `breakpoint` tinyint(1) NOT NULL DEFAULT 0,
  PRIMARY KEY (`version`)
) ENGINE=InnoDB DEFAULT CHARSET=utf8 COLLATE=utf8_general_ci;
/*!40101 SET character_set_client = @saved_cs_client */;

--
-- Dumping data for table `phinxlog`
--

LOCK TABLES `phinxlog` WRITE;
/*!40000 ALTER TABLE `phinxlog` DISABLE KEYS */;
INSERT INTO `phinxlog` VALUES (20170830064410,'V162InitialMigration','2022-12-22 22:16:21','2022-12-22 22:16:21',0),(20170830065037,'V200ActiveMustBeBoolean','2022-12-22 22:16:21','2022-12-22 22:16:21',0),(20170830065038,'V200DropUnusedProfileFields','2022-12-22 22:16:21','2022-12-22 22:16:21',0),(20170830065039,'V200IncreaseEmailSize','2022-12-22 22:16:21','2022-12-22 22:16:21',0),(20170830065040,'V200DropUnusedCreatedBy','2022-12-22 22:16:21','2022-12-22 22:16:21',0),(20170830065041,'V200MigrateUUID','2022-12-22 22:16:21','2022-12-22 22:16:22',0),(20170830065042,'V200MigrateKeyField','2022-12-22 22:16:22','2022-12-22 22:16:22',0),(20171002061834,'V200DropUnusedResourceFields','2022-12-22 22:16:22','2022-12-22 22:16:22',0),(20171006141922,'V200AddFavoriteModifiedField','2022-12-22 22:16:22','2022-12-22 22:16:22',0),(20171009093000,'V200DropUnusedPermissionTypesTable','2022-12-22 22:16:22','2022-12-22 22:16:22',0),(20171009093001,'V200MigrateEmailsTable','2022-12-22 22:16:22','2022-12-22 22:16:22',0),(20171009093002,'V200MigrateFileStorageTable','2022-12-22 22:16:22','2022-12-22 22:16:22',0),(20171025154754,'V200AddCommentsUserIdField','2022-12-22 22:16:22','2022-12-22 22:16:22',0),(20180102065042,'V200MigrateForeignIdField','2022-12-22 22:16:22','2022-12-22 22:16:22',0),(20180102180000,'V200DropUnusedTables','2022-12-22 22:16:22','2022-12-22 22:16:22',0),(20180102221500,'V200AddMissingTablesIndexes','2022-12-22 22:16:22','2022-12-22 22:16:22',0),(20180413171600,'V202ForceColumnsCharset','2022-12-22 22:16:22','2022-12-22 22:16:22',0),(20180503135810,'V210InstallAccountSettingsPlugin','2022-12-22 22:16:22','2022-12-22 22:16:22',0),(20180930151500,'V240AddAuthenticationTokenType','2022-12-22 22:16:22','2022-12-22 22:16:22',0),(20181002171600,'V240ExtendAccountSettingsPlugin','2022-12-22 22:16:22','2022-12-22 22:16:22',0),(20181210170000,'V270AddMissingIndexes','2022-12-22 22:16:22','2022-12-22 22:16:22',0),(20190106170300,'V280AdditionalEmailMigration','2022-12-22 22:16:22','2022-12-22 22:16:22',0),(20190106170301,'V280AdditionalFileStorageMigration','2022-12-22 22:16:22','2022-12-22 22:16:22',0),(20190106170302,'V280FileDirectoryPathsMigrations','2022-12-22 22:16:22','2022-12-22 22:16:22',0),(20190112124290,'V270AddActionsTable','2022-12-22 22:16:22','2022-12-22 22:16:22',0),(20190112124300,'V270AddActionLogsTable','2022-12-22 22:16:22','2022-12-22 22:16:22',0),(20190121111100,'V270AddEntitiesHistoryTable','2022-12-22 22:16:22','2022-12-22 22:16:22',0),(20190121121100,'V270AddPermissionsHistoryTable','2022-12-22 22:16:22','2022-12-22 22:16:22',0),(20190211124300,'V270AddSecretsHistoryTable','2022-12-22 22:16:22','2022-12-22 22:16:22',0),(20190221124300,'V270AddSecretAccessesTable','2022-12-22 22:16:22','2022-12-22 22:16:22',0),(20190512115400,'V2100AddOrganizationSettingsTable','2022-12-22 22:16:22','2022-12-22 22:16:22',0),(20190623143400,'V2110ExtendKeyIdSizeField','2022-12-22 22:16:22','2022-12-22 22:16:22',0),(20190923103000,'V2120UpdateEmailQueue','2022-12-22 22:16:22','2022-12-22 22:16:22',0),(20191119160000,'V2120DropUnusedTables','2022-12-22 22:16:22','2022-12-22 22:16:22',0),(20200108135000,'V2130DropLegacyAnonymousUser','2022-12-22 22:16:22','2022-12-22 22:16:22',0),(20200319135000,'V2130SoftDeleteGpgKeysForSoftDeletedUsers','2022-12-22 22:16:22','2022-12-22 22:16:22',0),(20200501182000,'V2130ReconcileLoginHistory','2022-12-22 22:16:22','2022-12-22 22:16:22',0),(20200806110200,'V300ExtendSecretsDataField','2022-12-22 22:16:22','2022-12-22 22:16:22',0),(20200806110201,'V300AddResourceTypeIdField','2022-12-22 22:16:22','2022-12-22 22:16:22',0),(20200806110202,'V300AddResourceTypesTable','2022-12-22 22:16:22','2022-12-22 22:16:22',0),(20200806110203,'V300AddResourceTypesDefaultData','2022-12-22 22:16:22','2022-12-22 22:16:22',0),(20200806110204,'V300AddResourceTypesToResources','2022-12-22 22:16:22','2022-12-22 22:16:22',0),(20200824191900,'V2136CleanupUnusedActionLogs','2022-12-22 22:16:22','2022-12-22 22:16:22',0),(20200824191901,'V2136AddActionLogsRelatedIndexes','2022-12-22 22:16:22','2022-12-22 22:16:22',0),(20201221093528,'V300DeleteMetadataOfSoftDeletedResources','2022-12-22 22:16:22','2022-12-22 22:16:22',0),(20210111163200,'V300AddActionLogsExtraIndex','2022-12-22 22:16:22','2022-12-22 22:16:22',0),(20210121141742,'V320AddAvatarsTable','2022-12-22 22:16:22','2022-12-22 22:16:22',0),(20210125212543,'V320TransferFileStorageToAvatars','2022-12-22 22:16:22','2022-12-22 22:16:22',0),(20210206521254,'V320DropFileStorage','2022-12-22 22:16:22','2022-12-22 22:16:22',0),(20210329110000,'V320FixResourceTypesDefaultData','2022-12-22 22:16:22','2022-12-22 22:16:22',0),(20210427124200,'V330AddMobileTransferTable','2022-12-22 22:16:22','2022-12-22 22:16:22',0),(20211027202137,'V331ConvertEmailVariablesToJson','2022-12-22 22:16:22','2022-12-22 22:16:22',0),(20211121231300,'V340MigrateASCIIFieldsEncoding','2022-12-22 22:16:22','2022-12-22 22:16:22',0),(20211122732400,'V350ConvertIdFieldsToUuidFields','2022-12-22 22:16:22','2022-12-22 22:16:22',0),(20211215180000,'V350RemovePermissionsTypeIndex','2022-12-22 22:16:22','2022-12-22 22:16:22',0),(20211215180001,'V350AddPermissionsCombinedIndex','2022-12-22 22:16:22','2022-12-22 22:16:22',0),(20220103180000,'V350IncreaseResourcesNameUsernameColumnsSize','2022-12-22 22:16:22','2022-12-22 22:16:22',0),(20220103180001,'V350IncreaseResourcesNameUsernameLengthInResourceTypes','2022-12-22 22:16:22','2022-12-22 22:16:22',0),(20220405232411,'V360RemoveAuthLoginLoginGetActionFromLogs','2022-12-22 22:16:22','2022-12-22 22:16:22',0),(20220405234003,'V360RemoveAuthCheckSessionCheckSessionGetFromLogs','2022-12-22 22:16:22','2022-12-22 22:16:22',0),(20220405234359,'V360RemoveAuthIsAuthenticatedIsAuthenticatedFromLogs','2022-12-22 22:16:22','2022-12-22 22:16:22',0),(20220802151030,'V380AlterNameAndSlugOnResourceTypes','2022-12-22 22:16:22','2022-12-22 22:16:22',0),(20220802151740,'V380TrimSpacesOnResourceTypesNameAndSlug','2022-12-22 22:16:22','2022-12-22 22:16:22',0),(20220913233909,'V380SaveSmtpSettingsInDb','2022-12-22 22:16:22','2022-12-22 22:16:22',0);
/*!40000 ALTER TABLE `phinxlog` ENABLE KEYS */;
UNLOCK TABLES;

--
-- Table structure for table `profiles`
--

DROP TABLE IF EXISTS `profiles`;
/*!40101 SET @saved_cs_client     = @@character_set_client */;
/*!40101 SET character_set_client = utf8 */;
CREATE TABLE `profiles` (
  `id` char(36) CHARACTER SET ascii COLLATE ascii_general_ci NOT NULL,
  `user_id` char(36) CHARACTER SET ascii COLLATE ascii_general_ci NOT NULL,
  `first_name` varchar(255) NOT NULL,
  `last_name` varchar(255) NOT NULL,
  `created` datetime NOT NULL,
  `modified` datetime NOT NULL,
  PRIMARY KEY (`id`)
) ENGINE=InnoDB DEFAULT CHARSET=utf8mb4 COLLATE=utf8mb4_unicode_ci;
/*!40101 SET character_set_client = @saved_cs_client */;

--
-- Dumping data for table `profiles`
--

LOCK TABLES `profiles` WRITE;
/*!40000 ALTER TABLE `profiles` DISABLE KEYS */;
INSERT INTO `profiles` VALUES ('eab9e59e-4f01-4c59-94ef-c1236f7b42f0','61a828cd-768f-4264-80de-326e594526f8','User','Example','2022-12-22 22:16:44','2022-12-22 22:16:44');
/*!40000 ALTER TABLE `profiles` ENABLE KEYS */;
UNLOCK TABLES;

--
-- Table structure for table `resource_types`
--

DROP TABLE IF EXISTS `resource_types`;
/*!40101 SET @saved_cs_client     = @@character_set_client */;
/*!40101 SET character_set_client = utf8 */;
CREATE TABLE `resource_types` (
  `id` char(36) CHARACTER SET ascii COLLATE ascii_general_ci NOT NULL,
  `slug` varchar(64) NOT NULL,
  `name` varchar(64) NOT NULL,
  `description` char(255) DEFAULT NULL,
  `definition` text DEFAULT NULL,
  `created` datetime NOT NULL,
  `modified` datetime NOT NULL,
  PRIMARY KEY (`id`),
  UNIQUE KEY `slug` (`slug`)
) ENGINE=InnoDB DEFAULT CHARSET=utf8mb4 COLLATE=utf8mb4_unicode_ci;
/*!40101 SET character_set_client = @saved_cs_client */;

--
-- Dumping data for table `resource_types`
--

LOCK TABLES `resource_types` WRITE;
/*!40000 ALTER TABLE `resource_types` DISABLE KEYS */;
INSERT INTO `resource_types` VALUES ('669f8c64-242a-59fb-92fc-81f660975fd3','password-string','Simple password','The original passbolt resource type, where the secret is a non empty string.','{\"resource\":{\"type\":\"object\",\"required\":[\"name\"],\"properties\":{\"name\":{\"type\":\"string\",\"maxLength\":255},\"username\":{\"anyOf\":[{\"type\":\"string\",\"maxLength\":255},{\"type\":\"null\"}]},\"uri\":{\"anyOf\":[{\"type\":\"string\",\"maxLength\":1024},{\"type\":\"null\"}]},\"description\":{\"anyOf\":[{\"type\":\"string\",\"maxLength\":10000},{\"type\":\"null\"}]}}},\"secret\":{\"type\":\"string\",\"maxLength\":4096}}','2022-12-22 22:16:22','2022-12-22 22:16:22'),('a28a04cd-6f53-518a-967c-9963bf9cec51','password-and-description','Password with description','A resource with the password and the description encrypted.','{\"resource\":{\"type\":\"object\",\"required\":[\"name\"],\"properties\":{\"name\":{\"type\":\"string\",\"maxLength\":255},\"username\":{\"anyOf\":[{\"type\":\"string\",\"maxLength\":255},{\"type\":\"null\"}]},\"uri\":{\"anyOf\":[{\"type\":\"string\",\"maxLength\":1024},{\"type\":\"null\"}]}}},\"secret\":{\"type\":\"object\",\"required\":[\"password\"],\"properties\":{\"password\":{\"type\":\"string\",\"maxLength\":4096},\"description\":{\"anyOf\":[{\"type\":\"string\",\"maxLength\":10000},{\"type\":\"null\"}]}}}}','2022-12-22 22:16:22','2022-12-22 22:16:22');
/*!40000 ALTER TABLE `resource_types` ENABLE KEYS */;
UNLOCK TABLES;

--
-- Table structure for table `resources`
--

DROP TABLE IF EXISTS `resources`;
/*!40101 SET @saved_cs_client     = @@character_set_client */;
/*!40101 SET character_set_client = utf8 */;
CREATE TABLE `resources` (
  `id` char(36) CHARACTER SET ascii COLLATE ascii_general_ci NOT NULL,
  `name` varchar(255) NOT NULL,
  `username` varchar(255) DEFAULT NULL,
  `uri` varchar(1024) DEFAULT NULL,
  `description` text DEFAULT NULL,
  `deleted` tinyint(1) NOT NULL DEFAULT 0,
  `created` datetime NOT NULL,
  `modified` datetime NOT NULL,
  `created_by` char(36) CHARACTER SET ascii COLLATE ascii_general_ci NOT NULL,
  `modified_by` char(36) CHARACTER SET ascii COLLATE ascii_general_ci NOT NULL,
  `resource_type_id` char(36) CHARACTER SET ascii COLLATE ascii_general_ci DEFAULT NULL,
  PRIMARY KEY (`id`),
  KEY `deleted` (`deleted`),
  KEY `resource_type_id` (`resource_type_id`)
) ENGINE=InnoDB DEFAULT CHARSET=utf8mb4 COLLATE=utf8mb4_unicode_ci;
/*!40101 SET character_set_client = @saved_cs_client */;

--
-- Dumping data for table `resources`
--

LOCK TABLES `resources` WRITE;
/*!40000 ALTER TABLE `resources` DISABLE KEYS */;
INSERT INTO `resources` VALUES ('184734ea-8be3-4f5a-ba6c-5f4b3c0603e8','APP_EXAMPLE','admin','https://app.example.com',NULL,0,'2022-12-22 22:27:17','2022-12-22 22:27:17','61a828cd-768f-4264-80de-326e594526f8','61a828cd-768f-4264-80de-326e594526f8','a28a04cd-6f53-518a-967c-9963bf9cec51'),('cec328ec-cb1f-48f6-be1e-1ca35fc3c62d','APP2_EXAMPLE','admin','https://app2.example.com',NULL,0,'2022-12-22 22:28:43','2022-12-22 22:28:43','61a828cd-768f-4264-80de-326e594526f8','61a828cd-768f-4264-80de-326e594526f8','a28a04cd-6f53-518a-967c-9963bf9cec51');
/*!40000 ALTER TABLE `resources` ENABLE KEYS */;
UNLOCK TABLES;

--
-- Table structure for table `roles`
--

DROP TABLE IF EXISTS `roles`;
/*!40101 SET @saved_cs_client     = @@character_set_client */;
/*!40101 SET character_set_client = utf8 */;
CREATE TABLE `roles` (
  `id` char(36) CHARACTER SET ascii COLLATE ascii_general_ci NOT NULL,
  `name` varchar(50) NOT NULL,
  `description` varchar(255) DEFAULT NULL,
  `created` datetime NOT NULL,
  `modified` datetime NOT NULL,
  PRIMARY KEY (`id`),
  UNIQUE KEY `name` (`name`)
) ENGINE=InnoDB DEFAULT CHARSET=utf8mb4 COLLATE=utf8mb4_unicode_ci;
/*!40101 SET character_set_client = @saved_cs_client */;

--
-- Dumping data for table `roles`
--

LOCK TABLES `roles` WRITE;
/*!40000 ALTER TABLE `roles` DISABLE KEYS */;
INSERT INTO `roles` VALUES ('85faf30a-8672-43f3-be0b-409e9568c286','root','Super Administrator','2012-07-04 13:39:25','2012-07-04 13:39:25'),('b663cbac-19b1-4142-bf60-9910a8c4ca1f','admin','Organization administrator','2012-07-04 13:39:25','2012-07-04 13:39:25'),('d85f4fce-1a48-492b-8f2f-2c0e93262de6','user','Logged in user','2012-07-04 13:39:25','2012-07-04 13:39:25'),('f0fe356e-9da7-4425-a1ef-b4a4d636c95d','guest','Non logged in user','2012-07-04 13:39:25','2012-07-04 13:39:25');
/*!40000 ALTER TABLE `roles` ENABLE KEYS */;
UNLOCK TABLES;

--
-- Table structure for table `secret_accesses`
--

DROP TABLE IF EXISTS `secret_accesses`;
/*!40101 SET @saved_cs_client     = @@character_set_client */;
/*!40101 SET character_set_client = utf8 */;
CREATE TABLE `secret_accesses` (
  `id` char(36) CHARACTER SET ascii COLLATE ascii_general_ci NOT NULL,
  `user_id` char(36) CHARACTER SET ascii COLLATE ascii_general_ci NOT NULL,
  `resource_id` char(36) CHARACTER SET ascii COLLATE ascii_general_ci NOT NULL,
  `secret_id` char(36) CHARACTER SET ascii COLLATE ascii_general_ci NOT NULL,
  `created` datetime NOT NULL,
  PRIMARY KEY (`id`),
  KEY `id` (`id`),
  KEY `secret_id` (`secret_id`),
  KEY `user_id` (`user_id`,`resource_id`),
  KEY `resource_id` (`resource_id`),
  KEY `user_id_2` (`user_id`)
) ENGINE=InnoDB DEFAULT CHARSET=utf8mb4 COLLATE=utf8mb4_unicode_ci;
/*!40101 SET character_set_client = @saved_cs_client */;

--
-- Dumping data for table `secret_accesses`
--

LOCK TABLES `secret_accesses` WRITE;
/*!40000 ALTER TABLE `secret_accesses` DISABLE KEYS */;
INSERT INTO `secret_accesses` VALUES ('0002904f-aa27-4754-b76a-330c96b20bb3','61a828cd-768f-4264-80de-326e594526f8','184734ea-8be3-4f5a-ba6c-5f4b3c0603e8','b2ce14be-6976-43c7-9ec9-46b3adeaf371','2022-12-22 22:33:23'),('00228e46-ed71-4081-ade1-ad6bf3e1b66e','61a828cd-768f-4264-80de-326e594526f8','cec328ec-cb1f-48f6-be1e-1ca35fc3c62d','fc7d5d20-d902-4cea-ba75-2913a048754e','2022-12-22 22:33:02'),('0231660f-a40d-4c0f-8fb0-a2fc84f6572c','61a828cd-768f-4264-80de-326e594526f8','cec328ec-cb1f-48f6-be1e-1ca35fc3c62d','fc7d5d20-d902-4cea-ba75-2913a048754e','2022-12-22 22:33:22'),('03c17ac6-c6f0-4d3e-aa9e-9cd361950f54','61a828cd-768f-4264-80de-326e594526f8','cec328ec-cb1f-48f6-be1e-1ca35fc3c62d','fc7d5d20-d902-4cea-ba75-2913a048754e','2022-12-22 22:33:07'),('053f45b3-45b6-4874-b7ac-634964c739c2','61a828cd-768f-4264-80de-326e594526f8','cec328ec-cb1f-48f6-be1e-1ca35fc3c62d','fc7d5d20-d902-4cea-ba75-2913a048754e','2022-12-22 22:32:54'),('0711a5dd-cba6-43c7-ba57-bfacfc2d64ea','61a828cd-768f-4264-80de-326e594526f8','184734ea-8be3-4f5a-ba6c-5f4b3c0603e8','b2ce14be-6976-43c7-9ec9-46b3adeaf371','2023-01-11 08:30:10'),('07d89d8d-300b-47f0-b180-b673c3820ab4','61a828cd-768f-4264-80de-326e594526f8','184734ea-8be3-4f5a-ba6c-5f4b3c0603e8','b2ce14be-6976-43c7-9ec9-46b3adeaf371','2022-12-22 22:33:12'),('0b5f6b22-5e5b-41bc-9510-67b287ecc0fa','61a828cd-768f-4264-80de-326e594526f8','cec328ec-cb1f-48f6-be1e-1ca35fc3c62d','fc7d5d20-d902-4cea-ba75-2913a048754e','2022-12-22 22:32:57'),('0bb85e52-9bbb-4b3d-a1d2-4f8583598c1c','61a828cd-768f-4264-80de-326e594526f8','184734ea-8be3-4f5a-ba6c-5f4b3c0603e8','b2ce14be-6976-43c7-9ec9-46b3adeaf371','2022-12-22 22:32:54'),('0bc1a206-a45d-44a2-a965-5283f5185a3b','61a828cd-768f-4264-80de-326e594526f8','184734ea-8be3-4f5a-ba6c-5f4b3c0603e8','b2ce14be-6976-43c7-9ec9-46b3adeaf371','2022-12-22 22:32:53'),('0d2b29d2-141b-4a47-805d-1c6475b0ddb0','61a828cd-768f-4264-80de-326e594526f8','184734ea-8be3-4f5a-ba6c-5f4b3c0603e8','b2ce14be-6976-43c7-9ec9-46b3adeaf371','2023-01-11 08:30:10'),('0d565884-0d0a-497c-8601-9fed5493f2b4','61a828cd-768f-4264-80de-326e594526f8','184734ea-8be3-4f5a-ba6c-5f4b3c0603e8','b2ce14be-6976-43c7-9ec9-46b3adeaf371','2022-12-22 22:32:46'),('0f281233-e74b-4bde-9063-4343372cec25','61a828cd-768f-4264-80de-326e594526f8','184734ea-8be3-4f5a-ba6c-5f4b3c0603e8','b2ce14be-6976-43c7-9ec9-46b3adeaf371','2022-12-22 22:33:05'),('10575d9d-d016-48ca-99cc-db29cf538e29','61a828cd-768f-4264-80de-326e594526f8','184734ea-8be3-4f5a-ba6c-5f4b3c0603e8','b2ce14be-6976-43c7-9ec9-46b3adeaf371','2022-12-22 22:33:08'),('11e4b1ff-dd4b-4e22-a6ce-1634209233e2','61a828cd-768f-4264-80de-326e594526f8','cec328ec-cb1f-48f6-be1e-1ca35fc3c62d','fc7d5d20-d902-4cea-ba75-2913a048754e','2022-12-22 22:33:18'),('12ca1b70-c86e-4743-8942-89c635b2778a','61a828cd-768f-4264-80de-326e594526f8','cec328ec-cb1f-48f6-be1e-1ca35fc3c62d','fc7d5d20-d902-4cea-ba75-2913a048754e','2022-12-22 22:33:19'),('1319980f-f88b-41d6-af4a-10f71a0be60d','61a828cd-768f-4264-80de-326e594526f8','184734ea-8be3-4f5a-ba6c-5f4b3c0603e8','b2ce14be-6976-43c7-9ec9-46b3adeaf371','2022-12-22 22:33:18'),('13296fbd-fd4f-408c-8699-60feb32a20ca','61a828cd-768f-4264-80de-326e594526f8','184734ea-8be3-4f5a-ba6c-5f4b3c0603e8','b2ce14be-6976-43c7-9ec9-46b3adeaf371','2023-01-11 08:29:00'),('14f716cd-3467-4cfc-8e52-c8963d5dc1b0','61a828cd-768f-4264-80de-326e594526f8','cec328ec-cb1f-48f6-be1e-1ca35fc3c62d','fc7d5d20-d902-4cea-ba75-2913a048754e','2022-12-22 22:33:15'),('16bc161e-d41a-457e-aa2b-10245e76dcab','61a828cd-768f-4264-80de-326e594526f8','184734ea-8be3-4f5a-ba6c-5f4b3c0603e8','b2ce14be-6976-43c7-9ec9-46b3adeaf371','2023-01-11 08:30:10'),('17bcb244-7b8f-4b30-becd-e893d4991a0d','61a828cd-768f-4264-80de-326e594526f8','184734ea-8be3-4f5a-ba6c-5f4b3c0603e8','b2ce14be-6976-43c7-9ec9-46b3adeaf371','2022-12-22 22:33:30'),('1817fa7d-7c3b-4632-a35a-55d0d83196ad','61a828cd-768f-4264-80de-326e594526f8','184734ea-8be3-4f5a-ba6c-5f4b3c0603e8','b2ce14be-6976-43c7-9ec9-46b3adeaf371','2022-12-22 22:33:21'),('1980a6fe-771e-49e8-9b7a-f90b23cb0c22','61a828cd-768f-4264-80de-326e594526f8','184734ea-8be3-4f5a-ba6c-5f4b3c0603e8','b2ce14be-6976-43c7-9ec9-46b3adeaf371','2022-12-22 22:32:44'),('1982e914-0fcb-4f45-991a-7e798b222f97','61a828cd-768f-4264-80de-326e594526f8','cec328ec-cb1f-48f6-be1e-1ca35fc3c62d','fc7d5d20-d902-4cea-ba75-2913a048754e','2022-12-22 22:33:20'),('1997611e-c651-4835-a6bf-886ea20af81d','61a828cd-768f-4264-80de-326e594526f8','184734ea-8be3-4f5a-ba6c-5f4b3c0603e8','b2ce14be-6976-43c7-9ec9-46b3adeaf371','2023-01-11 08:30:10'),('1a3ab5f8-588f-485b-863f-1602fcee9e57','61a828cd-768f-4264-80de-326e594526f8','cec328ec-cb1f-48f6-be1e-1ca35fc3c62d','fc7d5d20-d902-4cea-ba75-2913a048754e','2022-12-22 22:33:05'),('1ac7daef-85ae-4935-b00e-7baf22b3a573','61a828cd-768f-4264-80de-326e594526f8','cec328ec-cb1f-48f6-be1e-1ca35fc3c62d','fc7d5d20-d902-4cea-ba75-2913a048754e','2022-12-22 22:33:17'),('1b49be53-1abc-40bf-b9a1-200331a49b97','61a828cd-768f-4264-80de-326e594526f8','184734ea-8be3-4f5a-ba6c-5f4b3c0603e8','b2ce14be-6976-43c7-9ec9-46b3adeaf371','2022-12-22 22:33:21'),('1d2eadd0-c4d0-4be0-a220-814d1266d6fa','61a828cd-768f-4264-80de-326e594526f8','cec328ec-cb1f-48f6-be1e-1ca35fc3c62d','fc7d5d20-d902-4cea-ba75-2913a048754e','2022-12-22 22:33:30'),('1e601c1a-c493-4b1d-9963-55cd3e802141','61a828cd-768f-4264-80de-326e594526f8','184734ea-8be3-4f5a-ba6c-5f4b3c0603e8','b2ce14be-6976-43c7-9ec9-46b3adeaf371','2022-12-22 22:33:20'),('1ea7b3f3-bf07-4fd5-bff6-49a4666001cb','61a828cd-768f-4264-80de-326e594526f8','cec328ec-cb1f-48f6-be1e-1ca35fc3c62d','fc7d5d20-d902-4cea-ba75-2913a048754e','2022-12-22 22:32:57'),('1ecef13c-9f0b-4824-84cd-81f00d9729ad','61a828cd-768f-4264-80de-326e594526f8','184734ea-8be3-4f5a-ba6c-5f4b3c0603e8','b2ce14be-6976-43c7-9ec9-46b3adeaf371','2022-12-22 22:33:14'),('1f0df1fb-3da5-4c76-b2e8-b08fbfc0117b','61a828cd-768f-4264-80de-326e594526f8','cec328ec-cb1f-48f6-be1e-1ca35fc3c62d','fc7d5d20-d902-4cea-ba75-2913a048754e','2022-12-22 22:32:42'),('2057c502-f311-4319-8c3c-6983b893e97f','61a828cd-768f-4264-80de-326e594526f8','184734ea-8be3-4f5a-ba6c-5f4b3c0603e8','b2ce14be-6976-43c7-9ec9-46b3adeaf371','2022-12-22 22:28:14'),('21682a10-71e4-4b9b-88a9-113aae1dd162','61a828cd-768f-4264-80de-326e594526f8','184734ea-8be3-4f5a-ba6c-5f4b3c0603e8','b2ce14be-6976-43c7-9ec9-46b3adeaf371','2022-12-22 22:33:10'),('234dcc28-cee3-4c27-895e-d29dc6600163','61a828cd-768f-4264-80de-326e594526f8','184734ea-8be3-4f5a-ba6c-5f4b3c0603e8','b2ce14be-6976-43c7-9ec9-46b3adeaf371','2022-12-22 22:32:57'),('23833f3e-f9f7-4780-aba5-f9065c0435d1','61a828cd-768f-4264-80de-326e594526f8','cec328ec-cb1f-48f6-be1e-1ca35fc3c62d','fc7d5d20-d902-4cea-ba75-2913a048754e','2022-12-22 22:32:36'),('240463b1-9e90-45c8-9519-b81d3ab76797','61a828cd-768f-4264-80de-326e594526f8','cec328ec-cb1f-48f6-be1e-1ca35fc3c62d','fc7d5d20-d902-4cea-ba75-2913a048754e','2022-12-22 22:33:20'),('24990f78-f079-41fa-bfbf-ead4c900a12e','61a828cd-768f-4264-80de-326e594526f8','cec328ec-cb1f-48f6-be1e-1ca35fc3c62d','fc7d5d20-d902-4cea-ba75-2913a048754e','2022-12-22 22:33:17'),('2571b334-4ee7-4849-9703-c15118d5f4e0','61a828cd-768f-4264-80de-326e594526f8','184734ea-8be3-4f5a-ba6c-5f4b3c0603e8','b2ce14be-6976-43c7-9ec9-46b3adeaf371','2022-12-22 22:33:29'),('260f8d4e-295d-41e9-9975-70f83199f051','61a828cd-768f-4264-80de-326e594526f8','184734ea-8be3-4f5a-ba6c-5f4b3c0603e8','b2ce14be-6976-43c7-9ec9-46b3adeaf371','2023-01-06 10:23:45'),('26557694-e3f6-4dd0-8e03-1dfcadc682f2','61a828cd-768f-4264-80de-326e594526f8','cec328ec-cb1f-48f6-be1e-1ca35fc3c62d','fc7d5d20-d902-4cea-ba75-2913a048754e','2022-12-22 22:33:25'),('265e9344-71da-47b1-a3c9-e20d9734735a','61a828cd-768f-4264-80de-326e594526f8','184734ea-8be3-4f5a-ba6c-5f4b3c0603e8','b2ce14be-6976-43c7-9ec9-46b3adeaf371','2023-01-11 08:29:01'),('272df549-fea2-4a33-bfb9-0647dbcf7a5e','61a828cd-768f-4264-80de-326e594526f8','184734ea-8be3-4f5a-ba6c-5f4b3c0603e8','b2ce14be-6976-43c7-9ec9-46b3adeaf371','2023-01-06 10:23:45'),('27b1229a-8b12-461d-a0f0-d282c39cbe8d','61a828cd-768f-4264-80de-326e594526f8','184734ea-8be3-4f5a-ba6c-5f4b3c0603e8','b2ce14be-6976-43c7-9ec9-46b3adeaf371','2023-01-11 08:29:00'),('27c68eca-55b7-4c0a-ad88-fd165c6d235f','61a828cd-768f-4264-80de-326e594526f8','cec328ec-cb1f-48f6-be1e-1ca35fc3c62d','fc7d5d20-d902-4cea-ba75-2913a048754e','2022-12-22 22:32:42'),('2b8d85cb-7bbe-48dc-86a2-9a27746c00ea','61a828cd-768f-4264-80de-326e594526f8','cec328ec-cb1f-48f6-be1e-1ca35fc3c62d','fc7d5d20-d902-4cea-ba75-2913a048754e','2022-12-22 22:32:58'),('2bdb3910-78c3-44b3-a725-ec68063551ca','61a828cd-768f-4264-80de-326e594526f8','cec328ec-cb1f-48f6-be1e-1ca35fc3c62d','fc7d5d20-d902-4cea-ba75-2913a048754e','2022-12-22 22:32:55'),('2ff96b8f-8d7f-485b-ae75-657a954d2935','61a828cd-768f-4264-80de-326e594526f8','cec328ec-cb1f-48f6-be1e-1ca35fc3c62d','fc7d5d20-d902-4cea-ba75-2913a048754e','2022-12-22 22:32:59'),('3101eceb-4e71-481b-9de6-577d9b895cf5','61a828cd-768f-4264-80de-326e594526f8','184734ea-8be3-4f5a-ba6c-5f4b3c0603e8','b2ce14be-6976-43c7-9ec9-46b3adeaf371','2022-12-22 22:32:36'),('33a933de-8e46-4501-8b0e-a940d6a7fa69','61a828cd-768f-4264-80de-326e594526f8','184734ea-8be3-4f5a-ba6c-5f4b3c0603e8','b2ce14be-6976-43c7-9ec9-46b3adeaf371','2022-12-22 22:32:33'),('33c8fb3a-d5e0-4de1-9188-1b0b61c0267d','61a828cd-768f-4264-80de-326e594526f8','184734ea-8be3-4f5a-ba6c-5f4b3c0603e8','b2ce14be-6976-43c7-9ec9-46b3adeaf371','2022-12-22 22:33:24'),('33dea876-1dbf-4ec9-be7a-ec5f600ecee1','61a828cd-768f-4264-80de-326e594526f8','cec328ec-cb1f-48f6-be1e-1ca35fc3c62d','fc7d5d20-d902-4cea-ba75-2913a048754e','2022-12-22 22:32:58'),('33f3ab77-54b5-48f1-9092-390381509cc9','61a828cd-768f-4264-80de-326e594526f8','184734ea-8be3-4f5a-ba6c-5f4b3c0603e8','b2ce14be-6976-43c7-9ec9-46b3adeaf371','2023-01-11 08:29:02'),('34365a2f-efb2-4fa3-b9e7-f8fb1a4f2f2a','61a828cd-768f-4264-80de-326e594526f8','184734ea-8be3-4f5a-ba6c-5f4b3c0603e8','b2ce14be-6976-43c7-9ec9-46b3adeaf371','2022-12-22 22:32:59'),('34bff02a-62e6-4039-bf5c-d88578c73540','61a828cd-768f-4264-80de-326e594526f8','cec328ec-cb1f-48f6-be1e-1ca35fc3c62d','fc7d5d20-d902-4cea-ba75-2913a048754e','2022-12-22 22:33:15'),('355063ab-f05c-4ed2-b330-e8c9803d47c4','61a828cd-768f-4264-80de-326e594526f8','cec328ec-cb1f-48f6-be1e-1ca35fc3c62d','fc7d5d20-d902-4cea-ba75-2913a048754e','2022-12-22 22:33:07'),('36cb3eef-792e-4fbb-af58-daeccbd6886d','61a828cd-768f-4264-80de-326e594526f8','184734ea-8be3-4f5a-ba6c-5f4b3c0603e8','b2ce14be-6976-43c7-9ec9-46b3adeaf371','2023-01-11 08:30:10'),('377078ac-a436-410f-8a2c-5d0e3b433a7e','61a828cd-768f-4264-80de-326e594526f8','184734ea-8be3-4f5a-ba6c-5f4b3c0603e8','b2ce14be-6976-43c7-9ec9-46b3adeaf371','2023-01-06 10:23:46'),('37abb3cb-364a-4da3-98e5-00512a5560e4','61a828cd-768f-4264-80de-326e594526f8','184734ea-8be3-4f5a-ba6c-5f4b3c0603e8','b2ce14be-6976-43c7-9ec9-46b3adeaf371','2023-01-06 10:23:46'),('3a1d1c61-24b0-4f48-ac3b-20820f212a11','61a828cd-768f-4264-80de-326e594526f8','184734ea-8be3-4f5a-ba6c-5f4b3c0603e8','b2ce14be-6976-43c7-9ec9-46b3adeaf371','2022-12-22 22:33:02'),('3af0133a-959c-429d-95f9-6632c235d6cd','61a828cd-768f-4264-80de-326e594526f8','cec328ec-cb1f-48f6-be1e-1ca35fc3c62d','fc7d5d20-d902-4cea-ba75-2913a048754e','2022-12-22 22:32:43'),('3bfa9d48-8bd5-45e6-921d-94a00ff3ca30','61a828cd-768f-4264-80de-326e594526f8','cec328ec-cb1f-48f6-be1e-1ca35fc3c62d','fc7d5d20-d902-4cea-ba75-2913a048754e','2022-12-22 22:33:28'),('3c7d0caa-8ccd-4cf9-b28a-121c7c3f757c','61a828cd-768f-4264-80de-326e594526f8','184734ea-8be3-4f5a-ba6c-5f4b3c0603e8','b2ce14be-6976-43c7-9ec9-46b3adeaf371','2022-12-22 22:33:15'),('3ca5ac38-cee7-4b29-95ec-e0a031ef0199','61a828cd-768f-4264-80de-326e594526f8','184734ea-8be3-4f5a-ba6c-5f4b3c0603e8','b2ce14be-6976-43c7-9ec9-46b3adeaf371','2022-12-22 22:32:47'),('3ca83a5e-9a1c-4d62-b515-44a799d1a684','61a828cd-768f-4264-80de-326e594526f8','cec328ec-cb1f-48f6-be1e-1ca35fc3c62d','fc7d5d20-d902-4cea-ba75-2913a048754e','2022-12-22 22:33:24'),('3d84f717-b272-4373-bb0f-d2c73885f6c9','61a828cd-768f-4264-80de-326e594526f8','184734ea-8be3-4f5a-ba6c-5f4b3c0603e8','b2ce14be-6976-43c7-9ec9-46b3adeaf371','2022-12-22 22:32:35'),('3e0fc720-68da-4d02-932c-cd3dd7b07f3f','61a828cd-768f-4264-80de-326e594526f8','184734ea-8be3-4f5a-ba6c-5f4b3c0603e8','b2ce14be-6976-43c7-9ec9-46b3adeaf371','2023-01-06 10:23:46'),('3e5847ae-995a-44f8-882e-9f4cb9b03f3c','61a828cd-768f-4264-80de-326e594526f8','184734ea-8be3-4f5a-ba6c-5f4b3c0603e8','b2ce14be-6976-43c7-9ec9-46b3adeaf371','2023-01-06 10:22:36'),('40983ac0-f837-4d36-a4ca-7d03ec0eb1ca','61a828cd-768f-4264-80de-326e594526f8','184734ea-8be3-4f5a-ba6c-5f4b3c0603e8','b2ce14be-6976-43c7-9ec9-46b3adeaf371','2022-12-22 22:33:03'),('41ec2b95-9f62-4f5c-9ee4-b12281aec4cd','61a828cd-768f-4264-80de-326e594526f8','184734ea-8be3-4f5a-ba6c-5f4b3c0603e8','b2ce14be-6976-43c7-9ec9-46b3adeaf371','2022-12-22 22:32:46'),('428bd623-dc34-4bfe-a68e-bf2ca87d0d15','61a828cd-768f-4264-80de-326e594526f8','184734ea-8be3-4f5a-ba6c-5f4b3c0603e8','b2ce14be-6976-43c7-9ec9-46b3adeaf371','2022-12-22 22:32:52'),('42c5383c-9903-437d-8ff5-1515dcf93d01','61a828cd-768f-4264-80de-326e594526f8','184734ea-8be3-4f5a-ba6c-5f4b3c0603e8','b2ce14be-6976-43c7-9ec9-46b3adeaf371','2022-12-22 22:28:08'),('42d53379-27ce-4544-b231-6095c3a80dac','61a828cd-768f-4264-80de-326e594526f8','cec328ec-cb1f-48f6-be1e-1ca35fc3c62d','fc7d5d20-d902-4cea-ba75-2913a048754e','2022-12-22 22:32:55'),('42f27e31-e788-479d-9c27-12245b302808','61a828cd-768f-4264-80de-326e594526f8','cec328ec-cb1f-48f6-be1e-1ca35fc3c62d','fc7d5d20-d902-4cea-ba75-2913a048754e','2022-12-22 22:32:49'),('42f3587d-4ad9-41b6-bb6e-0030ed2cd616','61a828cd-768f-4264-80de-326e594526f8','184734ea-8be3-4f5a-ba6c-5f4b3c0603e8','b2ce14be-6976-43c7-9ec9-46b3adeaf371','2022-12-22 22:33:31'),('431fd159-abc4-4cc3-8d91-f4246175c49d','61a828cd-768f-4264-80de-326e594526f8','184734ea-8be3-4f5a-ba6c-5f4b3c0603e8','b2ce14be-6976-43c7-9ec9-46b3adeaf371','2022-12-22 22:32:43'),('436f04bc-921d-4371-85c5-e1fd397db3fd','61a828cd-768f-4264-80de-326e594526f8','184734ea-8be3-4f5a-ba6c-5f4b3c0603e8','b2ce14be-6976-43c7-9ec9-46b3adeaf371','2022-12-22 22:32:40'),('447335a1-7b3f-4261-b876-f45cb6b0b761','61a828cd-768f-4264-80de-326e594526f8','184734ea-8be3-4f5a-ba6c-5f4b3c0603e8','b2ce14be-6976-43c7-9ec9-46b3adeaf371','2023-01-06 10:22:37'),('44da2136-e143-49ea-8803-ccca5ebeff47','61a828cd-768f-4264-80de-326e594526f8','184734ea-8be3-4f5a-ba6c-5f4b3c0603e8','b2ce14be-6976-43c7-9ec9-46b3adeaf371','2022-12-22 22:32:40'),('465e7cef-40c8-4736-bdba-a31124a9ce10','61a828cd-768f-4264-80de-326e594526f8','184734ea-8be3-4f5a-ba6c-5f4b3c0603e8','b2ce14be-6976-43c7-9ec9-46b3adeaf371','2023-01-11 08:29:00'),('467b5952-5a0a-483b-892e-5fd63e61231a','61a828cd-768f-4264-80de-326e594526f8','cec328ec-cb1f-48f6-be1e-1ca35fc3c62d','fc7d5d20-d902-4cea-ba75-2913a048754e','2022-12-22 22:33:04'),('472cd9d1-3292-4c81-be2a-5ee3fee270fb','61a828cd-768f-4264-80de-326e594526f8','184734ea-8be3-4f5a-ba6c-5f4b3c0603e8','b2ce14be-6976-43c7-9ec9-46b3adeaf371','2022-12-22 22:32:52'),('4741c3d7-691f-4c24-86cf-3ff727d26ccd','61a828cd-768f-4264-80de-326e594526f8','184734ea-8be3-4f5a-ba6c-5f4b3c0603e8','b2ce14be-6976-43c7-9ec9-46b3adeaf371','2022-12-22 22:33:00'),('493c0866-0a24-4d4a-afc7-9ba589fd9387','61a828cd-768f-4264-80de-326e594526f8','184734ea-8be3-4f5a-ba6c-5f4b3c0603e8','b2ce14be-6976-43c7-9ec9-46b3adeaf371','2023-01-11 08:30:11'),('4983e97d-05b3-49b7-852e-2bc98ea2d5b8','61a828cd-768f-4264-80de-326e594526f8','184734ea-8be3-4f5a-ba6c-5f4b3c0603e8','b2ce14be-6976-43c7-9ec9-46b3adeaf371','2022-12-22 22:32:41'),('4996abe2-da5a-4f3c-bd13-c6074937357d','61a828cd-768f-4264-80de-326e594526f8','184734ea-8be3-4f5a-ba6c-5f4b3c0603e8','b2ce14be-6976-43c7-9ec9-46b3adeaf371','2022-12-22 22:32:58'),('4a6e8324-df9b-42fa-8d96-934128d47706','61a828cd-768f-4264-80de-326e594526f8','184734ea-8be3-4f5a-ba6c-5f4b3c0603e8','b2ce14be-6976-43c7-9ec9-46b3adeaf371','2022-12-22 22:32:44'),('4b5b91f5-299d-443c-8bf9-2a86363f6370','61a828cd-768f-4264-80de-326e594526f8','184734ea-8be3-4f5a-ba6c-5f4b3c0603e8','b2ce14be-6976-43c7-9ec9-46b3adeaf371','2022-12-22 22:33:31'),('4dc34ccd-5dc5-478e-abd8-b157237c435c','61a828cd-768f-4264-80de-326e594526f8','184734ea-8be3-4f5a-ba6c-5f4b3c0603e8','b2ce14be-6976-43c7-9ec9-46b3adeaf371','2022-12-22 22:33:17'),('4e751477-559e-4ef6-bfec-c0d8997778a6','61a828cd-768f-4264-80de-326e594526f8','184734ea-8be3-4f5a-ba6c-5f4b3c0603e8','b2ce14be-6976-43c7-9ec9-46b3adeaf371','2023-01-11 08:30:11'),('4e781ef4-873f-485a-8b5f-7691a819180b','61a828cd-768f-4264-80de-326e594526f8','184734ea-8be3-4f5a-ba6c-5f4b3c0603e8','b2ce14be-6976-43c7-9ec9-46b3adeaf371','2022-12-22 22:32:44'),('501b206f-5b68-4405-a1e9-669c0ed29eaf','61a828cd-768f-4264-80de-326e594526f8','cec328ec-cb1f-48f6-be1e-1ca35fc3c62d','fc7d5d20-d902-4cea-ba75-2913a048754e','2022-12-22 22:32:37'),('5156e21e-67da-42e1-b1bf-997e8c0925ee','61a828cd-768f-4264-80de-326e594526f8','cec328ec-cb1f-48f6-be1e-1ca35fc3c62d','fc7d5d20-d902-4cea-ba75-2913a048754e','2022-12-22 22:33:01'),('51a3408a-71c1-411a-a632-2bead2296123','61a828cd-768f-4264-80de-326e594526f8','184734ea-8be3-4f5a-ba6c-5f4b3c0603e8','b2ce14be-6976-43c7-9ec9-46b3adeaf371','2023-01-06 10:23:45'),('5321760b-97d3-4274-9496-b6410eeb52b6','61a828cd-768f-4264-80de-326e594526f8','cec328ec-cb1f-48f6-be1e-1ca35fc3c62d','fc7d5d20-d902-4cea-ba75-2913a048754e','2022-12-22 22:33:12'),('535c4961-800d-4e32-8c41-ebe9c96868f5','61a828cd-768f-4264-80de-326e594526f8','cec328ec-cb1f-48f6-be1e-1ca35fc3c62d','fc7d5d20-d902-4cea-ba75-2913a048754e','2022-12-22 22:32:46'),('53bce3a1-a03a-4cb6-aef2-9d77fd676880','61a828cd-768f-4264-80de-326e594526f8','184734ea-8be3-4f5a-ba6c-5f4b3c0603e8','b2ce14be-6976-43c7-9ec9-46b3adeaf371','2023-01-11 08:30:10'),('53e89904-a2a1-4779-887f-fb665eecb4c5','61a828cd-768f-4264-80de-326e594526f8','184734ea-8be3-4f5a-ba6c-5f4b3c0603e8','b2ce14be-6976-43c7-9ec9-46b3adeaf371','2023-01-11 08:30:11'),('53f9c453-e103-4020-8102-562e53bd9c76','61a828cd-768f-4264-80de-326e594526f8','184734ea-8be3-4f5a-ba6c-5f4b3c0603e8','b2ce14be-6976-43c7-9ec9-46b3adeaf371','2022-12-22 22:33:03'),('543fe41d-91d1-405d-a54b-45d2dc63f1a5','61a828cd-768f-4264-80de-326e594526f8','184734ea-8be3-4f5a-ba6c-5f4b3c0603e8','b2ce14be-6976-43c7-9ec9-46b3adeaf371','2022-12-22 22:32:55'),('5494f7c2-b710-4ddc-90dc-9600b7a2520a','61a828cd-768f-4264-80de-326e594526f8','cec328ec-cb1f-48f6-be1e-1ca35fc3c62d','fc7d5d20-d902-4cea-ba75-2913a048754e','2022-12-22 22:33:27'),('57273db7-6be3-4c1d-ba46-c545d6ceca3f','61a828cd-768f-4264-80de-326e594526f8','184734ea-8be3-4f5a-ba6c-5f4b3c0603e8','b2ce14be-6976-43c7-9ec9-46b3adeaf371','2023-01-06 10:22:35'),('58059c63-59db-4141-9b40-66279d12a79b','61a828cd-768f-4264-80de-326e594526f8','cec328ec-cb1f-48f6-be1e-1ca35fc3c62d','fc7d5d20-d902-4cea-ba75-2913a048754e','2022-12-22 22:33:07'),('5811c559-aefa-4e8f-8df4-4c565d302917','61a828cd-768f-4264-80de-326e594526f8','184734ea-8be3-4f5a-ba6c-5f4b3c0603e8','b2ce14be-6976-43c7-9ec9-46b3adeaf371','2022-12-22 22:32:34'),('58b77e92-cf11-4622-b6b8-65b4bbddd188','61a828cd-768f-4264-80de-326e594526f8','184734ea-8be3-4f5a-ba6c-5f4b3c0603e8','b2ce14be-6976-43c7-9ec9-46b3adeaf371','2022-12-22 22:32:37'),('59852cd7-e4d1-4456-8925-cb41a709f831','61a828cd-768f-4264-80de-326e594526f8','184734ea-8be3-4f5a-ba6c-5f4b3c0603e8','b2ce14be-6976-43c7-9ec9-46b3adeaf371','2022-12-22 22:32:46'),('5ba6b5ba-c189-401a-aaf3-ae8c0af0b3d1','61a828cd-768f-4264-80de-326e594526f8','cec328ec-cb1f-48f6-be1e-1ca35fc3c62d','fc7d5d20-d902-4cea-ba75-2913a048754e','2022-12-22 22:32:51'),('5d6168e4-e070-4274-8fad-2ab15dd99d26','61a828cd-768f-4264-80de-326e594526f8','184734ea-8be3-4f5a-ba6c-5f4b3c0603e8','b2ce14be-6976-43c7-9ec9-46b3adeaf371','2022-12-22 22:32:50'),('5d6bf70d-9c87-4945-ae49-5139e36414a8','61a828cd-768f-4264-80de-326e594526f8','cec328ec-cb1f-48f6-be1e-1ca35fc3c62d','fc7d5d20-d902-4cea-ba75-2913a048754e','2022-12-22 22:32:36'),('5e9387d1-dd2c-47e2-ac99-4bf983efd235','61a828cd-768f-4264-80de-326e594526f8','cec328ec-cb1f-48f6-be1e-1ca35fc3c62d','fc7d5d20-d902-4cea-ba75-2913a048754e','2022-12-22 22:32:35'),('5f658ef4-f606-4f63-b9d5-f7821cfcb06f','61a828cd-768f-4264-80de-326e594526f8','184734ea-8be3-4f5a-ba6c-5f4b3c0603e8','b2ce14be-6976-43c7-9ec9-46b3adeaf371','2022-12-22 22:32:33'),('6244c6cb-682c-49e8-b19f-621857d6f391','61a828cd-768f-4264-80de-326e594526f8','184734ea-8be3-4f5a-ba6c-5f4b3c0603e8','b2ce14be-6976-43c7-9ec9-46b3adeaf371','2022-12-22 22:32:55'),('62aed7ac-f7bf-4b3f-8b73-e6c9d158302a','61a828cd-768f-4264-80de-326e594526f8','184734ea-8be3-4f5a-ba6c-5f4b3c0603e8','b2ce14be-6976-43c7-9ec9-46b3adeaf371','2022-12-22 22:33:12'),('6346f789-302d-4462-bb70-861a670c3cc0','61a828cd-768f-4264-80de-326e594526f8','cec328ec-cb1f-48f6-be1e-1ca35fc3c62d','fc7d5d20-d902-4cea-ba75-2913a048754e','2022-12-22 22:33:22'),('671cd737-0b57-4439-a9fa-64848ef69fa9','61a828cd-768f-4264-80de-326e594526f8','184734ea-8be3-4f5a-ba6c-5f4b3c0603e8','b2ce14be-6976-43c7-9ec9-46b3adeaf371','2022-12-22 22:33:27'),('6845fbaf-4781-482c-a8f0-0a6cc07c2989','61a828cd-768f-4264-80de-326e594526f8','cec328ec-cb1f-48f6-be1e-1ca35fc3c62d','fc7d5d20-d902-4cea-ba75-2913a048754e','2022-12-22 22:33:30'),('6c18393d-ceda-4f34-a6af-2a98020a98fb','61a828cd-768f-4264-80de-326e594526f8','184734ea-8be3-4f5a-ba6c-5f4b3c0603e8','b2ce14be-6976-43c7-9ec9-46b3adeaf371','2022-12-22 22:32:58'),('6ea98175-36e6-4ede-917c-73450d7fa841','61a828cd-768f-4264-80de-326e594526f8','184734ea-8be3-4f5a-ba6c-5f4b3c0603e8','b2ce14be-6976-43c7-9ec9-46b3adeaf371','2022-12-22 22:32:59'),('6ec5ced1-de57-49dc-bc2e-939ad6a98998','61a828cd-768f-4264-80de-326e594526f8','cec328ec-cb1f-48f6-be1e-1ca35fc3c62d','fc7d5d20-d902-4cea-ba75-2913a048754e','2022-12-22 22:32:46'),('6ee5dc64-1ae9-4918-aca5-644526074d9b','61a828cd-768f-4264-80de-326e594526f8','184734ea-8be3-4f5a-ba6c-5f4b3c0603e8','b2ce14be-6976-43c7-9ec9-46b3adeaf371','2022-12-22 22:33:26'),('708e1e87-b905-4ffc-b749-ec6c26a2d867','61a828cd-768f-4264-80de-326e594526f8','cec328ec-cb1f-48f6-be1e-1ca35fc3c62d','fc7d5d20-d902-4cea-ba75-2913a048754e','2022-12-22 22:33:11'),('70fb9a33-8579-4414-8292-f374d013d3bf','61a828cd-768f-4264-80de-326e594526f8','cec328ec-cb1f-48f6-be1e-1ca35fc3c62d','fc7d5d20-d902-4cea-ba75-2913a048754e','2022-12-22 22:33:26'),('7160094a-f966-4544-a6ae-1d268974add5','61a828cd-768f-4264-80de-326e594526f8','cec328ec-cb1f-48f6-be1e-1ca35fc3c62d','fc7d5d20-d902-4cea-ba75-2913a048754e','2022-12-22 22:33:26'),('71aedd43-f0f7-4d79-8e1e-9e43ff24b10f','61a828cd-768f-4264-80de-326e594526f8','184734ea-8be3-4f5a-ba6c-5f4b3c0603e8','b2ce14be-6976-43c7-9ec9-46b3adeaf371','2022-12-22 22:32:41'),('72da5140-35c9-4c96-9bfb-1e47aa4933ca','61a828cd-768f-4264-80de-326e594526f8','cec328ec-cb1f-48f6-be1e-1ca35fc3c62d','fc7d5d20-d902-4cea-ba75-2913a048754e','2022-12-22 22:32:45'),('732dbe7f-34c9-4d54-8401-71891da67c72','61a828cd-768f-4264-80de-326e594526f8','cec328ec-cb1f-48f6-be1e-1ca35fc3c62d','fc7d5d20-d902-4cea-ba75-2913a048754e','2022-12-22 22:33:00'),('7412aa73-6366-4b61-ac1e-7c270b1a979e','61a828cd-768f-4264-80de-326e594526f8','cec328ec-cb1f-48f6-be1e-1ca35fc3c62d','fc7d5d20-d902-4cea-ba75-2913a048754e','2022-12-22 22:33:01'),('74c96fec-1a98-47e6-bfc1-c7702bf9a234','61a828cd-768f-4264-80de-326e594526f8','184734ea-8be3-4f5a-ba6c-5f4b3c0603e8','b2ce14be-6976-43c7-9ec9-46b3adeaf371','2022-12-22 22:32:38'),('78155ef5-83e6-4d97-a7ed-f192e31c1829','61a828cd-768f-4264-80de-326e594526f8','184734ea-8be3-4f5a-ba6c-5f4b3c0603e8','b2ce14be-6976-43c7-9ec9-46b3adeaf371','2022-12-22 22:33:05'),('781d82f8-e26e-4da7-b51e-695e2b61f675','61a828cd-768f-4264-80de-326e594526f8','cec328ec-cb1f-48f6-be1e-1ca35fc3c62d','fc7d5d20-d902-4cea-ba75-2913a048754e','2022-12-22 22:33:01'),('78b35ac3-a023-45d1-9267-0f358ecc8960','61a828cd-768f-4264-80de-326e594526f8','cec328ec-cb1f-48f6-be1e-1ca35fc3c62d','fc7d5d20-d902-4cea-ba75-2913a048754e','2022-12-22 22:33:30'),('7923bb58-895b-4a86-b7c7-458b772f563c','61a828cd-768f-4264-80de-326e594526f8','cec328ec-cb1f-48f6-be1e-1ca35fc3c62d','fc7d5d20-d902-4cea-ba75-2913a048754e','2022-12-22 22:33:11'),('7a1ca182-2667-4264-bafe-63791ae1351b','61a828cd-768f-4264-80de-326e594526f8','184734ea-8be3-4f5a-ba6c-5f4b3c0603e8','b2ce14be-6976-43c7-9ec9-46b3adeaf371','2022-12-22 22:33:24'),('7a8bb271-7830-4048-ac60-1daa7fd6bb09','61a828cd-768f-4264-80de-326e594526f8','184734ea-8be3-4f5a-ba6c-5f4b3c0603e8','b2ce14be-6976-43c7-9ec9-46b3adeaf371','2023-01-06 10:22:36'),('7acddbcd-efea-4683-affb-5107593713e9','61a828cd-768f-4264-80de-326e594526f8','184734ea-8be3-4f5a-ba6c-5f4b3c0603e8','b2ce14be-6976-43c7-9ec9-46b3adeaf371','2022-12-22 22:32:39'),('7b3db457-32dc-4aa5-abdb-ad0796f9c218','61a828cd-768f-4264-80de-326e594526f8','184734ea-8be3-4f5a-ba6c-5f4b3c0603e8','b2ce14be-6976-43c7-9ec9-46b3adeaf371','2022-12-22 22:32:58'),('7d796ae2-14ec-4f32-9f62-a5c4a231bda3','61a828cd-768f-4264-80de-326e594526f8','cec328ec-cb1f-48f6-be1e-1ca35fc3c62d','fc7d5d20-d902-4cea-ba75-2913a048754e','2022-12-22 22:33:29'),('7eb62645-b4ad-4686-9fcd-4b8820e301c2','61a828cd-768f-4264-80de-326e594526f8','cec328ec-cb1f-48f6-be1e-1ca35fc3c62d','fc7d5d20-d902-4cea-ba75-2913a048754e','2022-12-22 22:33:05'),('81122fb4-dffb-47cc-9a65-c093a21fbfc5','61a828cd-768f-4264-80de-326e594526f8','184734ea-8be3-4f5a-ba6c-5f4b3c0603e8','b2ce14be-6976-43c7-9ec9-46b3adeaf371','2022-12-22 22:33:13'),('822169fe-f3a0-42e9-9b75-3309f9ac42eb','61a828cd-768f-4264-80de-326e594526f8','184734ea-8be3-4f5a-ba6c-5f4b3c0603e8','b2ce14be-6976-43c7-9ec9-46b3adeaf371','2022-12-22 22:33:12'),('8231f151-d721-4df2-a67d-5d7d0a1fc6d6','61a828cd-768f-4264-80de-326e594526f8','184734ea-8be3-4f5a-ba6c-5f4b3c0603e8','b2ce14be-6976-43c7-9ec9-46b3adeaf371','2022-12-22 22:32:49'),('82569567-11df-4ae7-840a-71596f75c656','61a828cd-768f-4264-80de-326e594526f8','184734ea-8be3-4f5a-ba6c-5f4b3c0603e8','b2ce14be-6976-43c7-9ec9-46b3adeaf371','2022-12-22 22:32:56'),('82ac9162-a3ed-4f4d-b059-a4ab494e0a55','61a828cd-768f-4264-80de-326e594526f8','cec328ec-cb1f-48f6-be1e-1ca35fc3c62d','fc7d5d20-d902-4cea-ba75-2913a048754e','2022-12-22 22:32:51'),('82e79ff2-6631-4767-95cd-96540bb7e2a2','61a828cd-768f-4264-80de-326e594526f8','cec328ec-cb1f-48f6-be1e-1ca35fc3c62d','fc7d5d20-d902-4cea-ba75-2913a048754e','2022-12-22 22:33:09'),('848a3eac-43d1-44a7-83a3-998249386871','61a828cd-768f-4264-80de-326e594526f8','cec328ec-cb1f-48f6-be1e-1ca35fc3c62d','fc7d5d20-d902-4cea-ba75-2913a048754e','2022-12-22 22:32:34'),('8664848c-1070-4bf0-9723-25f99738daca','61a828cd-768f-4264-80de-326e594526f8','cec328ec-cb1f-48f6-be1e-1ca35fc3c62d','fc7d5d20-d902-4cea-ba75-2913a048754e','2022-12-22 22:32:48'),('87d2e1d7-3bac-45d0-96b6-fe508ea6bdec','61a828cd-768f-4264-80de-326e594526f8','184734ea-8be3-4f5a-ba6c-5f4b3c0603e8','b2ce14be-6976-43c7-9ec9-46b3adeaf371','2022-12-22 22:33:26'),('882f81fc-df30-4e6d-8d11-db2cd0759485','61a828cd-768f-4264-80de-326e594526f8','184734ea-8be3-4f5a-ba6c-5f4b3c0603e8','b2ce14be-6976-43c7-9ec9-46b3adeaf371','2022-12-22 22:33:23'),('8996f67c-159d-4aa6-8bc8-1e5390dfbc73','61a828cd-768f-4264-80de-326e594526f8','cec328ec-cb1f-48f6-be1e-1ca35fc3c62d','fc7d5d20-d902-4cea-ba75-2913a048754e','2022-12-22 22:32:34'),('89ecca4e-e455-4f7a-84b1-772af8104f36','61a828cd-768f-4264-80de-326e594526f8','cec328ec-cb1f-48f6-be1e-1ca35fc3c62d','fc7d5d20-d902-4cea-ba75-2913a048754e','2022-12-22 22:32:49'),('8a282dc6-f72a-4257-8f18-7ac370089150','61a828cd-768f-4264-80de-326e594526f8','184734ea-8be3-4f5a-ba6c-5f4b3c0603e8','b2ce14be-6976-43c7-9ec9-46b3adeaf371','2022-12-22 22:32:53'),('8b9eeb13-c50e-4cc5-b948-7ddddf9c99ac','61a828cd-768f-4264-80de-326e594526f8','cec328ec-cb1f-48f6-be1e-1ca35fc3c62d','fc7d5d20-d902-4cea-ba75-2913a048754e','2022-12-22 22:32:57'),('8d7d5247-7f48-4394-b5e5-f38d2bad2b77','61a828cd-768f-4264-80de-326e594526f8','184734ea-8be3-4f5a-ba6c-5f4b3c0603e8','b2ce14be-6976-43c7-9ec9-46b3adeaf371','2022-12-22 22:32:37'),('8dfb4994-ff45-43fb-bcfc-f77578df0771','61a828cd-768f-4264-80de-326e594526f8','cec328ec-cb1f-48f6-be1e-1ca35fc3c62d','fc7d5d20-d902-4cea-ba75-2913a048754e','2022-12-22 22:33:23'),('8e130e94-c86f-4f36-9dbd-552b8976d14f','61a828cd-768f-4264-80de-326e594526f8','184734ea-8be3-4f5a-ba6c-5f4b3c0603e8','b2ce14be-6976-43c7-9ec9-46b3adeaf371','2022-12-22 22:33:08'),('8f60a743-f814-45d6-b364-079f1778e0a4','61a828cd-768f-4264-80de-326e594526f8','184734ea-8be3-4f5a-ba6c-5f4b3c0603e8','b2ce14be-6976-43c7-9ec9-46b3adeaf371','2022-12-22 22:33:20'),('8f70e189-1339-4717-9718-b035f2ac27f8','61a828cd-768f-4264-80de-326e594526f8','cec328ec-cb1f-48f6-be1e-1ca35fc3c62d','fc7d5d20-d902-4cea-ba75-2913a048754e','2022-12-22 22:33:04'),('9050537f-4a38-4f82-8415-a09915509c48','61a828cd-768f-4264-80de-326e594526f8','cec328ec-cb1f-48f6-be1e-1ca35fc3c62d','fc7d5d20-d902-4cea-ba75-2913a048754e','2022-12-22 22:32:40'),('9382a5ee-582a-40af-95f7-30a202bfc8d5','61a828cd-768f-4264-80de-326e594526f8','184734ea-8be3-4f5a-ba6c-5f4b3c0603e8','b2ce14be-6976-43c7-9ec9-46b3adeaf371','2022-12-22 22:33:00'),('94b42ec6-6dd1-4101-93c7-8f88d882ffc4','61a828cd-768f-4264-80de-326e594526f8','cec328ec-cb1f-48f6-be1e-1ca35fc3c62d','fc7d5d20-d902-4cea-ba75-2913a048754e','2022-12-22 22:32:43'),('9611af90-4781-44fb-81e6-ac9f6ecb9ac2','61a828cd-768f-4264-80de-326e594526f8','184734ea-8be3-4f5a-ba6c-5f4b3c0603e8','b2ce14be-6976-43c7-9ec9-46b3adeaf371','2022-12-22 22:33:16'),('970da4e2-03a9-4137-ae33-7d249f1a2e0a','61a828cd-768f-4264-80de-326e594526f8','cec328ec-cb1f-48f6-be1e-1ca35fc3c62d','fc7d5d20-d902-4cea-ba75-2913a048754e','2022-12-22 22:32:36'),('98dc45be-ade8-400e-bf53-ad9e0c28ca25','61a828cd-768f-4264-80de-326e594526f8','cec328ec-cb1f-48f6-be1e-1ca35fc3c62d','fc7d5d20-d902-4cea-ba75-2913a048754e','2022-12-22 22:32:37'),('99bcafc4-d8d5-4af4-820c-4069a6117faf','61a828cd-768f-4264-80de-326e594526f8','184734ea-8be3-4f5a-ba6c-5f4b3c0603e8','b2ce14be-6976-43c7-9ec9-46b3adeaf371','2022-12-22 22:33:01'),('9ab5e018-24c1-4eb7-ac51-4a7b9f62fcba','61a828cd-768f-4264-80de-326e594526f8','cec328ec-cb1f-48f6-be1e-1ca35fc3c62d','fc7d5d20-d902-4cea-ba75-2913a048754e','2022-12-22 22:32:55'),('9ae0e295-53e8-4440-9ded-12064cb9518b','61a828cd-768f-4264-80de-326e594526f8','184734ea-8be3-4f5a-ba6c-5f4b3c0603e8','b2ce14be-6976-43c7-9ec9-46b3adeaf371','2022-12-22 22:32:36'),('9bd16a65-31f6-4e5e-b4fa-a17b1d8393c8','61a828cd-768f-4264-80de-326e594526f8','cec328ec-cb1f-48f6-be1e-1ca35fc3c62d','fc7d5d20-d902-4cea-ba75-2913a048754e','2022-12-22 22:33:22'),('9cf430cb-e3fa-481c-b369-37824945d09f','61a828cd-768f-4264-80de-326e594526f8','184734ea-8be3-4f5a-ba6c-5f4b3c0603e8','b2ce14be-6976-43c7-9ec9-46b3adeaf371','2022-12-22 22:33:05'),('9d11a3cc-7844-4d70-bf47-fbda14d9ca6b','61a828cd-768f-4264-80de-326e594526f8','cec328ec-cb1f-48f6-be1e-1ca35fc3c62d','fc7d5d20-d902-4cea-ba75-2913a048754e','2022-12-22 22:33:29'),('9d643d7b-4761-40f5-b11c-77e4dd866030','61a828cd-768f-4264-80de-326e594526f8','cec328ec-cb1f-48f6-be1e-1ca35fc3c62d','fc7d5d20-d902-4cea-ba75-2913a048754e','2022-12-22 22:32:39'),('9de23238-f28b-4c26-a688-ea8125405d62','61a828cd-768f-4264-80de-326e594526f8','184734ea-8be3-4f5a-ba6c-5f4b3c0603e8','b2ce14be-6976-43c7-9ec9-46b3adeaf371','2022-12-22 22:32:43'),('a120972f-a910-41bc-8437-a9e165b993a3','61a828cd-768f-4264-80de-326e594526f8','184734ea-8be3-4f5a-ba6c-5f4b3c0603e8','b2ce14be-6976-43c7-9ec9-46b3adeaf371','2022-12-22 22:33:27'),('a1fb2299-6017-4ae6-b7a6-86d4dd5831bb','61a828cd-768f-4264-80de-326e594526f8','184734ea-8be3-4f5a-ba6c-5f4b3c0603e8','b2ce14be-6976-43c7-9ec9-46b3adeaf371','2022-12-22 22:32:41'),('a368c86c-d5bd-4e8c-b6e1-561499848b9f','61a828cd-768f-4264-80de-326e594526f8','184734ea-8be3-4f5a-ba6c-5f4b3c0603e8','b2ce14be-6976-43c7-9ec9-46b3adeaf371','2022-12-22 22:33:18'),('a388019b-c1a8-459a-9f56-45b91be5a5fd','61a828cd-768f-4264-80de-326e594526f8','cec328ec-cb1f-48f6-be1e-1ca35fc3c62d','fc7d5d20-d902-4cea-ba75-2913a048754e','2022-12-22 22:33:16'),('a4ca4665-7337-4ea9-9a35-e8585815e898','61a828cd-768f-4264-80de-326e594526f8','cec328ec-cb1f-48f6-be1e-1ca35fc3c62d','fc7d5d20-d902-4cea-ba75-2913a048754e','2022-12-22 22:33:14'),('a76bcf15-f3da-4075-aae1-cd0d5fb6699f','61a828cd-768f-4264-80de-326e594526f8','cec328ec-cb1f-48f6-be1e-1ca35fc3c62d','fc7d5d20-d902-4cea-ba75-2913a048754e','2022-12-22 22:33:02'),('a799d8d7-cd98-4452-96fa-6e12e0af0372','61a828cd-768f-4264-80de-326e594526f8','184734ea-8be3-4f5a-ba6c-5f4b3c0603e8','b2ce14be-6976-43c7-9ec9-46b3adeaf371','2022-12-22 22:32:49'),('a81de334-519e-4705-aaff-ab1395818c84','61a828cd-768f-4264-80de-326e594526f8','cec328ec-cb1f-48f6-be1e-1ca35fc3c62d','fc7d5d20-d902-4cea-ba75-2913a048754e','2022-12-22 22:32:58'),('a99d2cc9-74b0-474e-9a4f-cab887dec93a','61a828cd-768f-4264-80de-326e594526f8','184734ea-8be3-4f5a-ba6c-5f4b3c0603e8','b2ce14be-6976-43c7-9ec9-46b3adeaf371','2022-12-22 22:33:15'),('aab88c5d-ab2b-4294-a5b2-bf3f84c0ebe8','61a828cd-768f-4264-80de-326e594526f8','cec328ec-cb1f-48f6-be1e-1ca35fc3c62d','fc7d5d20-d902-4cea-ba75-2913a048754e','2022-12-22 22:33:11'),('ab4ba428-81b1-4d1f-84d4-43f0d8707531','61a828cd-768f-4264-80de-326e594526f8','184734ea-8be3-4f5a-ba6c-5f4b3c0603e8','b2ce14be-6976-43c7-9ec9-46b3adeaf371','2022-12-22 22:32:47'),('ad0e9f29-8539-4e72-ac93-80c75e278da9','61a828cd-768f-4264-80de-326e594526f8','184734ea-8be3-4f5a-ba6c-5f4b3c0603e8','b2ce14be-6976-43c7-9ec9-46b3adeaf371','2022-12-22 22:33:31'),('ae175df3-85bd-4f9d-90c7-dd58bf40b929','61a828cd-768f-4264-80de-326e594526f8','cec328ec-cb1f-48f6-be1e-1ca35fc3c62d','fc7d5d20-d902-4cea-ba75-2913a048754e','2022-12-22 22:33:14'),('ae9f5080-d45d-4d30-af8e-dad398a85a30','61a828cd-768f-4264-80de-326e594526f8','184734ea-8be3-4f5a-ba6c-5f4b3c0603e8','b2ce14be-6976-43c7-9ec9-46b3adeaf371','2022-12-22 22:33:07'),('b0463cab-0243-453d-9e59-3e1acd3e6add','61a828cd-768f-4264-80de-326e594526f8','cec328ec-cb1f-48f6-be1e-1ca35fc3c62d','fc7d5d20-d902-4cea-ba75-2913a048754e','2022-12-22 22:32:45'),('b1667706-1c92-4a10-af1a-68a8e111c772','61a828cd-768f-4264-80de-326e594526f8','184734ea-8be3-4f5a-ba6c-5f4b3c0603e8','b2ce14be-6976-43c7-9ec9-46b3adeaf371','2022-12-22 22:33:07'),('b2871fb8-43d3-4308-ba19-f070a33f87bb','61a828cd-768f-4264-80de-326e594526f8','cec328ec-cb1f-48f6-be1e-1ca35fc3c62d','fc7d5d20-d902-4cea-ba75-2913a048754e','2022-12-22 22:33:14'),('b5d4361a-0eff-48b0-9cc7-af9ff45327f9','61a828cd-768f-4264-80de-326e594526f8','cec328ec-cb1f-48f6-be1e-1ca35fc3c62d','fc7d5d20-d902-4cea-ba75-2913a048754e','2022-12-22 22:33:19'),('b66b125f-99eb-4f36-b29b-db1cd8d07cd7','61a828cd-768f-4264-80de-326e594526f8','184734ea-8be3-4f5a-ba6c-5f4b3c0603e8','b2ce14be-6976-43c7-9ec9-46b3adeaf371','2022-12-22 22:33:23'),('b7407d13-6fe5-4911-b9e1-4e06e1084492','61a828cd-768f-4264-80de-326e594526f8','cec328ec-cb1f-48f6-be1e-1ca35fc3c62d','fc7d5d20-d902-4cea-ba75-2913a048754e','2022-12-22 22:32:40'),('b7efa1af-b6b7-49dd-bc61-db817e57d6c4','61a828cd-768f-4264-80de-326e594526f8','cec328ec-cb1f-48f6-be1e-1ca35fc3c62d','fc7d5d20-d902-4cea-ba75-2913a048754e','2022-12-22 22:32:52'),('b89841d1-42ce-4e01-b0ac-50d616dc433b','61a828cd-768f-4264-80de-326e594526f8','184734ea-8be3-4f5a-ba6c-5f4b3c0603e8','b2ce14be-6976-43c7-9ec9-46b3adeaf371','2022-12-22 22:33:10'),('b9bb055d-7ddb-4803-a013-2a8e076af87b','61a828cd-768f-4264-80de-326e594526f8','cec328ec-cb1f-48f6-be1e-1ca35fc3c62d','fc7d5d20-d902-4cea-ba75-2913a048754e','2022-12-22 22:33:09'),('bcb027f3-99da-41b5-9d28-f53ae3e05a2c','61a828cd-768f-4264-80de-326e594526f8','184734ea-8be3-4f5a-ba6c-5f4b3c0603e8','b2ce14be-6976-43c7-9ec9-46b3adeaf371','2022-12-22 22:33:08'),('bcf916b8-23ed-43c8-947b-5daeb6d8fcb1','61a828cd-768f-4264-80de-326e594526f8','cec328ec-cb1f-48f6-be1e-1ca35fc3c62d','fc7d5d20-d902-4cea-ba75-2913a048754e','2022-12-22 22:33:12'),('bd357b3c-2a97-4354-9035-420e8f72b690','61a828cd-768f-4264-80de-326e594526f8','cec328ec-cb1f-48f6-be1e-1ca35fc3c62d','fc7d5d20-d902-4cea-ba75-2913a048754e','2022-12-22 22:33:02'),('bda15503-5700-4524-8b41-bf34efb05df5','61a828cd-768f-4264-80de-326e594526f8','184734ea-8be3-4f5a-ba6c-5f4b3c0603e8','b2ce14be-6976-43c7-9ec9-46b3adeaf371','2022-12-22 22:32:33'),('bf176b3f-8528-42d1-a195-b07f44c69874','61a828cd-768f-4264-80de-326e594526f8','184734ea-8be3-4f5a-ba6c-5f4b3c0603e8','b2ce14be-6976-43c7-9ec9-46b3adeaf371','2022-12-22 22:32:56'),('c14b872c-306c-44e6-b98b-a4b6ad3d5e4d','61a828cd-768f-4264-80de-326e594526f8','184734ea-8be3-4f5a-ba6c-5f4b3c0603e8','b2ce14be-6976-43c7-9ec9-46b3adeaf371','2022-12-22 22:33:25'),('c15eb51c-0cae-4abc-b87f-9b58f1e42b63','61a828cd-768f-4264-80de-326e594526f8','184734ea-8be3-4f5a-ba6c-5f4b3c0603e8','b2ce14be-6976-43c7-9ec9-46b3adeaf371','2022-12-22 22:33:15'),('c1882916-e423-4709-b2f9-e60b846d8cc6','61a828cd-768f-4264-80de-326e594526f8','184734ea-8be3-4f5a-ba6c-5f4b3c0603e8','b2ce14be-6976-43c7-9ec9-46b3adeaf371','2022-12-22 22:32:38'),('c35555af-27ee-46a2-bf58-84642be2ab7c','61a828cd-768f-4264-80de-326e594526f8','cec328ec-cb1f-48f6-be1e-1ca35fc3c62d','fc7d5d20-d902-4cea-ba75-2913a048754e','2022-12-22 22:33:26'),('c3d7052b-7983-4b89-88a4-93a69173d473','61a828cd-768f-4264-80de-326e594526f8','184734ea-8be3-4f5a-ba6c-5f4b3c0603e8','b2ce14be-6976-43c7-9ec9-46b3adeaf371','2022-12-22 22:33:21'),('c4c12c91-c0bf-49e6-b892-fc3661089caf','61a828cd-768f-4264-80de-326e594526f8','184734ea-8be3-4f5a-ba6c-5f4b3c0603e8','b2ce14be-6976-43c7-9ec9-46b3adeaf371','2022-12-22 22:32:36'),('c5c1ec32-fd55-48c7-ab9a-022a6b2eef63','61a828cd-768f-4264-80de-326e594526f8','cec328ec-cb1f-48f6-be1e-1ca35fc3c62d','fc7d5d20-d902-4cea-ba75-2913a048754e','2022-12-22 22:33:09'),('c666f904-b879-41d5-92c8-313287f1b7ff','61a828cd-768f-4264-80de-326e594526f8','cec328ec-cb1f-48f6-be1e-1ca35fc3c62d','fc7d5d20-d902-4cea-ba75-2913a048754e','2022-12-22 22:32:52'),('c72a4b3a-3464-4ebb-aac8-b1ab04e499a2','61a828cd-768f-4264-80de-326e594526f8','184734ea-8be3-4f5a-ba6c-5f4b3c0603e8','b2ce14be-6976-43c7-9ec9-46b3adeaf371','2022-12-22 22:33:30'),('c74bc19e-bf10-4783-bb45-529f6ca2ca1a','61a828cd-768f-4264-80de-326e594526f8','cec328ec-cb1f-48f6-be1e-1ca35fc3c62d','fc7d5d20-d902-4cea-ba75-2913a048754e','2022-12-22 22:33:25'),('c9078fdf-d8f0-4110-83de-bd962699b1ff','61a828cd-768f-4264-80de-326e594526f8','cec328ec-cb1f-48f6-be1e-1ca35fc3c62d','fc7d5d20-d902-4cea-ba75-2913a048754e','2022-12-22 22:32:39'),('cd7f0628-1148-4df0-bbb1-568304852726','61a828cd-768f-4264-80de-326e594526f8','cec328ec-cb1f-48f6-be1e-1ca35fc3c62d','fc7d5d20-d902-4cea-ba75-2913a048754e','2022-12-22 22:33:17'),('cdb921e1-1ac8-468b-8dc6-9f76744ad8e3','61a828cd-768f-4264-80de-326e594526f8','184734ea-8be3-4f5a-ba6c-5f4b3c0603e8','b2ce14be-6976-43c7-9ec9-46b3adeaf371','2023-01-11 08:29:02'),('ce57d2c6-ad22-4dc0-81b2-4febd69cb2d7','61a828cd-768f-4264-80de-326e594526f8','cec328ec-cb1f-48f6-be1e-1ca35fc3c62d','fc7d5d20-d902-4cea-ba75-2913a048754e','2022-12-22 22:33:05'),('ce9017bb-73d5-4ca4-9953-4b14c1f4ffb9','61a828cd-768f-4264-80de-326e594526f8','184734ea-8be3-4f5a-ba6c-5f4b3c0603e8','b2ce14be-6976-43c7-9ec9-46b3adeaf371','2023-01-06 10:22:35'),('cfa9ffe1-f3a4-431a-80b6-0df80c3cbfab','61a828cd-768f-4264-80de-326e594526f8','cec328ec-cb1f-48f6-be1e-1ca35fc3c62d','fc7d5d20-d902-4cea-ba75-2913a048754e','2022-12-22 22:32:48'),('d0b14e07-b809-4419-855a-05dfacd7a458','61a828cd-768f-4264-80de-326e594526f8','cec328ec-cb1f-48f6-be1e-1ca35fc3c62d','fc7d5d20-d902-4cea-ba75-2913a048754e','2022-12-22 22:32:45'),('d1ff4141-94a1-4b6d-9120-f92aaae135ca','61a828cd-768f-4264-80de-326e594526f8','184734ea-8be3-4f5a-ba6c-5f4b3c0603e8','b2ce14be-6976-43c7-9ec9-46b3adeaf371','2022-12-22 22:33:13'),('d20e3d4d-cc21-4a4c-a22b-cf8d4984d731','61a828cd-768f-4264-80de-326e594526f8','184734ea-8be3-4f5a-ba6c-5f4b3c0603e8','b2ce14be-6976-43c7-9ec9-46b3adeaf371','2022-12-22 22:33:30'),('d308d94f-415d-4b75-b7fd-abd4238b8415','61a828cd-768f-4264-80de-326e594526f8','184734ea-8be3-4f5a-ba6c-5f4b3c0603e8','b2ce14be-6976-43c7-9ec9-46b3adeaf371','2023-01-06 10:23:46'),('d33f8bc7-31af-47fa-a12f-0e39eb43e044','61a828cd-768f-4264-80de-326e594526f8','cec328ec-cb1f-48f6-be1e-1ca35fc3c62d','fc7d5d20-d902-4cea-ba75-2913a048754e','2022-12-22 22:32:43'),('d3f80226-f791-4f7f-bda4-06e2129b795b','61a828cd-768f-4264-80de-326e594526f8','184734ea-8be3-4f5a-ba6c-5f4b3c0603e8','b2ce14be-6976-43c7-9ec9-46b3adeaf371','2022-12-22 22:32:43'),('d4fc365c-6220-44f2-b708-e538bb3f8840','61a828cd-768f-4264-80de-326e594526f8','184734ea-8be3-4f5a-ba6c-5f4b3c0603e8','b2ce14be-6976-43c7-9ec9-46b3adeaf371','2022-12-22 22:33:06'),('d5d53c5a-c299-42f0-aa80-60298bb33cf7','61a828cd-768f-4264-80de-326e594526f8','cec328ec-cb1f-48f6-be1e-1ca35fc3c62d','fc7d5d20-d902-4cea-ba75-2913a048754e','2022-12-22 22:33:29'),('d95e386a-d14d-418e-8056-dd436322a250','61a828cd-768f-4264-80de-326e594526f8','cec328ec-cb1f-48f6-be1e-1ca35fc3c62d','fc7d5d20-d902-4cea-ba75-2913a048754e','2022-12-22 22:32:33'),('d979d8c1-3168-4b62-bd4f-88a8ffccce1b','61a828cd-768f-4264-80de-326e594526f8','cec328ec-cb1f-48f6-be1e-1ca35fc3c62d','fc7d5d20-d902-4cea-ba75-2913a048754e','2022-12-22 22:33:20'),('d98efd5f-9323-48d7-8f7b-56d5b409b5fc','61a828cd-768f-4264-80de-326e594526f8','cec328ec-cb1f-48f6-be1e-1ca35fc3c62d','fc7d5d20-d902-4cea-ba75-2913a048754e','2022-12-22 22:32:54'),('da5bc105-068f-4281-ad37-5f0c689e79fc','61a828cd-768f-4264-80de-326e594526f8','184734ea-8be3-4f5a-ba6c-5f4b3c0603e8','b2ce14be-6976-43c7-9ec9-46b3adeaf371','2022-12-22 22:33:10'),('da704b70-dd45-432b-91dc-6fa8a7a4c56d','61a828cd-768f-4264-80de-326e594526f8','cec328ec-cb1f-48f6-be1e-1ca35fc3c62d','fc7d5d20-d902-4cea-ba75-2913a048754e','2022-12-22 22:32:35'),('dab63e70-44aa-4764-afe2-15e7f344f5ea','61a828cd-768f-4264-80de-326e594526f8','184734ea-8be3-4f5a-ba6c-5f4b3c0603e8','b2ce14be-6976-43c7-9ec9-46b3adeaf371','2022-12-22 22:32:49'),('db47492c-393a-49ba-968e-e4f2325afb65','61a828cd-768f-4264-80de-326e594526f8','cec328ec-cb1f-48f6-be1e-1ca35fc3c62d','fc7d5d20-d902-4cea-ba75-2913a048754e','2022-12-22 22:33:27'),('db631d19-cc0b-4b7d-aabb-a1777f110363','61a828cd-768f-4264-80de-326e594526f8','184734ea-8be3-4f5a-ba6c-5f4b3c0603e8','b2ce14be-6976-43c7-9ec9-46b3adeaf371','2022-12-22 22:33:02'),('dcf5b41d-160d-4859-a7b6-b6befe21ad07','61a828cd-768f-4264-80de-326e594526f8','184734ea-8be3-4f5a-ba6c-5f4b3c0603e8','b2ce14be-6976-43c7-9ec9-46b3adeaf371','2023-01-06 10:23:46'),('de1bd182-3ebf-4c1b-87a8-ebaab6923fd3','61a828cd-768f-4264-80de-326e594526f8','184734ea-8be3-4f5a-ba6c-5f4b3c0603e8','b2ce14be-6976-43c7-9ec9-46b3adeaf371','2022-12-22 22:32:50'),('df014273-c364-44c7-af52-b4e3096d068d','61a828cd-768f-4264-80de-326e594526f8','cec328ec-cb1f-48f6-be1e-1ca35fc3c62d','fc7d5d20-d902-4cea-ba75-2913a048754e','2022-12-22 22:32:38'),('df600ff4-5ecd-46b8-bea5-7a8c42607474','61a828cd-768f-4264-80de-326e594526f8','cec328ec-cb1f-48f6-be1e-1ca35fc3c62d','fc7d5d20-d902-4cea-ba75-2913a048754e','2022-12-22 22:33:23'),('df991dcc-fc4b-4e7d-b18d-f6da713a3d29','61a828cd-768f-4264-80de-326e594526f8','184734ea-8be3-4f5a-ba6c-5f4b3c0603e8','b2ce14be-6976-43c7-9ec9-46b3adeaf371','2022-12-22 22:32:40'),('dfd12edd-23dd-4860-96dc-d93ec7e81774','61a828cd-768f-4264-80de-326e594526f8','184734ea-8be3-4f5a-ba6c-5f4b3c0603e8','b2ce14be-6976-43c7-9ec9-46b3adeaf371','2022-12-22 22:32:37'),('e06686ec-5048-4f10-be04-9ea7ae654f76','61a828cd-768f-4264-80de-326e594526f8','184734ea-8be3-4f5a-ba6c-5f4b3c0603e8','b2ce14be-6976-43c7-9ec9-46b3adeaf371','2023-01-06 10:23:45'),('e0ff4d47-7a6b-42f4-815d-6f3717788e08','61a828cd-768f-4264-80de-326e594526f8','184734ea-8be3-4f5a-ba6c-5f4b3c0603e8','b2ce14be-6976-43c7-9ec9-46b3adeaf371','2022-12-22 22:33:17'),('e1ff7c50-866a-4ced-bb48-b083ff65d228','61a828cd-768f-4264-80de-326e594526f8','cec328ec-cb1f-48f6-be1e-1ca35fc3c62d','fc7d5d20-d902-4cea-ba75-2913a048754e','2022-12-22 22:33:23'),('e3dc6998-86dd-489c-ac86-e8afe82ab404','61a828cd-768f-4264-80de-326e594526f8','184734ea-8be3-4f5a-ba6c-5f4b3c0603e8','b2ce14be-6976-43c7-9ec9-46b3adeaf371','2022-12-22 22:32:55'),('e3e10001-7b2a-46ec-9a8a-fb3ee1dc029c','61a828cd-768f-4264-80de-326e594526f8','184734ea-8be3-4f5a-ba6c-5f4b3c0603e8','b2ce14be-6976-43c7-9ec9-46b3adeaf371','2022-12-22 22:33:27'),('e4e3e783-64a7-497a-991c-428639f6cecb','61a828cd-768f-4264-80de-326e594526f8','cec328ec-cb1f-48f6-be1e-1ca35fc3c62d','fc7d5d20-d902-4cea-ba75-2913a048754e','2022-12-22 22:33:00'),('e5c133f2-8752-4225-b72e-62779c728f41','61a828cd-768f-4264-80de-326e594526f8','cec328ec-cb1f-48f6-be1e-1ca35fc3c62d','fc7d5d20-d902-4cea-ba75-2913a048754e','2022-12-22 22:32:52'),('e77d3025-572c-4204-b9ff-8df9936f8676','61a828cd-768f-4264-80de-326e594526f8','184734ea-8be3-4f5a-ba6c-5f4b3c0603e8','b2ce14be-6976-43c7-9ec9-46b3adeaf371','2022-12-22 22:33:03'),('e8e58de7-4e88-456f-8b6b-026a5c11e732','61a828cd-768f-4264-80de-326e594526f8','cec328ec-cb1f-48f6-be1e-1ca35fc3c62d','fc7d5d20-d902-4cea-ba75-2913a048754e','2022-12-22 22:32:46'),('e94a751c-d97b-4bbf-b449-d8ba3a309057','61a828cd-768f-4264-80de-326e594526f8','cec328ec-cb1f-48f6-be1e-1ca35fc3c62d','fc7d5d20-d902-4cea-ba75-2913a048754e','2022-12-22 22:32:48'),('ec43b0dd-8c69-43a4-a0bd-7cb5082644be','61a828cd-768f-4264-80de-326e594526f8','184734ea-8be3-4f5a-ba6c-5f4b3c0603e8','b2ce14be-6976-43c7-9ec9-46b3adeaf371','2022-12-22 22:32:59'),('eca4d650-ed76-4f78-b8da-61cb0e6e27f0','61a828cd-768f-4264-80de-326e594526f8','cec328ec-cb1f-48f6-be1e-1ca35fc3c62d','fc7d5d20-d902-4cea-ba75-2913a048754e','2022-12-22 22:33:04'),('ecacb539-1842-4e4c-96e9-99edbb4b75d7','61a828cd-768f-4264-80de-326e594526f8','cec328ec-cb1f-48f6-be1e-1ca35fc3c62d','fc7d5d20-d902-4cea-ba75-2913a048754e','2022-12-22 22:32:54'),('ecd25ef0-de3e-4225-a22d-4e5b1d9e681d','61a828cd-768f-4264-80de-326e594526f8','cec328ec-cb1f-48f6-be1e-1ca35fc3c62d','fc7d5d20-d902-4cea-ba75-2913a048754e','2022-12-22 22:33:13'),('ee25c55b-9951-44d5-abc8-800453e849be','61a828cd-768f-4264-80de-326e594526f8','184734ea-8be3-4f5a-ba6c-5f4b3c0603e8','b2ce14be-6976-43c7-9ec9-46b3adeaf371','2022-12-22 22:33:28'),('ef2f8770-131e-41fa-aa15-3c263886a139','61a828cd-768f-4264-80de-326e594526f8','cec328ec-cb1f-48f6-be1e-1ca35fc3c62d','fc7d5d20-d902-4cea-ba75-2913a048754e','2022-12-22 22:32:42'),('ef4e4920-98df-4332-b6b8-907fd1ec151e','61a828cd-768f-4264-80de-326e594526f8','184734ea-8be3-4f5a-ba6c-5f4b3c0603e8','b2ce14be-6976-43c7-9ec9-46b3adeaf371','2022-12-22 22:32:52'),('ef8a2c67-7888-44e3-9629-4d07ed35a4ae','61a828cd-768f-4264-80de-326e594526f8','184734ea-8be3-4f5a-ba6c-5f4b3c0603e8','b2ce14be-6976-43c7-9ec9-46b3adeaf371','2022-12-22 22:32:48'),('f1ee80ff-4544-49fc-ae58-4c517df24ba3','61a828cd-768f-4264-80de-326e594526f8','cec328ec-cb1f-48f6-be1e-1ca35fc3c62d','fc7d5d20-d902-4cea-ba75-2913a048754e','2022-12-22 22:32:39'),('f397ac45-ecc3-4535-a4db-d60295894511','61a828cd-768f-4264-80de-326e594526f8','184734ea-8be3-4f5a-ba6c-5f4b3c0603e8','b2ce14be-6976-43c7-9ec9-46b3adeaf371','2022-12-22 22:33:02'),('f40b212d-32bf-4bb6-93a3-8177be7d79bb','61a828cd-768f-4264-80de-326e594526f8','184734ea-8be3-4f5a-ba6c-5f4b3c0603e8','b2ce14be-6976-43c7-9ec9-46b3adeaf371','2022-12-22 22:33:24'),('f69d9c15-f763-4f1a-b84d-8bc206dcd886','61a828cd-768f-4264-80de-326e594526f8','184734ea-8be3-4f5a-ba6c-5f4b3c0603e8','b2ce14be-6976-43c7-9ec9-46b3adeaf371','2022-12-22 22:32:50'),('f6b1e332-e9b2-4f08-b0ad-61b9bed18ac7','61a828cd-768f-4264-80de-326e594526f8','184734ea-8be3-4f5a-ba6c-5f4b3c0603e8','b2ce14be-6976-43c7-9ec9-46b3adeaf371','2022-12-22 22:33:20'),('f882dba0-25c4-4839-ba6b-fb549685314f','61a828cd-768f-4264-80de-326e594526f8','cec328ec-cb1f-48f6-be1e-1ca35fc3c62d','fc7d5d20-d902-4cea-ba75-2913a048754e','2022-12-22 22:32:51'),('f8af1816-6ab5-4a44-a9ab-92217bbd72b8','61a828cd-768f-4264-80de-326e594526f8','184734ea-8be3-4f5a-ba6c-5f4b3c0603e8','b2ce14be-6976-43c7-9ec9-46b3adeaf371','2022-12-22 22:33:18'),('f9f73fd5-43d2-4c1d-ae95-de69d5a61f9d','61a828cd-768f-4264-80de-326e594526f8','184734ea-8be3-4f5a-ba6c-5f4b3c0603e8','b2ce14be-6976-43c7-9ec9-46b3adeaf371','2023-01-06 10:22:35'),('fcc998f6-256e-4a8c-90d3-7dfb9ff12f85','61a828cd-768f-4264-80de-326e594526f8','cec328ec-cb1f-48f6-be1e-1ca35fc3c62d','fc7d5d20-d902-4cea-ba75-2913a048754e','2022-12-22 22:32:49'),('fe2f16d7-1ccb-4c14-a3ef-1713ef948cc3','61a828cd-768f-4264-80de-326e594526f8','184734ea-8be3-4f5a-ba6c-5f4b3c0603e8','b2ce14be-6976-43c7-9ec9-46b3adeaf371','2022-12-22 22:33:28'),('fe86c690-e1cf-4761-a4a0-610000f8e7aa','61a828cd-768f-4264-80de-326e594526f8','184734ea-8be3-4f5a-ba6c-5f4b3c0603e8','b2ce14be-6976-43c7-9ec9-46b3adeaf371','2022-12-22 22:32:34'),('fed97d43-63d2-4ef5-aa4d-bcd77b47b8a9','61a828cd-768f-4264-80de-326e594526f8','cec328ec-cb1f-48f6-be1e-1ca35fc3c62d','fc7d5d20-d902-4cea-ba75-2913a048754e','2022-12-22 22:32:35'),('ffe48a5e-fb35-43d7-9908-27431ea8678f','61a828cd-768f-4264-80de-326e594526f8','cec328ec-cb1f-48f6-be1e-1ca35fc3c62d','fc7d5d20-d902-4cea-ba75-2913a048754e','2022-12-22 22:32:40');
/*!40000 ALTER TABLE `secret_accesses` ENABLE KEYS */;
UNLOCK TABLES;

--
-- Table structure for table `secrets`
--

DROP TABLE IF EXISTS `secrets`;
/*!40101 SET @saved_cs_client     = @@character_set_client */;
/*!40101 SET character_set_client = utf8 */;
CREATE TABLE `secrets` (
  `id` char(36) CHARACTER SET ascii COLLATE ascii_general_ci NOT NULL,
  `user_id` char(36) CHARACTER SET ascii COLLATE ascii_general_ci NOT NULL,
  `resource_id` char(36) CHARACTER SET ascii COLLATE ascii_general_ci NOT NULL,
  `data` mediumtext NOT NULL,
  `created` datetime NOT NULL,
  `modified` datetime NOT NULL,
  PRIMARY KEY (`id`),
  KEY `resource_id` (`resource_id`),
  KEY `user_id` (`user_id`,`resource_id`)
) ENGINE=InnoDB DEFAULT CHARSET=utf8mb4 COLLATE=utf8mb4_unicode_ci;
/*!40101 SET character_set_client = @saved_cs_client */;

--
-- Dumping data for table `secrets`
--

LOCK TABLES `secrets` WRITE;
/*!40000 ALTER TABLE `secrets` DISABLE KEYS */;
INSERT INTO `secrets` VALUES ('b2ce14be-6976-43c7-9ec9-46b3adeaf371','61a828cd-768f-4264-80de-326e594526f8','184734ea-8be3-4f5a-ba6c-5f4b3c0603e8','-----BEGIN PGP MESSAGE-----\n\nwcDMAxV3psWfPwMLAQv/R9QEFZQXByEhDrvArfJH+VI4gtf3gsXLjXRnRSRm\nKncav3Gw+yix625Q2YdDBZH9cLbrAAguUMXOVPlAzmcs7srlTmoLZ79CbLvw\nXZo2MqMX6H8BwnmkfoZlI15OOPw8yM2yg3z/4v1m5zSAiWFr/Ry23b93Rt6/\n5kQ2GlGIt8zP/ynD1aAwbKRywH5TrWQtYh8sLiLjXi2EcItQYnMmPK48C8oE\n/Hj7nFxDe26QtrkHUph4QvmVU9T5KkGiXUL4ua4o++c9ZiCmpoWrCxBNPJzc\nrksjyV8rayty24nkrtzky7e92dVO71yc9TBbQkJTu7dTmaK+bQUNAikrSP58\nw5TokZQHQjb09UHk8loW/lW+G7jsdZOd/rA+NVDQcBHmpvu7X/HI5M/7d2XF\nUCptUW3j0ZSxSuryojlgWbUWb8WS70LTRw6fWhnKhTGASbwrP2Gm0lks5Vof\nFK/ZSSfK4DP5/bLcFF+FDekKbLuqTkptZb/IG/+8M19CQSNgvzMF0sFbAQT0\nqaro66XWvr3I1wTIIEGnJBztBJMKDt2Th+nfoJbxs5Re3qBuL72l36D7pXlE\nvh0C7M+JfXdyI1UqEanZuYiCRRn8oZU6hzdPjosXMC/egum1M/8U+DeyslGf\nqwMJB67T2mw4dHutwdApi5Ldx8T8ZGWAb+2SX/XtzXPMQciQAERAGGRXbEpM\numyL/yRkw7+av3EKjwEmdaaphetqUG6MFFUTiEQGGHEJ5hA4tJCEqfJCrgJ/\nVqospW59/533TFkdDrHscf+c8WcGFZ9a5vIXBsjuKH02+Q1jeu7EowmX3d8f\nhECmXFd+mIwytx+4GRfaJdOa8wndb6516kelsA0JrKRmOcvv9i1IepVH51+n\nJn2YI1Wg4hpsSe4+1NRvqOXqSoUAcxrSAhoOTjDlQ08uzt3e0UeLB+4goaS6\nQXv1UyhOHxc+TjO5ugd64SPekX5pPcVD7LwAuJtiE82pgowfrIU2xvu7Sbv4\n8VrQSdl9BYl5u4Tcw3vBGP1FOmZmO5LOyguUABpV5jvU+ZogFHiLVGBWb+6d\nzVEdodTl9rHsq0wvVTq/ERYCJL2xp1QR0mE+gxsbbY8xZFtK8Yq19UC+k9Cu\nT42cb9NhQNBLZx0QNtOa99pPiybxHjiAofJTUG9X1SVznf8yoj6aTFOCi+lN\nZyr0YN0FaC1cmKoxD98BaJClQph5p3hgH3Ymfw1Uwh0KVqkLihZdetY=\n=8+eh\n-----END PGP MESSAGE-----\n','2022-12-22 22:27:17','2022-12-22 22:27:17'),('fc7d5d20-d902-4cea-ba75-2913a048754e','61a828cd-768f-4264-80de-326e594526f8','cec328ec-cb1f-48f6-be1e-1ca35fc3c62d','-----BEGIN PGP MESSAGE-----\n\nwcDMAxV3psWfPwMLAQwAngUDqA2zFHcS27xw2Fznwk5RalKYXLVTS6pkf7HN\nLtbEZ741UfHT/iFtjZrQOL0F9kMSqSn9m1aewlGXIcqdCckyqbY/ra80goBs\nCJdY+xBS3NzEXj/ywafBbd1hEZhLV/2GUPgySDQmHfSj9uubzRsXE+11aLvQ\nEwLxZDdycbRr7j0xAcfAFJ7Q4agm0g7uXF2An/cPxGgHIQQMZVJa7Ez8okmV\nF4xuqBcvZJR9W8qYau2xo+19JJjkZWO5hsuhf7emucbhKOk3uhEoKbnpWQ7O\noDOBqLvLJMlMq5oTACJ9l71HQFZnNITxf4iKztFcs6isxdVSjDmOQdRzHQz3\nglMapejugbhSzF5RYbA/JcElQapIo95m/tC/Bth9kREeFe/8Fet3S2IuspQT\nnJFC1pBLNZN+5bVfD/1cG4OXDldTzym9i+MoqFKId2U13c0cHO/Ea2uwPq3U\n7GYwwgDLWtLcL60XElNNUmtNF9G351Xh71Wp2l/iTrXXuiUzm9oh0sFbAVAH\nYtYOUc8c/AgXRg6USAsGGsabB66myI6qeL89FCSiCRaAgAhRx7h8L7eXGnmC\n4tJpVXMd38nHgou7QDAPoQsKyOfpE8tQtzLk6bYMf6jl7niKeRYa2+ZehUM6\na7pV2IqvN/hB6se9EoZM9TT7jYlbYBAosRsB7P6+XdWdTUq2wWyWx7anCT2o\nHmB2NSpYRiibFli8ItNZD3quWXGlbf+G3/m+ifLPucLZC2h9utkYefw8yBcb\nBE+t/AIj7sTFGrbysQxF871emD01wwCeV5yw/hX5cJnP9FWOxZIVMEXn+TZz\nURV6Z7Cb95hY/bbF+feMfbFfbXX/rt7BvykzO/K0t2XnMyqZuqtiZPkTLzqD\n3KMiSLU2r1ZGVFcrtJsaA/36soL/enI7apqiergZaXw/kvejdKkhiP+kBxnX\np4mOfBk+cUiTLJ27ShtKoqhzAaGMlQVM/eNjlzRoBCjuVx90g+bL/nlbmHSC\nfXOpzftgr2KaeBQpggiRyWTMISWfynTiMFALZjP1OADTU2x0EOwqo2j1bxTv\nZputJwZayqJldDEtLRZdqwTnC+/zmyB9kMPB7/gPwr4yVb8F0pX7ZHCt3erF\nPCmKnZbG9FphkfMq0vbFeT6QS2+0SNUUajCzu8p5D5zEjKnPEw2IqBDMrnva\nRKQPr27uA3qzSPZPvnxvJjMArzGD8qp5IzUr4N2u0LO4X3jU7w/r2/o=\n=zqw4\n-----END PGP MESSAGE-----\n','2022-12-22 22:28:43','2022-12-22 22:28:43');
/*!40000 ALTER TABLE `secrets` ENABLE KEYS */;
UNLOCK TABLES;

--
-- Table structure for table `secrets_history`
--

DROP TABLE IF EXISTS `secrets_history`;
/*!40101 SET @saved_cs_client     = @@character_set_client */;
/*!40101 SET character_set_client = utf8 */;
CREATE TABLE `secrets_history` (
  `id` char(36) CHARACTER SET ascii COLLATE ascii_general_ci NOT NULL,
  `user_id` char(36) CHARACTER SET ascii COLLATE ascii_general_ci NOT NULL,
  `resource_id` char(36) CHARACTER SET ascii COLLATE ascii_general_ci NOT NULL,
  PRIMARY KEY (`id`),
  KEY `id` (`id`),
  KEY `user_id` (`user_id`,`resource_id`),
  KEY `resource_id` (`resource_id`),
  KEY `user_id_2` (`user_id`)
) ENGINE=InnoDB DEFAULT CHARSET=utf8mb4 COLLATE=utf8mb4_unicode_ci;
/*!40101 SET character_set_client = @saved_cs_client */;

--
-- Dumping data for table `secrets_history`
--

LOCK TABLES `secrets_history` WRITE;
/*!40000 ALTER TABLE `secrets_history` DISABLE KEYS */;
/*!40000 ALTER TABLE `secrets_history` ENABLE KEYS */;
UNLOCK TABLES;

--
-- Table structure for table `transfers`
--

DROP TABLE IF EXISTS `transfers`;
/*!40101 SET @saved_cs_client     = @@character_set_client */;
/*!40101 SET character_set_client = utf8 */;
CREATE TABLE `transfers` (
  `id` char(36) CHARACTER SET ascii COLLATE ascii_general_ci NOT NULL,
  `user_id` char(36) CHARACTER SET ascii COLLATE ascii_general_ci NOT NULL,
  `authentication_token_id` char(36) CHARACTER SET ascii COLLATE ascii_general_ci NOT NULL,
  `current_page` smallint(6) NOT NULL,
  `total_pages` smallint(6) NOT NULL,
  `status` varchar(16) CHARACTER SET ascii COLLATE ascii_general_ci NOT NULL,
  `hash` char(128) CHARACTER SET ascii COLLATE ascii_general_ci NOT NULL,
  `created` datetime NOT NULL,
  `modified` datetime NOT NULL,
  PRIMARY KEY (`id`),
  UNIQUE KEY `id` (`id`)
) ENGINE=InnoDB DEFAULT CHARSET=utf8mb4 COLLATE=utf8mb4_unicode_ci;
/*!40101 SET character_set_client = @saved_cs_client */;

--
-- Dumping data for table `transfers`
--

LOCK TABLES `transfers` WRITE;
/*!40000 ALTER TABLE `transfers` DISABLE KEYS */;
/*!40000 ALTER TABLE `transfers` ENABLE KEYS */;
UNLOCK TABLES;

--
-- Table structure for table `user_agents`
--

DROP TABLE IF EXISTS `user_agents`;
/*!40101 SET @saved_cs_client     = @@character_set_client */;
/*!40101 SET character_set_client = utf8 */;
CREATE TABLE `user_agents` (
  `id` char(36) CHARACTER SET ascii COLLATE ascii_general_ci NOT NULL,
  `name` varchar(512) DEFAULT NULL,
  PRIMARY KEY (`id`)
) ENGINE=InnoDB DEFAULT CHARSET=utf8mb4 COLLATE=utf8mb4_unicode_ci;
/*!40101 SET character_set_client = @saved_cs_client */;

--
-- Dumping data for table `user_agents`
--

LOCK TABLES `user_agents` WRITE;
/*!40000 ALTER TABLE `user_agents` DISABLE KEYS */;
/*!40000 ALTER TABLE `user_agents` ENABLE KEYS */;
UNLOCK TABLES;

--
-- Table structure for table `users`
--

DROP TABLE IF EXISTS `users`;
/*!40101 SET @saved_cs_client     = @@character_set_client */;
/*!40101 SET character_set_client = utf8 */;
CREATE TABLE `users` (
  `id` char(36) CHARACTER SET ascii COLLATE ascii_general_ci NOT NULL,
  `role_id` char(36) CHARACTER SET ascii COLLATE ascii_general_ci NOT NULL,
  `username` varchar(255) NOT NULL,
  `active` tinyint(1) NOT NULL DEFAULT 0,
  `deleted` tinyint(1) NOT NULL DEFAULT 0,
  `created` datetime NOT NULL,
  `modified` datetime NOT NULL,
  PRIMARY KEY (`id`),
  KEY `deleted` (`deleted`)
) ENGINE=InnoDB DEFAULT CHARSET=utf8mb4 COLLATE=utf8mb4_unicode_ci;
/*!40101 SET character_set_client = @saved_cs_client */;

--
-- Dumping data for table `users`
--

LOCK TABLES `users` WRITE;
/*!40000 ALTER TABLE `users` DISABLE KEYS */;
INSERT INTO `users` VALUES ('61a828cd-768f-4264-80de-326e594526f8','b663cbac-19b1-4142-bf60-9910a8c4ca1f','user.example@mydomain.local',1,0,'2022-12-22 22:16:44','2022-12-22 22:17:54');
/*!40000 ALTER TABLE `users` ENABLE KEYS */;
UNLOCK TABLES;
/*!40103 SET TIME_ZONE=@OLD_TIME_ZONE */;

/*!40101 SET SQL_MODE=@OLD_SQL_MODE */;
/*!40014 SET FOREIGN_KEY_CHECKS=@OLD_FOREIGN_KEY_CHECKS */;
/*!40014 SET UNIQUE_CHECKS=@OLD_UNIQUE_CHECKS */;
/*!40101 SET CHARACTER_SET_CLIENT=@OLD_CHARACTER_SET_CLIENT */;
/*!40101 SET CHARACTER_SET_RESULTS=@OLD_CHARACTER_SET_RESULTS */;
/*!40101 SET COLLATION_CONNECTION=@OLD_COLLATION_CONNECTION */;
/*!40111 SET SQL_NOTES=@OLD_SQL_NOTES */;

-- Dump completed on 2023-01-20 14:30:17
